,PC1,PC2,PC3,PC4,PC5,PC6,PC7,PC8,Date
64,-7.08916905548532,-6.142043957364551,3.9422469372983366,4.351961351131521,-0.7191500102128137,5.385367501179266,2.900606718058842,-1.7198096696022134,2008-01-18
65,-7.806912205983884,-8.29790709457042,-0.47942227892202754,4.231768229343914,-0.8815736620187059,5.224882156597735,2.539118670009694,-1.831530176860039,2008-01-22
66,-5.702321552385899,-4.05854624197093,8.267062101895743,4.241111196779721,0.2937183010840462,4.435351401107916,2.6707433458302896,-1.7906756832461246,2008-01-23
67,-5.071765282529078,-3.9237502788206955,5.32780513506755,4.858079551794059,-1.508188976233899,5.925506453896201,1.883964963235368,-1.804954519716989,2008-01-24
68,-6.138392780663676,-5.766821173844971,2.15849421269855,4.615113986059319,-1.3516616493580549,5.695461454747599,2.3497608130641523,-1.8346283569655468,2008-01-25
69,-4.80898126285562,-3.820474585886398,4.558623383758464,4.778629722945478,-1.8615660590811944,6.113607798097658,1.7893852295314014,-2.451258054158636,2008-01-28
70,-4.319873586310137,-3.663330040565778,3.858925580370815,4.760285487160855,-1.5710722860727535,3.9244779930258455,2.7702745266393545,-0.7440603343093228,2008-01-29
71,-4.600393724430058,-4.429545731541974,2.0761455274446425,4.947978675840998,-1.9616817088156322,5.2531447154032325,1.9831540215741086,-1.6857294335381972,2008-01-30
72,-3.5690122625408063,-3.049214817854129,3.6598784181076955,4.6364742037338535,-1.298375149466946,2.6525663959440733,2.9130792182327365,-0.9104461861098458,2008-01-31
73,-3.090650102237439,-3.007510925248204,2.3241419526778664,4.3777515387517445,-1.1188733027487092,0.9435620253710092,3.1848282611126266,-1.5536261365314956,2008-02-01
74,-3.268508904730422,-4.206329299473484,-0.5428252980897745,4.777709511024296,-1.4366614833309446,1.9209600296152711,2.763862227583953,-1.1157820233956088,2008-02-04
75,-5.039211275278185,-6.6462780107770065,-3.4650860529781844,4.510615112181089,-0.5459904755145845,0.6263175778756149,3.1590772621686947,-1.0021791724248903,2008-02-05
76,-5.090009439855426,-5.968150163915339,-1.5991134400337328,4.6128595430777235,-0.6567014088097658,2.37685348313179,2.2418143004270448,-2.061956596331497,2008-02-06
77,-3.8861974327006465,-3.3264377498035147,3.9574062719671286,4.89627573244916,0.47744370530984614,1.022893010606839,2.55097278235737,-1.2965757275384067,2008-02-07
78,-3.814150201895998,-3.2525075892703015,3.5620485597856724,5.043530425803968,-0.30079206731537356,3.431167941493902,1.89809811217918,-2.6626410540496614,2008-02-08
79,-3.7276261683165837,-3.590349573400413,2.0950072759888396,5.030489998307447,-0.6007296165847459,3.221874097662969,2.319239435655401,-1.993106321099446,2008-02-11
80,-2.8624773308927,-3.0699798436787,1.5227104930221127,5.066480890104195,-0.4427733525783515,1.1523783416811368,2.8207978127547437,-0.9178863608453709,2008-02-12
81,-1.8433248112040055,-1.6067507834048629,4.185817169978237,5.194790392769587,0.015483365294658491,1.1237094971962869,2.9461842083566183,-0.5891654518922466,2008-02-13
82,-2.2503102126808656,-2.597412739778571,1.8904716189316864,5.389620591079529,-0.8939289070099096,2.255046434644937,2.4527933302293756,-0.5321351466479733,2008-02-14
83,-2.0302408266558882,-2.5677089862826077,1.4429448931459141,5.056799231039508,-0.8771307416192128,1.6315301013300878,2.8260807350711517,-0.6108980997778546,2008-02-15
84,-0.7621810624958029,-1.4724231399247931,1.4051096249478066,5.5893939721636,-2.3027163706521763,3.0392810805626036,2.0287185618694927,-1.1377633959590034,2008-02-19
85,-0.5732771887887554,-1.0423886083576615,2.2449518745432337,5.430331051741701,-2.1359913711045704,2.5541065374685177,2.4170866061118845,-0.9150129872083586,2008-02-20
86,-1.357821875702141,-2.858811311871167,-1.8508092148309618,5.4942383190428,-2.920981760688061,2.67198656660553,2.300218938814107,-1.0418457676234574,2008-02-21
87,-0.40565661801477193,-1.027003213800115,2.0655997642597246,5.663628247695299,-2.7664185683656375,3.5290379972317707,2.2231703030053436,-0.7576744973252314,2008-02-22
88,0.3861960332120694,-0.8800980367721023,1.934183177320755,5.677036349971231,-2.086793410957282,1.6632733342264228,3.2035385068528557,0.5115061180450097,2008-02-25
89,1.3547619968830622,0.5692461970091445,4.106570377995722,5.793121151866586,-2.799107430493457,3.0005249028043126,2.580607993342846,-0.5578396226120382,2008-02-26
90,0.8068316985596976,-1.4010775766064842,-0.31710719131722975,5.799151872902809,-3.339892329476075,2.992678358544187,2.2845994933649334,-0.03534499350692871,2008-02-27
91,0.013178025386346402,-2.1627529571906083,-1.5120738975630568,5.747617755993625,-4.3040223063738035,4.859145001391684,2.1504625624359215,-0.5635975170924855,2008-02-28
92,-2.1847561234655286,-4.865057802390812,-4.594442609167423,5.371527948349563,-3.9035069226258283,4.314142489502706,2.648428078795048,0.38281184433912163,2008-02-29
93,-1.7038065797259423,-2.5728744422609404,2.1290661507625117,5.593310590792615,-3.2608620381132054,6.090713219399324,2.4939207626163715,0.46324790147930806,2008-03-03
94,-2.286290489351175,-3.882554071178068,0.28022492830075113,5.405744236819862,-2.0875075085164747,3.771873148404834,3.426777906577868,2.0520167949567543,2008-03-04
95,-1.007335587957287,-1.106999925802601,4.811607232512055,5.868775928658011,-3.1265089756659554,6.789645085390557,1.8581692993592611,-0.2367618772702666,2008-03-05
96,-2.2823248680921773,-4.711426104103321,-3.2491028290389563,5.589254606336699,-3.867260507895562,5.470175096543054,2.6987566740189264,1.3165713999095776,2008-03-06
97,-2.2132737332975907,-3.821257075336275,0.40968615488462773,5.39669933742352,-2.993608783119076,5.042712706081151,2.8787531360429175,0.8826831360052096,2008-03-07
98,-3.488847831838031,-5.44100875490664,-1.7377969247829892,5.05557034253861,-3.5037353108369587,6.107858104693193,3.113987531914845,0.8784651320878758,2008-03-10
99,-0.4158199531787894,0.6619534853157978,10.382736382243891,5.071834264877414,-1.7172630771171025,4.381283645178035,3.4022760834380033,0.5790891580613897,2008-03-11
100,-2.211244373188955,-3.083777142008349,-0.018440146653800053,4.94422807969964,-4.561029657512521,6.645552511239925,2.2297682735686988,-1.0136451980877306,2008-03-12
101,-1.3789900640063115,-1.4903856382738288,3.6485435741063705,5.099401212942595,-3.771111704712677,6.473648669265166,2.4465051448405375,-0.027997115327472122,2008-03-13
102,-3.8726958696061065,-5.91639178140791,-5.697477451978763,4.538400539743762,-4.694380161684306,5.928221239016229,2.703861177183276,0.8375032549803573,2008-03-14
103,-4.645489625720041,-4.837340310151397,-0.20582449011990983,4.2242771091970885,-3.4509401073015176,7.002517313179439,2.3173166208445393,0.0445896572334962,2008-03-17
104,-1.2613112873732837,1.330912132651872,9.158632178745359,3.8610531465393803,-2.1559826698944007,2.8815553399854035,3.583320173767602,1.3088056289518046,2008-03-18
105,-4.452295813134859,-4.510955355571319,-2.3243349661512056,3.3031454274151755,-2.4185694623986542,2.1256538691011326,3.2450774159494946,0.9807152159935355,2008-03-19
106,-3.128650890900351,-1.4297851027645567,3.5989658652327665,2.9127264117815104,-0.9998801019169127,-0.45474694875988625,3.7806386140734207,0.9910966010190505,2008-03-20
107,-2.3893306585327574,-0.5470741987485808,2.705334694292552,3.0162154104823897,-1.6362087350102361,-1.7905191841403014,3.3408681176349204,1.5006557619603114,2008-03-24
108,-2.54730491060777,0.4040257621530678,4.025783968058902,3.2256729384668117,-3.3213236089070657,3.2594906251801063,1.0794058587587225,-1.7200939620681566,2008-03-25
109,-3.051951669137944,-0.10821886522108778,1.9241800340135746,3.249530304539896,-4.423200846012705,3.7725392695023126,1.4502922519511343,-0.1717933638479178,2008-03-26
110,-3.7115275693227243,-1.305096394943382,-0.18126792253654284,3.037516029011555,-3.858472486767474,1.8998340995455232,2.3715325025829377,1.7345076944246096,2008-03-27
111,-4.5802891132920145,-2.756454735852661,-3.4245584560438824,2.663486047864236,-3.785619867335435,0.8838258247817874,2.9351594483184464,1.6747919556789979,2008-03-28
112,-3.943610001896154,-0.43166802252019093,3.1505074944391045,2.4337414237325725,-2.211335423511949,0.1400081667686302,3.0585602941833936,1.5304731153283364,2008-03-31
113,-1.888669165249736,1.9298015333582113,5.816241526993669,2.5309595347442024,-1.130697585722729,-3.785233208549448,3.8708475210809112,2.464363943319795,2008-04-01
114,-2.1833396953425535,0.9140119497267075,1.2917931944856231,2.7889616489503433,-3.959944157695324,0.5683955920395697,1.6297974641802189,-0.34788387514290814,2008-04-02
115,-2.211129055627014,0.5800004070612654,0.3161427100541217,2.394828822407082,-3.307469432625859,-1.8152009296079865,2.9816828123819614,1.733940149053482,2008-04-03
116,-2.2652056708426924,0.6401053949087852,-0.4399945967988163,2.1909998155724835,-4.4905873738120174,0.2195403122329141,2.2285676223027533,0.3314821465296351,2008-04-04
117,-1.4527311710345254,1.8855359724896497,1.724751206449477,2.141555013547482,-3.7914053325944375,-1.1680451747478209,2.939731001780561,1.6295050013337646,2008-04-07
118,-1.3611167961621848,1.7723335392381292,1.1570819650482203,2.129361247635727,-3.973934967197354,-1.030429063694137,2.9092498182638664,1.5449578083623925,2008-04-08
119,-1.8729437639845443,0.7122250430042127,-1.4416410068896681,2.2143211873631428,-5.198515337979412,0.7641540904544474,2.1214223947631994,0.41926588799152403,2008-04-09
120,-1.8752660564578973,0.7382469267505642,-0.7252081972344244,1.969259336081692,-4.320478014940491,-0.3739208760882782,2.7629863326129183,1.2359718665372543,2008-04-10
121,-2.984343949357016,-1.0690896892830493,-2.9260478359296975,1.7237322165177025,-4.2701028690563865,-0.2759719574021497,2.95977989414822,1.644432297000237,2008-04-11
122,-2.374164294685682,0.6637537399181982,1.6468731031247978,1.7892068981251938,-3.5407294991856597,0.09508740214245423,3.1011775117663496,1.8821750497583989,2008-04-14
123,-1.633056723195422,1.3349171295613176,1.6648922784398055,1.9015803314290258,-3.969579841303884,-0.5478858922523266,3.0348850557854,2.0981387647976755,2008-04-15
124,0.4915218300457503,4.4669918598768135,6.041895434956019,2.2020672739917115,-4.378573459832239,0.44274311627422547,2.449418611769102,1.1695462040322955,2008-04-16
125,-0.015222268652619227,1.9444231157656853,0.2909195532438059,2.017701053627852,-4.344611107211661,-0.928737879134034,3.4601302263165454,2.578396417802899,2008-04-17
126,2.1574444751598874,3.764746313493308,2.3413388614228223,2.0377645098642305,-4.122683823283203,-2.6708526160539128,4.452473635632876,3.1348961794117844,2008-04-18
127,1.7104996401186163,1.9084678199425715,-1.8932025041455203,2.108824090092177,-5.454276228919044,-0.6208130821419701,3.7436090263960757,2.1229072853376345,2008-04-21
128,1.5186900215074803,1.706644260253734,-0.22165536943477404,2.094383610300365,-4.849317329017595,0.6575508727455924,3.9115096454183984,1.95497288090756,2008-04-22
129,1.4607571447892111,1.1122129241779826,-0.6769973208931432,1.845625721447662,-4.160660230774486,-1.0704833782903496,4.771124077370238,2.7033527023415913,2008-04-23
130,1.4952650345870666,0.6475407847136412,0.010782398924628019,1.5885294282286593,-2.664280340424591,-3.825733806473077,5.334030589723142,3.1155981652389366,2008-04-24
131,2.5953723134881375,1.709900488464919,1.0292749754680348,1.7978887791035942,-3.3491648686344284,-2.832386787688669,4.739855294727596,1.9656046211270488,2008-04-25
132,2.708410734389906,1.5658947945789636,0.5889762520584929,1.7611353922057988,-4.003468576435531,-2.0281961241846895,4.274043504906217,0.9279827443145299,2008-04-28
133,1.5054520719128595,-0.7898243100363522,-2.845069323528848,1.684496101990989,-3.491486618119143,-3.278371891632355,4.703738247324313,1.3906905944664887,2008-04-29
134,1.4464292098108364,-0.40376645040556763,-0.6225774175389871,1.567517954157138,-3.569737021638346,-0.6295159139408966,4.055910253264981,0.45146489877440715,2008-04-30
135,2.379303383574996,1.1193821097709131,3.219004054312137,1.326354321027422,-1.6878327813795044,-4.523788869563137,5.519397634250136,1.8325043919717814,2008-05-01
136,2.5133640003953155,0.5837103810944659,2.1564298796418693,2.0094968905748427,-2.6896233776897844,-2.5755125055612647,4.318740421997668,0.5066147194785798,2008-05-02
137,2.4663292556637284,0.00840399280849072,0.8701328801665681,2.29786783330325,-3.6576426550625794,-0.8128233479091714,3.730566156495988,-0.11476618033435325,2008-05-05
138,3.422288979002677,0.44068705794737967,0.8531041812417746,2.62497039562003,-3.796705232648764,-1.3596628136965052,4.081847195388941,0.6247061509004088,2008-05-06
139,2.0660442907433527,-2.128162980612653,-2.9416182697835627,2.615175627933325,-3.345528340499438,-2.1132978910899016,4.87585142498026,1.6608581004440428,2008-05-07
140,2.452723136563547,-0.5846574821606523,1.3570005120991524,2.6838560123234303,-3.366181713673533,-0.497242451645184,4.432560517255378,0.10243891683739187,2008-05-08
141,2.5019330519990826,-0.8933906942852008,0.3776104621097905,2.8017524744080777,-3.668024277319121,-0.33665244518506254,4.65070316491788,0.620912361852601,2008-05-09
142,3.462100815564152,0.02301827693808048,2.0860605851022624,2.9891781319925146,-3.3829388912399696,-1.3208656933727292,4.553051767043635,-0.2159885897384867,2008-05-12
143,3.7500584444606786,-0.3953209401963575,1.061074668729392,3.24854118643048,-3.180340796638686,-2.9033042822344863,5.353818888016971,1.3413509120891984,2008-05-13
144,3.2591178157627843,-1.419177889091924,0.05409002651502099,3.2260907996574666,-3.275159861981458,-2.997736968058057,5.287450843782373,0.7189063422973031,2008-05-14
145,3.606202600260061,-0.9938768579580177,1.1183666889470605,3.139753737919752,-3.7584573091449123,-1.104256692314174,4.387680860960961,-1.0098094138484144,2008-05-15
146,4.334216258714188,0.2063320102878752,3.426925807720588,3.7693155455064677,-4.608753765475864,0.9523343917088082,3.59088131215301,-1.3708224475583912,2008-05-16
147,3.858652246312041,-1.421179770363614,0.6329121151729137,3.687031090114228,-4.245468197697941,-0.4537006367256124,4.528137179480397,0.12378382527955295,2008-05-19
148,3.5419805272627007,-1.9834670257122085,-0.018258505417672648,4.0456759162973075,-5.227776977700951,1.6068597210759141,3.815381297651304,-0.6043235647509488,2008-05-20
149,3.135803568114995,-3.1171807399982843,-1.672167610281986,4.354705739434887,-5.618712788911928,2.273335547662228,3.862442611914412,0.03095330416289436,2008-05-21
150,3.2172398889265668,-2.8295677981295464,1.0191889527188267,4.44576084986756,-4.03849317179302,0.032246073191853776,4.530418885193331,0.9890271185521808,2008-05-22
151,2.281611453149056,-4.176533866568189,-0.14946181456939428,4.341737890890533,-4.595494532478953,2.3499148123995055,3.9598962785216654,0.43679144282783017,2008-05-23
152,2.2912207334107926,-4.086700664337206,1.9232766392214433,4.366526647750401,-2.88231759539525,-0.27332951683874346,4.951645726089961,1.859309983094999,2008-05-27
153,2.935805366613108,-3.3834259288675694,2.642830472497609,4.662354365101644,-3.3495831331713632,0.3107438134085249,4.613585363756704,1.2543437376258202,2008-05-28
154,3.0874653726007164,-3.9712289104708645,2.227188936959475,4.6968144433273125,-2.1864237865685507,-2.6730206744678666,5.388439680577295,2.1729598272354127,2008-05-29
155,3.56879512723921,-3.704424597598469,1.9638213081024065,4.933793061016056,-3.379239397432186,-0.42125868784864146,4.344748772145649,0.24308090526701215,2008-05-30
156,2.531411335604483,-5.625094954366432,-0.013447396454858089,5.050171654257553,-3.2479204266719344,0.7757491913578022,4.431213946332043,1.1203392118503355,2008-06-02
157,2.0216204286780646,-6.097531520668163,0.50920343858517,4.866601670206634,-2.172425895074348,0.3547950367253062,4.541022446002293,0.6801992588204365,2008-06-03
158,2.0786237035638573,-5.880989848085449,2.2695350808525823,4.770788460793914,-1.3943984052901262,-0.6575113074584473,4.833995289407672,1.0833269398324163,2008-06-04
159,4.268138685790683,-2.0799461535043227,7.500775027873951,5.043484489379625,-1.7929854559394371,0.4110221082187615,4.325160841128375,0.07091941578081967,2008-06-05
160,1.7361876985579383,-6.268719951648375,-2.1042359995038926,5.211647458246305,-4.607295983835929,4.101841210739394,2.803400934174117,-0.6873404386806363,2008-06-06
161,2.1472846874615046,-4.854159033147645,1.7100403961228825,4.992348396010137,-2.6996866985836987,0.7035008783422724,4.560418089795028,1.3476948617581899,2008-06-09
162,1.191969601300209,-6.452031597300698,-1.163423111113536,4.786232265912432,-2.0743930796810117,-2.157289206418871,5.632251291069585,3.117373144102584,2008-06-10
163,1.0726791631203512,-5.30220290285785,3.0899047151675,5.098021932393368,-2.223749593559495,1.8471944996498944,4.456668558162859,1.4200330013483076,2008-06-11
164,1.2893725411661388,-5.227562274518573,3.263121269829074,4.894028975155706,-1.3712204299532507,-0.5739074741469631,5.186651829252173,2.411512024431331,2008-06-12
165,2.3376064256995477,-3.725144519186588,4.737803406994913,4.91700517834137,-1.7076935163008826,-0.1676424254097882,4.685115533316387,1.1261909771747742,2008-06-13
166,2.0855459429500343,-5.098194037104846,0.9651478300480418,5.079192427437035,-2.3325653730433222,-0.09948486062071515,4.797693465950527,1.503038149140332,2008-06-16
167,1.633303428449037,-4.8115410683398965,2.9459137062842604,4.882533551132978,-2.295093312002784,0.3412078674292758,5.108151835104602,1.8354869600045236,2008-06-17
168,1.56358832202358,-5.572039271831198,0.45703285854827796,4.938746632096967,-3.2511381706543543,1.856004622730051,4.747793391422939,1.1852588446229095,2008-06-18
169,1.391698794706188,-5.469776751583109,2.223020593540935,4.839418729765275,-2.355463913762572,0.4191262533284398,5.081665469566416,1.731553249208451,2008-06-19
170,0.6561336743650937,-6.3083410687494474,0.8899995217941397,4.670967249739596,-3.204735962464503,1.6633476096257298,5.014044634491258,1.352911711592181,2008-06-20
171,0.7073494589179291,-6.083588550883868,2.3696688108782467,4.627006596030596,-2.506767745232279,0.5375729825968891,6.0902196417602,2.0059106701180855,2008-06-23
172,0.4090113901570255,-6.930465008633369,0.4981561198437014,4.446093478047586,-3.1538968272018626,1.0989456742411965,5.460969978939441,0.7742155421182664,2008-06-24
173,1.0408907915097887,-5.417639132416267,4.0150281669852355,4.343630911611481,-2.651108590493088,0.8630603988158542,5.765301024083332,1.0050463371748095,2008-06-25
174,-0.5473150417735922,-7.785691685186927,-0.479665862966919,4.588006994486478,-4.599724334318097,4.562147754062511,4.386965569122787,-0.22350175932349264,2008-06-26
175,-0.36634415265904596,-6.530260829528366,3.0834793752037424,4.249585298848774,-3.990803461808496,4.349076079526881,5.325712236800669,0.6540541162547886,2008-06-27
176,-0.9799818361260385,-7.298175909595183,1.751604033384079,4.038884627289315,-4.331601020185033,4.054565961578825,5.7017700943831295,1.2615063014318189,2008-06-30
177,-0.29557217413310644,-5.742193148807424,5.536681406675063,4.010839979478853,-3.8405458476874808,3.9692059983559553,5.734436198658927,1.2405053608891117,2008-07-01
178,-1.5096032901357104,-8.246196603683575,0.10004043100440314,3.9226602543206948,-5.119858088273548,5.203283945842917,5.173067994888018,0.9617279650872871,2008-07-02
179,-1.4142580997855323,-7.588859993578733,2.9466028674687585,3.7351222269296085,-3.682467699353249,2.948205882987094,6.318752396224841,2.0714133507870853,2008-07-03
180,-2.6280929872367222,-9.78222431586796,0.38805226913162055,3.590364927882232,-3.730257758424564,3.9030092360761226,6.12957175590809,1.5544347311423716,2008-07-07
181,-0.5253412274172747,-6.469684766461022,7.685270660983491,3.269588554414034,-2.159289880614223,1.0555357016862064,6.557032748022841,1.046567048066059,2008-07-08
182,-2.153557931065242,-10.278840512971385,-0.2903163486426977,3.5849864001186345,-4.181385328057756,4.00637968297084,5.181068138321912,-0.1235872275032865,2008-07-09
183,-0.7907213429408181,-7.129889514670641,6.381737121041048,3.699099744055795,-4.207874688545841,5.429517693917604,4.98933781373881,-0.3837961147367885,2008-07-10
184,-0.7665197387285868,-8.479135631283329,1.85048262603121,4.171670773054236,-5.206077943848934,5.474798787611062,4.588384760772041,0.7127834742767888,2008-07-11
185,-1.4700757721838091,-8.766634939863474,3.334011287324415,3.9969955226896774,-4.600399858024587,6.143593823723114,5.008340786751492,0.7197342473028263,2008-07-14
186,-3.0622324403576924,-11.327845419123179,-0.3139566224015005,4.126310720008385,-4.491680093327738,5.590441794097906,4.809537150574479,1.117861157381953,2008-07-15
187,-0.5526259848408673,-6.424038737804652,9.572124888216479,4.089414528404212,-2.369607444773706,1.542444291125092,5.222416096271891,1.9706928848902259,2008-07-16
188,-0.8796164079411134,-8.215507175515517,4.10643315483401,4.037578765713562,-3.4553537541244776,1.6741581773877725,4.224681314494945,0.7413240688092415,2008-07-17
189,0.10948387882758105,-6.021501698649808,7.666406129368859,3.9943232977446756,-3.5387634237304173,1.5260190072941713,4.219139840467461,0.4557863035845954,2008-07-18
190,0.4696234189508518,-6.455103199576383,3.3582172298984068,3.965873246991905,-5.393445750267016,2.3396817411365767,3.8583527906015167,-0.06617581305452652,2008-07-21
191,1.4022003320318237,-5.4856880154323875,5.120708305459772,3.749825617315238,-3.670876617122312,-2.093714446084489,4.993589470981813,1.3305588625665357,2008-07-22
192,0.7029838071394522,-7.2116841096922695,2.215982691666701,3.6993659991764423,-3.3888249599393285,-2.761734686881274,4.823931121547345,1.0424921698849134,2008-07-23
193,-0.5337310297866017,-8.45010663226288,0.33571542199333165,3.825092876669386,-4.5541153051809475,0.35292315926642176,3.9155385782539947,-0.49754184956775177,2008-07-24
194,-0.26534667868691664,-7.744469418963044,2.0367444270364765,3.965418043890326,-4.139387522262271,0.10678802752021063,3.772693331676487,-0.6944025150666857,2008-07-25
195,-0.8686664544962072,-8.572983956213314,0.9156158772558585,3.88962345563257,-4.328874882764345,0.8740610267701693,3.829712008772973,-1.2499496090686153,2008-07-28
196,0.7178811432286388,-5.809948094658646,6.814855233377649,3.75204047684146,-2.1863712023300232,-2.6936083112062517,4.972280921982227,0.16420296818618935,2008-07-29
197,1.6694705850886031,-5.02143996766272,5.3484565914163,4.098865443679029,-3.697410358551865,-2.0414061165760997,4.6883756600235245,-0.37952150413049296,2008-07-30
198,-0.12274358950368512,-7.660538501290657,0.9174252776342424,3.8954870526979763,-4.047161994461523,-1.2508633964874085,4.062139401435987,-1.296630553533141,2008-07-31
199,0.18786875060524202,-6.9487690352174045,2.1835818775949365,3.809484370793625,-4.004336172939454,-1.8053825685293345,4.325554199707465,-1.2646850037241313,2008-08-01
200,-0.8964477003068917,-8.677986593323471,0.21399622034797872,3.736286480792511,-3.0918087710450117,-3.3066192879829277,4.756000201608538,-0.16602643775614762,2008-08-04
201,0.7696826594449516,-5.242730463692817,7.182707840679516,3.6526476091876163,-1.6820111793414274,-4.932184986091488,5.038189124200529,-0.4606768654401426,2008-08-05
202,0.7543422040391937,-5.753425258567053,5.048237464579275,3.905330055822122,-2.5357720823335788,-3.641310936707348,4.406702402399202,-1.1292058900377615,2008-08-06
203,-0.4651047725813776,-7.9710256747441575,0.12116253375181026,3.647070311817102,-3.1438003974519324,-3.4022901145154116,4.357488967079525,-2.1608028408137523,2008-08-07
204,-0.10440149839576916,-7.271729184502344,1.8103358963489007,3.3584201236850757,-1.585317683759556,-6.9991864523754455,5.338731430820051,-1.0298738161880683,2008-08-08
205,0.6929526006454284,-5.947988220130627,5.166027862997494,3.304098058556679,-0.4669553220172532,-8.42496259446086,5.872000610100238,-0.6571465754295419,2008-08-11
206,-0.1970053017392089,-7.267225669728085,2.4396341027920867,3.2339386480073924,-1.3980232337637357,-6.381796094720885,4.9315668989687085,-2.6813073920412687,2008-08-12
207,0.5608107861493935,-5.714184812440766,4.656347891373821,3.5547352802814425,-2.2329941808148988,-4.7713860412654014,4.556669193065369,-3.24959646163744,2008-08-13
208,0.35336157641720034,-6.927427532315832,1.9411885308931758,3.1077520296989007,-1.5042942010313434,-7.162389984564133,5.73858688063968,-2.262405586742344,2008-08-14
209,0.08558854044990451,-7.09682138393304,2.4954411130710814,2.921956918452159,-0.7307619783026901,-8.036299003597685,6.27620634592692,-2.199470439480255,2008-08-15
210,-0.9762799810555901,-8.1618565804918,1.3573183082009581,3.1153395198136007,-1.5415118548638973,-5.243091039702554,5.127400413524016,-3.2380399932132145,2008-08-18
211,-0.850773362902231,-7.402071290587917,2.899238701662688,3.5158733626985876,-2.188208307457688,-2.9583256666030615,4.370244989254546,-4.040277983186712,2008-08-19
212,-0.14465425426757048,-6.35810367698929,4.660017158970816,3.328533555194179,-1.5272105055211276,-4.037386886410843,5.274689276507898,-3.0348146391690958,2008-08-20
213,0.09505143337212786,-5.289048858593278,5.492906481814076,3.9609621974395166,-3.1475149805963674,-1.040481962010736,4.561267619678505,-3.2925577580847727,2008-08-21
214,0.20278083827503948,-6.153183585595638,2.7192008674459993,3.724590811675341,-1.8750856961928613,-6.385145284969858,6.120225432501277,-1.1240491339161802,2008-08-22
215,-1.1530467262002362,-8.026934687295803,-0.633535956758892,3.7770006690119406,-3.1308152379810954,-3.100837142056836,4.920965880274642,-3.042976223183543,2008-08-25
216,-0.43962446182641457,-6.257818625923337,3.6064089841948253,3.8745411338952476,-2.332349699441365,-4.0468166881060075,5.440059154360531,-2.556260973317513,2008-08-26
217,0.24010013097609165,-4.949726960454828,5.787231398737722,3.9555810247311207,-2.587294690378398,-2.622112925661794,5.113329796291232,-3.126338026954609,2008-08-27
218,0.31370014442388816,-5.254177198994694,4.998726868191516,3.8540042049604732,-1.9948035314243637,-3.77496420709173,5.239211613654924,-2.765848177681362,2008-08-28
219,0.16115089438936528,-6.600810547034196,1.1503446879771722,4.1315045385413995,-2.6309167308095893,-3.737798224202718,5.028963203304956,-2.520092019442506,2008-08-29
220,-0.9332451372171909,-8.390479115687999,-1.1874294625685087,3.976917608168879,-1.350029510022709,-6.5803707037807495,6.004025267919587,-1.4017235153761145,2008-09-02
221,-0.0995502825030382,-6.456037093981778,2.7939069421621796,4.2272264423752866,-1.8010463152512481,-4.061501912566677,4.891324251207158,-3.917100499677364,2008-09-03
222,-2.408657786358466,-9.474311489821295,-0.17786386602619558,4.27556487155405,-1.0770052263504124,-3.695180309605866,5.402106964158913,-3.344009325457705,2008-09-04
223,-1.3586556143661424,-7.507421230607064,4.60216605486894,4.5489333643140855,-0.25983584805239335,-3.0285330018253402,4.922277553336917,-4.668973292230105,2008-09-05
224,-0.6656977869648978,-7.420875448440791,3.3590056065497444,4.638485123520146,-0.4402700463789516,-4.4277146939118595,5.279884467260967,-4.173478041361774,2008-09-08
225,-3.269310843714247,-11.21845404913443,-1.7604294115138526,4.839263295372368,0.1232269989334501,-3.9672189604879997,5.399452141722091,-4.060439570849501,2008-09-09
226,-2.0314239358999373,-8.309601131154325,5.141814259888834,5.282085296155903,1.4050966907988087,-4.59427547192289,6.042695505718009,-3.524976292028991,2008-09-10
227,-1.5205731253580206,-7.7484312834047016,5.376697568934452,5.466605417466439,1.2695233263673598,-4.580060997883758,5.589986670666696,-4.4170536688979745,2008-09-11
228,-1.2857576972766815,-6.475741688729625,6.755725303352994,6.761386719897568,-0.37970881502901344,-0.39784785000467854,3.5371546039784034,-5.909538728220456,2008-09-12
229,-7.030227533458718,-13.901208330327762,-7.242983554915385,6.650384690724221,-2.031558511117565,0.5352562893388876,2.7026094838135557,-5.52139997505821,2008-09-15
230,-4.9815629328220705,-8.082040288447839,5.414858578823034,6.379413503528777,0.7270968840759592,-3.0061253667612338,4.089473242686497,-3.3659624097236667,2008-09-16
231,-9.115472198252796,-12.91764683669857,-5.71269520205891,8.113949835756607,-4.702013677874233,5.289299912735047,-0.1555418792839175,-6.758978497037321,2008-09-17
232,-3.8885120391672876,-0.01931505970609934,20.130919255321835,7.215607863912557,0.38111458823200267,-0.7102295790785784,3.0153557990390354,-2.5103800816330337,2008-09-18
233,-2.2661534888086132,0.48898878668527207,11.837801127692021,7.813538235312177,-3.607437623096871,0.48383941535877556,0.6259626137442963,-3.2670196957185387,2008-09-19
234,-4.706241459089973,-3.6576013149785327,1.3828826630922761,7.9881085957448,-5.959915536973727,2.9961437762374508,0.2799201124806313,-2.557435732990007,2008-09-22
235,-5.955447399593531,-6.028254775737028,-4.285432938930379,7.310722603366095,-5.363276455600271,-0.929291798036709,1.8193404472359147,0.4387020989202432,2008-09-23
236,-5.717804153388486,-3.6262229027273456,2.258165284554019,6.906137902766531,-4.054998952260288,-2.3056198137969477,2.673970734453845,0.8625788158234943,2008-09-24
237,-5.116996788976227,-2.4847681708807206,4.261165512835035,6.823786510161546,-3.4270986137568533,-0.9579554944526707,1.653237691968832,-0.7293031291032852,2008-09-25
238,-5.553412637221985,-2.3262763566708964,5.0485841935251,6.252553343208053,-2.821445788935972,-1.6137132983098117,1.7915409567805392,-0.13477949050169707,2008-09-26
239,-13.976988969149168,-15.942160246511374,-20.721204335151306,6.545991819068304,-5.707050146330134,0.2500621668568897,-0.7017307303266426,-2.465090405086465,2008-09-29
240,-8.589816459932974,-1.8456404978916532,8.798565980868752,6.464268176513694,-0.7569605616687114,-5.310203203635711,2.2002673300640736,1.6274865326592116,2008-09-30
241,-9.021466490050592,-2.1856595891046258,5.314356690691511,5.8309455361560065,-2.2669396047234622,-3.4773553736718092,0.5290315724765798,-0.8227335100303521,2008-10-01
242,-12.106280599283908,-6.499307315532778,0.7888445598203333,5.651305054617805,-0.24068901392622535,-4.895356062029322,0.9762118696934032,-0.3394612368924304,2008-10-02
243,-12.441288944193811,-6.612707372147416,-2.5861078345955986,5.4655562237219035,-2.975492173360363,-2.610988079139203,-0.5681690108643843,-2.2710739158074644,2008-10-03
244,-15.706660235593045,-10.479404589185702,-7.43685513492189,5.16643085642691,-2.258268577287541,-3.0014138971346784,-0.4247763518152746,-1.6999230145509205,2008-10-06
245,-16.842526749108274,-9.47396674495696,-1.6093189583994039,5.581327213287007,-2.008559221845105,1.4946078609927875,-1.984636729437235,-3.4805560750177187,2008-10-07
246,-16.4628564642423,-6.583222490539438,7.216810762703873,5.685108735341808,-0.45819441737809685,1.2271368626017551,-1.5373661467719868,-1.4709751526322188,2008-10-08
247,-20.61356930314779,-14.568419731133107,-8.324629186832675,5.690917938288602,-1.3986638163893073,0.7872595589384833,-2.1472813240243758,-1.6809262471871775,2008-10-09
248,-19.125185816867145,-10.427840238896717,4.712893782942552,5.6956421402982365,3.170785901346488,-4.516460531287419,-0.251898644373436,1.3739570032877424,2008-10-10
249,-11.859401363331935,5.054522205340304,28.94136854093528,5.92195509540031,2.499351955823703,-2.8781842515700227,-1.564128644298158,-1.4611724452624986,2008-10-13
250,-13.548756283042605,-2.5828050327851484,7.290292663561479,5.652250157613509,-0.5966881165840022,-4.573128259116012,-1.8013072815727393,-0.6899383694405548,2008-10-14
251,-19.358288036760786,-12.572178943975857,-10.272977543289112,5.748648208403999,-1.9082758783323346,-3.9406522713948937,-2.752692422054117,-0.9401940504495461,2008-10-15
252,-16.261930930494707,-6.701030025530222,2.3231375600226505,5.051324188616652,0.862412757440501,-8.314135189189237,-0.6274489466352106,1.7259262699955211,2008-10-16
253,-16.49059414107043,-6.9389867613200105,3.471236121904627,5.076219262581983,1.5419394092731384,-6.203429607797127,-1.3293471635420473,0.25277486600439253,2008-10-17
254,-12.719690080782103,2.189815518473224,22.40836197657648,4.785449735927457,3.008232898662077,-4.034334635280981,-1.6254786261083898,-2.198247916425171,2008-10-20
255,-15.719369278044432,-7.537104491293357,-3.00025269638488,4.131293957895938,0.3507004070874419,-8.52474704955553,-0.7014370500745527,-0.0714052590320482,2008-10-21
256,-19.012466917790867,-13.691994559087167,-13.699736358087439,3.9406757502391465,1.0531448825553156,-10.427471288964288,-0.45219349567053935,0.39941833443657565,2008-10-22
257,-16.678416108982557,-6.340577443245886,2.824811691090507,4.218654470186017,1.4869264090147762,-7.043541899799339,-1.2640719231817337,-0.9318000794617884,2008-10-23
258,-19.127066872602832,-9.14554896833803,2.4029090786519345,4.649618618537261,3.707392791171692,-7.384598224147103,-1.8023044666630614,-0.8809687648719726,2008-10-24
259,-20.847806545566808,-11.975083758767717,-1.7706902107287763,4.845961407659097,3.208226073543516,-5.87897433723545,-2.875902707313218,-2.442896225357989,2008-10-27
260,-13.941306190303695,1.2795119312485763,20.464351814121944,5.303344782165337,3.329274819066621,-5.599176680156389,-3.0735436713558264,-2.292458527591432,2008-10-28
261,-14.375741721660281,-2.602658979321947,6.290630724963346,5.582047346260946,0.20583989908928033,-3.9335301654974297,-3.2516353824280007,-1.7109563176221854,2008-10-29
262,-12.06878460655538,1.811201061766704,14.590193394499085,5.83345641132253,2.1312159775536528,-6.517634939119748,-2.043635968885956,-0.5567190761134279,2008-10-30
263,-11.190580744361673,0.09219910388297628,4.591099171806235,5.763680967644901,-0.09442607574759246,-9.647188730838327,-1.179535580709055,2.2263519343468916,2008-10-31
264,-11.971893716083592,-1.7405911689408748,0.3002179268830644,5.715415927136825,-0.12882401084597742,-10.016258732688213,-1.3772486791741525,1.0543879400897724,2008-11-03
265,-9.487586187428548,4.3719026748115795,9.890688542540413,6.666109327833217,-3.201183805957885,-2.9352701515217734,-4.338601000564558,-3.1638061415609795,2008-11-04
266,-12.816266184517588,-3.4864892675689845,-5.743946965817226,6.5202176685412185,-2.469523490301163,-7.903930856256485,-1.9302793580036615,0.8062183938705462,2008-11-05
267,-14.745016194043716,-6.78570698393594,-10.721385112647207,6.733611160127434,-1.808996979324076,-8.491490669362248,-2.032230845346335,0.9489695301376978,2008-11-06
268,-11.769222635554065,0.030518837280768957,3.6428635380029837,6.720758399098693,-0.6978817593524904,-7.8059968344563035,-1.7097490955476442,0.8597976078540176,2008-11-07
269,-12.320813500641439,-1.3959323825480763,0.9246853940829631,6.657455906760023,-1.3336145393442065,-4.40195768783807,-3.011867928459405,-1.63585316979546,2008-11-10
270,-13.453708833845106,-3.7738947602499664,-1.129054821017588,6.070348507698043,0.7370678647639586,-6.5048107488119165,-1.4586600598786703,-0.13354147839009423,2008-11-11
271,-15.82131191716749,-7.84224194651198,-7.953869611023906,6.1982371199283595,0.41223309025693833,-6.6672221081229655,-1.383295076863148,0.4352155827456275,2008-11-12
272,-10.250849967595693,3.2755285566800114,12.59908011803195,7.3407321062065884,0.8023759639933087,-3.9786658034680737,-2.3222855124844357,-0.6432204588772983,2008-11-13
273,-14.234074154663304,-4.33586381879661,-2.7376575901088147,7.146071534564307,-0.4231912002788978,-3.6105740509103477,-2.624778485097474,-1.3869415427474192,2008-11-14
274,-14.357837388005251,-2.9330498926820727,3.215881594664673,7.30455893793251,1.1564201738949589,-3.0424186368119996,-2.3458157423692154,-1.5412013356332568,2008-11-17
275,-14.890545777654104,-5.203631110591384,-4.525972996193621,7.20094843173297,-0.23391224361686444,-4.506316955703739,-1.3678298380979057,-0.08196340780790529,2008-11-18
276,-17.853739419062936,-8.496739375687099,-5.971933475612763,7.306078555090164,1.0264949082438561,-2.49166498305191,-1.7509593484368087,-1.7660030659124861,2008-11-19
277,-21.48678310010647,-11.931444352520323,-9.646680790711065,7.210184260900011,0.7010964490227253,-0.9069493834640618,-2.577325784609726,-4.127698183438491,2008-11-20
278,-16.668174408675988,0.5224099586317982,15.325980775423321,8.184603926091421,1.3358326792928685,2.8289260087921555,-3.8430559482916977,-5.268282421186013,2008-11-21
279,-13.204272294873327,4.238419174755374,14.836214304009093,8.497003372565418,-0.6053897133078644,1.5850290896414445,-3.496774313651854,-3.8200443480995023,2008-11-24
280,-13.471104542784355,3.718545471252395,10.830299611518631,8.110741495327808,-1.276477510607333,0.3544064150913695,-2.944195742151386,-3.7922691910066213,2008-11-25
281,-11.481379538826936,5.133835024649612,8.199100432746329,7.6074809134624815,-2.3778132127229137,-2.560991594188496,-1.0906341921234626,-0.8189155561627098,2008-11-26
282,-13.050479123601686,0.40755775323083104,-4.0264094311487,7.088617772471579,-3.4003673443655535,-4.581846283105429,-0.9487425044433753,-0.7754740812806856,2008-11-28
283,-18.444537199948975,-7.031122754540671,-12.555343604420067,7.209077252341732,-1.927172292327362,-3.772299783158938,-0.5428800435705483,-0.9632286322714245,2008-12-01
284,-14.739777688170918,3.120810866145256,9.835850767436474,7.099908813423977,-0.10173820491811611,-1.3684727028027313,-1.7313660747600732,-3.2742429292499935,2008-12-02
285,-14.590043709031736,1.1601871290826864,1.807272403731752,6.973337872587943,-0.7136926911687168,-3.4813564300784554,-1.0015781655421012,-2.2016192821146694,2008-12-03
286,-16.66541275964973,-2.5091289298524186,-3.4273713851489642,6.389354736674171,0.033670791775216674,-2.7689596070382088,-1.3752123516491128,-3.733476990267458,2008-12-04
287,-14.134920086724545,2.2825778531033882,4.297658773578046,6.396768666162297,0.5324480440710919,-5.182570530756761,-0.6788559129322742,-1.6378435856518054,2008-12-05
288,-12.036903542885167,5.091664599582517,4.955898974738102,6.665324018774121,-2.0947628954907707,-1.6335321908851277,-2.4794707353020637,-4.247417840283421,2008-12-08
289,-14.030990924220655,1.950114541955422,-0.3156549139153875,6.372902439293603,-1.611173251977972,-2.5106581945235513,-1.502547950216654,-3.56632892780548,2008-12-09
290,-12.760450494747182,6.453034878568169,7.835028697411333,6.991704215525489,-2.9013945464613053,0.9116094664856094,-2.6340005114607146,-4.766295931326115,2008-12-10
291,-14.112594857200762,1.3336109173739574,-6.7694450506483745,7.025968614639346,-5.824727960769367,0.9015997373496704,-1.8280933918167612,-2.800100667341395,2008-12-11
292,-12.20467518941293,5.53572261254198,3.151836342937499,6.781687947483901,-3.399603443043833,-0.3380123692239057,-1.1654182650921552,-2.5593014872656594,2008-12-12
293,-13.723372081076668,2.868309797388882,-1.9803031999508058,6.569818994247552,-4.703968512024865,2.138254220899104,-1.6915454518407003,-3.0793675268884657,2008-12-15
294,-10.52550807760433,8.849078184308889,7.458271373687371,6.163034931426809,-4.719994343938794,2.7141423342604494,-2.170127583418134,-4.695406638495924,2008-12-16
295,-11.659043359168905,5.584444957276736,-3.3831718952498537,5.842411777349483,-7.075317671185276,1.5481177991331276,-1.5883501751005844,-3.7883961152468015,2008-12-17
296,-12.225873461897786,6.306347834916188,0.44365634715539626,5.575228683095868,-5.076824294281627,-1.4708389302232945,0.037648031692898765,-2.5392758511932154,2008-12-18
297,-11.829662097424178,4.8234160622053714,-3.899323634714482,5.643893441523636,-5.486269935003037,-3.5805015208720543,0.6694093429044993,-1.7865937767950502,2008-12-19
298,-11.091878946606723,5.7631379936544835,-0.6800273959630985,5.800344059210988,-5.292083066194895,-2.2692996592791146,-0.10137469027263524,-3.3911351488910015,2008-12-22
299,-11.00865842133108,4.80947667424029,-1.0479536164022154,5.819994959121679,-5.0045257529144855,-1.1216645556901828,-0.3691104207940713,-4.185840084768453,2008-12-23
300,-10.934801381253758,4.290223775506435,0.6616084899881338,5.683341976352233,-4.035547384398742,-1.1331024388055755,-0.17575880247336584,-3.8214527700974266,2008-12-24
301,-10.145820727405406,4.777325591307278,0.22543292223475536,5.934945185653652,-5.2116077650517205,0.23599838468746875,-0.6041554923373996,-4.329822794120124,2008-12-26
302,-9.308271821159156,4.822135533189739,1.1457109544093629,6.249494384630209,-4.745319017757822,0.5636080773540751,0.07156149384153909,-3.1634136021577537,2008-12-29
303,-8.378524797756715,5.951033629813683,3.800634096332603,6.083006044502886,-4.632438440659537,0.3773949308313241,0.1701311785063323,-3.728918643698746,2008-12-30
304,-5.318104430078755,7.6262723981106495,3.833054455541081,6.451715416989053,-6.177899778479223,-0.6969942728759888,0.36002925829000765,-2.6454500561482366,2008-12-31
305,-3.9182406890751196,8.061414612160943,5.0355072560452845,7.272139277599813,-5.712786546478446,-1.8762497957854083,0.7761347788724083,-1.1328770451154813,2009-01-02
306,-3.025795335974307,7.910540576852824,3.301071445022151,7.862098730811466,-6.116306791704732,-3.378855356165209,1.0696865276576628,0.25969447788772976,2009-01-05
307,-1.8833245480706273,7.169362010899772,0.6427065225989612,8.192535223025075,-7.271850663531144,-3.081356773359101,0.3491418312996445,-0.717891274609983,2009-01-06
308,-5.0862373932146285,0.21950168273903606,-9.90618933860239,8.391407471089263,-6.800683076160243,-4.110397886581405,0.2510815471067189,0.3305696597661046,2009-01-07
309,-4.146405271330073,2.9108832327484717,-0.9260587471310067,8.802332258136769,-6.362804398479772,-0.6885460913294844,-1.2410536146147197,-1.704171603746857,2009-01-08
310,-4.871049233214333,0.3665519833572402,-5.094001667894222,8.72406721443927,-5.5658140091536,-3.212497682194309,-0.14576438453151075,-0.023473968005671197,2009-01-09
311,-6.608961644256135,-2.3179212262303723,-5.2219009860850365,8.705110746080859,-3.531809749872937,-3.370508722580316,-0.15850330786561062,-0.6135059971524275,2009-01-12
312,-5.284802448445221,0.4696794665053973,0.9237497721435055,8.497482415467726,-3.3611086466577085,-3.334532021362068,-0.28596298060928005,-1.0546666409370196,2009-01-13
313,-8.411374109169216,-4.590784259401527,-6.468196544217058,9.17276673160681,-3.782197807451666,-2.552922958871048,-0.8431194440694345,-1.6743686112133283,2009-01-14
314,-6.816825727205758,-1.5312841466413072,1.7407309051582651,8.655121665579472,-1.951640040926185,-1.3108272878987965,-1.2421647540030225,-2.4327468241069288,2009-01-15
315,-6.173027882950095,-0.02828132390452051,4.934819577262653,8.698149016205656,-2.402406663036899,0.6065321553967081,-1.616709555462514,-2.2495330687664463,2009-01-16
316,-10.913471517782337,-8.23108300735767,-8.911155586333603,9.032194547958493,-2.105137580807472,-1.1390248943071168,-0.8789529351481947,-0.46699377869381464,2009-01-20
317,-5.3885720559547075,3.7594771345573705,14.635521637746347,9.309438793633959,-0.7832670684184352,-0.5591366733436622,-1.3757173365494604,-0.6044265381694476,2009-01-21
318,-7.809760566070915,-2.4412649050363435,-0.7260207211630959,9.440946666408937,-2.740911745642328,-1.1057282235368,-1.5073561030562943,0.5050922462737071,2009-01-22
319,-6.158106745406219,1.4422194964731037,7.143487431702367,9.60529816417689,-2.6539325642416545,2.15512041910224,-2.611857067166552,-1.5755783008435695,2009-01-23
320,-6.1996522901421764,0.6201045987440585,1.2906276506932044,9.50670352474183,-4.4652501905854605,0.49997327853979306,-1.8883159764739383,0.6653807791675119,2009-01-26
321,-6.194291036468008,1.323717862872479,2.343714317252853,8.902109639965577,-3.4840044941645942,-0.8477869289431967,-1.3258129629472215,-0.14302975087531317,2009-01-27
322,-3.1737841092641617,6.10510231125744,8.355939287848729,8.818893213911982,-2.8791422729900336,-3.4912687732267194,-0.6744556772430174,2.0135129568320664,2009-01-28
323,-6.605760109577972,0.07020268125929,-2.1794323427270483,9.09850018248894,-4.026858891927408,-1.7341051764234146,-1.8839485250787842,1.398856961798555,2009-01-29
324,-7.456899874094713,-1.1250419075095335,-5.1927494260958635,8.785883631788197,-4.524616035340045,-1.143085126281144,-2.1845506974893576,0.7984384876422146,2009-01-30
325,-8.250481539958578,-1.1985841385281044,-3.0159508202622725,8.250997387602276,-3.2527543922987885,-2.405969246094495,-1.3221802180527238,1.2461479449686017,2009-02-02
326,-7.105021504059661,2.04093202912485,4.832203289551021,8.576344933464842,-2.2635416139856543,-0.5606006086444218,-1.6649207478938723,1.27924629561308,2009-02-03
327,-7.855906483888983,0.21554157931511156,0.3821935699937073,8.109383760528749,-2.343925206253086,-1.3660385686240482,-1.2291028173374536,1.7554200010769212,2009-02-04
328,-7.435252045143402,1.499917208506077,3.2453071698494496,7.823910656803268,-2.1797627339030408,-0.30253513238687907,-1.725243826789396,0.7738397634512706,2009-02-05
329,-5.597094882107203,3.2359818421530804,2.2321900366543237,7.5840761784512765,-3.172612979846187,-1.6549143572802296,-1.7506020987888726,1.1796706030756123,2009-02-06
330,-5.177132940476522,3.773377765793267,3.426117129882533,7.384089237757991,-2.5584518983367897,-1.2567346659591687,-1.3324097471857739,1.3881379026692184,2009-02-09
331,-8.835185022184268,-2.0978711031513426,-8.161435434493791,7.172720761328231,-3.8297290031020106,-0.9646751765666657,-1.47038088373082,0.913136994366637,2009-02-10
332,-7.640401040523779,1.4010101332531293,-0.6198484787549308,6.767721802303978,-3.438542849275424,-0.10011390614239957,-2.073851424382235,-0.14835338657420458,2009-02-11
333,-7.245639712371215,1.8682942030146257,0.10694239827015489,6.776524353391606,-3.0097859795045956,-0.4958749493463951,-1.6450499128995768,0.6794763835284545,2009-02-12
334,-6.593273395278581,2.7687328723114324,2.6668474388529977,7.093278187643914,-2.2619915500351255,-0.19647564351407967,-1.8826641073904087,1.2397869565106256,2009-02-13
335,-11.731554524563506,-4.895653808140798,-11.713541851563402,6.670241930604033,-3.7006912009731545,-0.6503727716887443,-2.2325912699723056,0.25657023988933547,2009-02-17
336,-10.616660888075671,-1.3939387811242079,-2.4061087981916707,6.635841768472039,-2.234954765972663,0.13091702029019942,-2.505136854384344,0.2215467550734062,2009-02-18
337,-9.176323519203978,0.5234848003105487,0.5520908120159623,6.6163380099259825,-2.5027924033555826,0.6963098811421001,-2.1990437839312333,0.6080696997900219,2009-02-19
338,-9.771472707065074,0.6446194828200704,4.762025909841785,6.30250423093487,-1.5163656971722275,4.016943854304737,-3.1793638319986326,-0.9356289790613621,2009-02-20
339,-11.829862023307149,-4.372675640852786,-6.208873398483585,6.007044268478797,-1.9626892987923368,1.0927749177585477,-2.1414387765127074,0.9485009590723519,2009-02-23
340,-7.31469257585184,3.8108398790331615,9.036906596263858,5.576748900370923,-0.29944208719381077,0.03226674119106177,-1.687168839909123,0.9905214008777881,2009-02-24
341,-8.318622797434612,0.4519125618822913,1.128344213410343,5.33246442645773,-0.9008499807119209,-1.4380121856441472,-1.1839302004053747,2.3627090152526327,2009-02-25
342,-8.21054940274073,1.5944301543432922,5.944329350119144,5.120016567088421,-0.3954616252808953,0.45149372434362645,-1.9880203472814022,1.5840785389575507,2009-02-26
343,-10.124435308294789,-3.3917428278411013,-5.010481166820037,4.857161743896979,-1.4416184204944957,-0.42743246438366356,-1.5814024463326666,2.7588354786497122,2009-02-27
344,-13.416880582917859,-7.451482860952501,-8.936887092759678,4.426482688709299,-0.14542443499173677,-1.691852052668296,-1.4501609540730618,2.1019490573233686,2009-03-02
345,-11.631002627465548,-2.4476912348225195,2.831026110014983,4.527961540913649,0.9307899179950329,-0.3106062320909081,-1.5296930778221072,1.9126196788033927,2009-03-03
346,-9.064606355334485,1.4892693032665894,9.110658381102303,4.6993192483813395,0.7647776340066221,1.1278648482258524,-1.8466185339937204,1.3026327021659951,2009-03-04
347,-14.041081574688146,-7.412181852280069,-8.641699640362054,4.568356195425277,-1.40792756341,2.190589352514374,-2.7198141415399415,-0.4973016288594376,2009-03-05
348,-12.150157241573435,-2.1330705589425896,2.8098184576687695,4.547867300008345,-0.6438091285138873,2.3688923530930013,-2.264397993269306,0.8767491301190118,2009-03-06
349,-12.229770733702914,-3.2111188445679253,-0.4824877219330153,4.332376146389107,-0.286409811117215,-0.07469589744006766,-1.1262700699854344,2.92002317330904,2009-03-09
350,-7.889732364804504,6.435311831975273,18.132099400605096,4.188022353264139,1.9002779128164806,-1.4660970810404026,-1.1658943426892847,2.4535010856916695,2009-03-10
351,-9.388397732480863,2.3261016422659813,5.109767260890322,3.884908198634681,-1.6616071682769018,-0.3218090376851272,-2.458176665479765,0.8796993427318771,2009-03-11
352,-6.221933627982011,6.708850358145744,9.52864424138587,3.7030118049245435,-2.6372675443605575,-0.29887971587240436,-2.7780163118838894,0.5016462423516164,2009-03-12
353,-7.529953587055264,1.6404643215631147,-4.854452173572357,3.3939083576031854,-4.529496978986426,-2.7955727072616163,-2.1843028670965214,2.5297509174283945,2009-03-13
354,-6.965064316537856,4.155540464340241,3.4388190080685925,3.5343436445385614,-2.885583949533594,-2.0345112888868258,-2.2692381508348336,3.1852999866748997,2009-03-16
355,-5.307785145195831,5.598416921241171,3.222187941830378,3.2804307410463847,-3.3868763504157524,-3.404121766921121,-1.5939846941510105,3.3971851518219944,2009-03-17
356,-3.6482727569106475,8.53281143256845,5.5292794872557485,3.340590591762506,-5.896072588435554,1.240870781309319,-4.199943160522763,-0.9684175227703548,2009-03-18
357,-5.4053601159001765,3.5362926124903447,-5.898545116436905,3.6917365303871446,-7.442208297094055,0.9484204530453647,-3.519995507731171,1.241649204951225,2009-03-19
358,-6.437775150794343,1.830141757112729,-6.503415857290487,3.5729455865788347,-5.948153921775505,-1.4124825011835243,-2.2029679299052285,3.870905404355649,2009-03-20
359,-1.6327414559184175,10.188563071521877,8.40686134779455,3.5633926469801662,-4.44781167183008,-3.2036369949395853,-1.8553915706918152,4.390828709088586,2009-03-23
360,-3.9519802814786296,4.321616311099087,-4.048621354295799,3.496667975964471,-5.540180868556263,-3.6077564514677007,-1.7472949754935097,3.9257746304461887,2009-03-24
361,-2.677838424783144,7.173149520324415,3.72868615813527,3.729792079080744,-4.652191359557496,-1.4860063652553606,-2.9774093750098216,2.602053472087841,2009-03-25
362,-2.3498386523343338,5.861608786102341,-3.068022331533003,3.371774061531997,-6.322952527135523,-3.08693616663622,-2.3052478584982397,3.357486245379842,2009-03-26
363,-4.274754335010275,2.7782026869095424,-5.934119348448891,3.412722650143587,-4.632503565841555,-4.550756944472006,-1.5765381685576632,3.888390662083591,2009-03-27
364,-7.108711869035285,-1.0655355208192487,-9.454983419770816,3.746018698320769,-4.156226358789215,-4.381303512089971,-2.105196151826924,3.5015517645605394,2009-03-30
365,-4.447795471323582,4.690562978904309,2.8055709621267244,3.407532543199157,-3.5260890602616213,-2.4360943647729876,-2.86923632797836,1.5500490243171463,2009-03-31
366,-4.44438757442721,3.770807846473251,-0.621091367463918,3.3278992233622433,-4.176732089515042,-2.543316784867841,-3.047805927261128,0.7858500151181567,2009-04-01
367,-1.4898427344548777,9.995981951423753,12.426186354381366,3.5444604306863745,-2.929479372360758,-1.6336285608693308,-2.8443556977950863,1.565295164349056,2009-04-02
368,-0.8745564461436364,7.739322646225898,2.170504726638911,3.9708535945793333,-5.223264613640048,-5.11592562624578,-2.111161713664051,4.6057009963994435,2009-04-03
369,-2.34637252972257,3.6036265401595315,-4.956064585544096,3.365623668691433,-4.443316269473407,-6.0130094926325075,-1.6725632554829692,4.049217388973011,2009-04-06
370,-3.942553990164937,1.9184096219550233,-6.2962261608522905,3.508365662122858,-4.737190866767019,-4.743446206120023,-2.5840530135294717,2.6865583371006783,2009-04-07
371,-2.2448949835183205,5.74782488526859,3.5535603138621092,3.244643161942073,-3.1115821954521583,-3.114613481786884,-2.5741500571771465,1.9616215837623376,2009-04-08
372,0.7785965225019578,10.037349469062578,9.423396000796842,3.2476958596436614,-2.2690500520586196,-4.996635290258511,-2.4525165627550964,2.6332337039351454,2009-04-09
373,-0.5925021082563833,6.23589113397999,0.2897646417050121,3.2819168058783883,-3.913668866379623,-3.0706388262557343,-3.819288693883706,1.387413728988402,2009-04-13
374,-2.078658484462805,2.591056540652973,-7.86300982010293,3.399152602625416,-4.550213846396623,-4.226992727216706,-2.9723412511833804,2.793550229939938,2009-04-14
375,-0.9262186283758223,5.10804383000629,-2.8007637495576905,3.207464343396673,-4.218419961954578,-4.277830943933697,-3.2842434426114946,2.3956287088199133,2009-04-15
376,0.16049012169762103,7.182802189267388,3.0411231333688002,3.263058872055602,-2.2075536557074686,-4.954041253229016,-2.833975327334308,3.0026256693571316,2009-04-16
377,0.9818523409851315,7.784294524187343,4.449199019626565,2.7581808935883756,-1.308131054811964,-5.653879078498639,-2.4783190381917866,2.9317832410383855,2009-04-17
378,-4.35785618299433,-1.5614705931894495,-13.406836695076855,2.6980836359037537,-3.2116040544687743,-4.913973097637664,-3.5039645799547756,1.7171236148241729,2009-04-20
379,-0.9403587173089741,5.531705056778772,0.30541869681405726,2.501350550416202,-1.8255161193681062,-4.848289595967363,-3.5825021960517223,1.277666133108927,2009-04-21
380,-2.2012366908278094,3.761134328398076,-2.131590496130622,2.0333513939747676,-1.7473799583456904,-3.7151705990007344,-3.5628519594994725,1.5674411581532337,2009-04-22
381,-0.8347354189057085,7.489951608055844,6.350323146328039,2.098964288705549,-1.178551554289051,-1.5849255352179883,-4.414336074208084,0.09973612767129861,2009-04-23
382,-0.280943179942982,7.170338137870447,1.131776068294759,1.9703855878395073,-3.0531409078531495,-2.2708296638898666,-4.169458295622283,1.2533289482213492,2009-04-24
383,-2.286033001449391,3.649274949324886,-4.796981316624381,1.6923683880939744,-2.1221214836646993,-4.35383514786642,-3.330064772599687,2.023859113334538,2009-04-27
384,-1.7972621821499957,4.768497013044296,-2.560527837846262,1.9278202425017146,-2.1529591217146327,-3.8086726685707113,-3.516824343784695,2.283632184765727,2009-04-28
385,0.7234019880346431,9.866555480377663,6.421171556615766,1.59640389215647,-2.2200275926170074,-3.184987313352188,-3.642698088954811,1.5983480817401592,2009-04-29
386,-0.3441415829455309,6.137754287560711,-2.7104254307209072,1.477439189821316,-2.7387079374192966,-4.084587323094844,-3.4029482986503545,1.667873142408563,2009-04-30
387,0.41324419750492114,7.725551764563431,0.5797725241157771,1.681296952907585,-2.584475581483854,-3.6025376837326375,-3.3118409860492286,1.8093796255623542,2009-05-01
388,1.75188781277693,9.477824620734127,1.6443127660912924,1.4378144108323552,-3.3761611364332427,-2.9064606463829064,-3.686365776355672,1.4426956046014818,2009-05-04
389,0.5397441146654324,6.8313085533423905,-3.5974866657792846,1.2074561020228565,-3.2247779440885904,-4.029100072296055,-3.0407505787897455,1.9511300094542166,2009-05-05
390,2.302672768161096,10.437699634891825,2.882643301730381,1.2859465196685935,-3.5989936065305317,-2.395529439811263,-3.810431140917658,0.8569328681645045,2009-05-06
391,0.9141792320059312,6.207941524314213,-6.306700416838387,1.7217083461116518,-4.197015622688072,-3.970350263079851,-3.3086329827239678,3.0689124262962757,2009-05-07
392,2.974491855085845,11.025471525282345,2.893258089815099,1.9276383719617611,-4.309860575036857,-1.6998783648636628,-4.282636213276978,1.151012210806542,2009-05-08
393,0.256613212269458,5.605312566338672,-6.964022211420586,1.7249244303160443,-4.297940080701385,-2.7082575952756565,-3.324824320925749,2.350320779923558,2009-05-11
394,0.9591769194374408,7.3165416099051335,-2.042127054793441,1.968177564725224,-3.6748221089408237,-0.7493781891688214,-3.7745742740338444,1.1759961220523147,2009-05-12
395,-1.5415001139437556,2.446164592456152,-11.586705816871834,1.9558172887667766,-4.242242064562677,-1.8041058531708842,-3.145046683091208,2.4721854768048286,2009-05-13
396,-0.2423364787444551,6.868397877789194,1.1876032285425044,2.0667071996314235,-2.113843269822559,-0.4314616944186958,-3.520834473293219,1.0175285571508221,2009-05-14
397,-1.9662868604624533,3.3530958413709633,-5.621942792851276,2.0677321532759394,-2.2302128164472,-1.4055736890308712,-3.2348546014086197,1.8751014783522515,2009-05-15
398,1.6357217534463386,10.303109430291126,8.577673368662218,2.2499294979562072,-0.5356241632100233,-0.5995789079222053,-3.302634840310933,1.5649948009909247,2009-05-18
399,1.8692668147845173,6.921286463260014,-3.7756908299401895,2.324041427706174,-3.220179988587665,-1.28547098998337,-3.057047540806516,1.7259397255765603,2009-05-19
400,1.8735765780506346,8.069840833730098,0.25347843714676743,2.583383081187523,-3.245711761224582,1.9594592254946048,-3.8710062407861465,0.15370662731680007,2009-05-20
401,0.9041684889203317,4.971768367564846,-6.1666394049335755,3.191327344888605,-3.4703303190527106,0.6419779875323951,-3.8599924427790238,2.412014888746017,2009-05-21
402,1.8091657774810395,7.090140930130914,0.30034691159298593,3.448944562353092,-2.100559199814528,1.7671268969633989,-3.986406705317962,2.3504696320393332,2009-05-22
403,2.8556145927940193,8.117246844112655,2.097957505956745,3.567733209794697,-1.335749339957868,-0.17708308226021363,-3.260061818821417,3.343244195056321,2009-05-26
404,2.2524393538769063,5.946054112258622,-1.8095905388983755,3.861524588250281,-1.7298835789940032,0.5114184490983801,-3.6030896375969808,3.5125882208865087,2009-05-27
405,2.762127055258508,6.296927013620289,-2.5664182354483653,3.7091506331697177,-2.59841236821208,1.0816187088708862,-3.8741763951150348,2.183923146341195,2009-05-28
406,3.3705514253086672,7.581579971923318,-1.1614076138176737,3.8738242203155377,-3.838652468623271,3.2430572588329016,-4.5428550414754625,0.8882825162952926,2009-05-29
407,5.79458935048428,10.362861998917737,3.667347411397876,4.471245561978226,-2.4395960788124245,1.5422692221061196,-3.702753151369627,3.6122552881820575,2009-06-01
408,4.953343392410912,7.772564285753038,-2.5302646971649563,4.513225549490281,-3.834811069458854,2.518012642412502,-4.34599290473687,2.6535608943623306,2009-06-02
409,2.8348787456681217,4.16611839636219,-7.107620345439422,4.24610743417008,-1.9926740734338386,-1.1186696987625222,-2.946770768737084,4.342630948139119,2009-06-03
410,4.926041256214926,7.25317414586854,-1.8947265708482188,4.847319333830947,-2.583087777655151,1.635001155408515,-4.590442807929053,2.607316731542504,2009-06-04
411,4.179729872148106,5.901777112922639,-2.4902351884628278,4.808379400512747,-0.31033159209441974,-2.124462215365294,-2.854392983795587,4.523898868261747,2009-06-05
412,4.300010650358646,5.966550670805326,-2.061190361766742,4.846277182753697,-0.7666585023454618,-0.21428972349130343,-3.9821410383254556,2.354565695933395,2009-06-08
413,4.344872802819422,5.987212068400549,-2.5012509414282764,4.704551639199928,-1.4580117336518421,0.44200502367753,-3.78702496631108,2.6925888398532223,2009-06-09
414,4.4640379972113955,5.349678445981942,-3.6173624026574154,4.933822196666049,-1.297463669580497,-0.032218738203569235,-3.6722962069804246,2.811156328719303,2009-06-10
415,4.646427408180438,6.377526828833475,-1.0104383538258828,4.83536887901261,-1.4548973662069142,0.7438955699005466,-3.6915623492380703,2.2298078580086202,2009-06-11
416,4.762984859165964,5.781006856673228,-2.4013105181455288,4.711061740456659,-1.0019721481000954,-1.7621419679691581,-2.7679086233850168,2.832452055769856,2009-06-12
417,2.1441856134125468,1.496530359782059,-8.726541006644942,4.726066167815735,-0.31045315722132893,-2.845958160532026,-2.4954439230785055,3.0106214160954075,2009-06-15
418,1.4906032175952457,2.357502206614944,-4.786730266359056,4.787565755907972,-0.9698377220391851,1.1571064857971778,-4.041063088886933,0.3406743105725027,2009-06-16
419,1.4519692189688143,2.539423691064364,-1.6023489955005434,4.782175931053926,0.24418207949930668,1.4268977289502618,-3.525536127620265,1.1583099144749378,2009-06-17
420,2.474124943159435,3.883296503790425,1.424651023946839,4.901378949848951,1.3931913472161295,-0.3792877345240377,-2.852954674444383,2.0198627946646965,2009-06-18
421,2.5286543287315593,3.408970703195328,-0.38244931994579157,4.707719612436225,0.776184295882329,-0.18598892088098104,-3.194375191789523,0.7860694687095022,2009-06-19
422,-0.867341695918475,-1.8256915014347737,-8.816959778628174,4.391616651641165,0.7522067113733322,-1.6329193408630798,-2.4330642460428744,1.8594593006070537,2009-06-22
423,0.38906362495985114,1.9336577519202403,-0.6468339038775801,4.625587499077883,0.656249148263189,1.799358428712201,-3.684962128157442,-0.7554184503649934,2009-06-23
424,0.6599916007424145,3.037969660636591,2.2529612754759585,4.455013820215523,1.846213607162982,0.4321717075130284,-2.8803848614368524,0.7395045894467527,2009-06-24
425,1.702187483455581,5.395365286500922,5.265942366876694,4.139578924043991,1.327828414106948,0.9722784662313403,-2.91518946422196,-0.7204396758440341,2009-06-25
426,1.2331659371541965,3.1725803914222817,-1.5139312430227938,4.070179887110015,0.4638787489419439,0.17038633855500165,-2.6690447922016647,0.5116600662689484,2009-06-26
427,2.249471743086788,4.11998590662833,-0.9097249579880118,3.881615687472616,0.5377068552865273,0.7453868606122475,-2.542461046418573,0.19790668836553305,2009-06-29
428,1.2617208160356037,2.297134704738599,-3.6663349869866053,3.4958576094065252,1.3096947453467631,-0.1743792101063438,-1.4908628235601737,1.5113394390725343,2009-06-30
429,1.3986818753190315,4.1639454530586315,1.5079115600136959,3.5851793913483125,1.4014080475983375,1.4536728181767051,-2.4396181126207996,0.23518646502608767,2009-07-01
430,-1.346035276646332,-0.8450283083374895,-7.841378551297829,3.2022583351091725,1.3536907910524627,-0.5626289592309771,-1.5110021801192088,1.9788287347450213,2009-07-02
431,-1.9996226093053995,-0.41275810362081516,-3.3539599228018764,2.9199755927429467,2.559889846500988,0.32690669423669483,-2.06259518442183,1.0437173470949892,2009-07-06
432,-3.2808497652618924,-2.321917734153888,-6.16544959066186,2.639390895044555,2.605989721879312,0.7391045937674291,-1.9175746612978402,1.4748420204453192,2009-07-07
433,-3.0559120856286635,-0.37234553271203724,-0.13063475050669,2.3730908330663874,3.9380985712958587,1.3407209476167763,-1.8679226397865185,0.285682444558602,2009-07-08
434,-2.216929611127447,1.2783313651552686,1.9883876555654774,2.602767695646865,3.430799317530589,2.1171230525815132,-2.22578653838118,0.6337614942909804,2009-07-09
435,-3.2136558997634217,0.09612425248300596,0.2032818198102061,2.283505482757213,3.4048323047754327,1.89181539693657,-1.8213769458061708,0.3830626523906034,2009-07-10
436,-1.492812925335077,2.7755358650517423,3.785938007727181,2.230194515751736,3.4675485770857435,0.8923599755571441,-1.7282605613841067,0.7753816606142904,2009-07-13
437,-1.1153386515220283,2.7846474718736633,1.909510416168449,2.5148558073667178,2.8163829375996148,0.8044907274401271,-1.7729210319946451,1.572092995046126,2009-07-14
438,1.6746129339582732,7.39815813513521,7.6761044671717436,3.446856649753932,2.352592963556228,2.465241134240334,-3.0501328489963133,1.7229274293216532,2009-07-15
439,0.972015369566826,4.820245534417145,-0.402566142979169,2.7473722988914138,0.7948761588711547,0.4573149834807891,-1.9010606582489584,1.5483600529852022,2009-07-16
440,1.1784490079566856,4.939022360710554,-0.592954317985768,2.9767512446941002,1.0258675061196767,0.16481809470699146,-1.721466755715242,2.0016395099969237,2009-07-17
441,2.1752212213418396,5.534605796603684,-2.5553425125204106,3.0269977986586363,-0.04233804828891588,1.4145534736609235,-2.0699743497437875,1.3080134854957093,2009-07-20
442,1.5979015234808651,5.399006689857996,-2.269181531072131,2.868893753056779,0.4875235645404682,1.4695058127371616,-1.6528575794382878,0.9383905188073903,2009-07-21
443,2.54255480722634,5.686456937438452,-3.3774604934735604,2.998805616406593,0.08370311172296238,0.935417990853988,-1.7910439671029406,0.8891396791565291,2009-07-22
444,4.18571855217515,8.221726952831446,0.9573489861899231,3.1502669192063517,0.7732276449889609,0.038156705827503475,-1.6193428675016266,1.5232224767180074,2009-07-23
445,3.5190776834068647,6.315618575250125,-4.27005910824749,3.0628402537888166,-0.11063047577306709,0.409063436959822,-1.729842626152584,0.7985020030975677,2009-07-24
446,3.8859553509284006,6.7879386896589535,-2.1671448119359056,3.26164950226891,0.7866080192938282,0.7980881540320159,-2.0110572256469395,1.0628877181023362,2009-07-27
447,3.0050424281896273,4.940043765101379,-5.917109973643155,3.0223231746231884,1.0097211444623329,-0.5144012953347349,-1.5546600367534833,0.94479508861091,2009-07-28
448,1.7689208988640952,3.9504160730760307,-5.4147118710244,2.938332701796855,2.3189231292039567,-1.6459341542513692,-1.4528354563289518,0.5642125602120528,2009-07-29
449,3.128002770187958,6.906524327896826,-0.26818088509597265,3.06408118700632,1.5818628092573197,0.686631710460592,-2.284009144954744,-1.3465078311958758,2009-07-30
450,3.045321814861243,7.0772702773555,-1.099395969730582,3.236097718860929,0.2728458809648663,3.044186227347278,-3.165001256911353,-2.879039302524452,2009-07-31
451,4.754435153703376,8.537070658539072,-0.27239943348967494,3.564077003554047,-0.2235026453066408,1.9057236025351305,-2.818382277207255,-2.0152982570734292,2009-08-03
452,5.075710403288027,7.758161600631263,-3.122938807190378,3.6968800684701573,-0.6760603798221257,0.601626912485875,-2.369632014463765,-1.2422470151042528,2009-08-04
453,5.844575496413567,7.574731805341413,-3.650238810462528,4.011723901767354,-0.8624242341758513,-0.2616391485197857,-2.46574651789884,-1.3329600213675123,2009-08-05
454,5.334287228997203,5.774350926207521,-5.9450598636746586,4.130142370193555,-0.7933395354305114,-0.006190691554661616,-2.649048149218989,-2.028506037310407,2009-08-06
455,6.121296724460882,7.258164524548381,-0.8457202589881613,4.133506829361454,0.8371762831626547,-1.798923819030275,-2.2632462866051704,-2.203542480806741,2009-08-07
456,6.007424957984568,5.772819519309231,-4.4460233000145335,4.200776383653089,0.21190836528695298,-1.6260844497939562,-2.2948042212257014,-3.0777704444293437,2009-08-10
457,4.4212207115532305,3.5848425997091518,-5.8087056967141475,4.277507117224571,0.8829763138418031,-0.6966184075300123,-2.429736076816047,-3.4437008329165573,2009-08-11
458,5.961406126609237,5.401171124540041,-2.3178265992059695,4.637385286783529,1.0270429426593988,-0.03591062536906813,-2.9580168476522246,-3.8976272797028484,2009-08-12
459,5.790091087649792,4.815242797087419,-2.3243285874177966,4.472945290316687,0.7771078434963018,0.7120216729372396,-2.8710680029574935,-4.6632166986794505,2009-08-13
460,4.697561628172461,2.830742056311049,-4.287335318365214,4.605159362776588,1.5438429834258849,-0.6645726067858783,-2.2463497948855435,-3.8452722558552335,2009-08-14
461,1.236121841197188,-1.3396576208657738,-8.551401339423235,4.388097618013585,1.9483832273787633,-0.1998329053376477,-2.0065206347682474,-3.3049192321287983,2009-08-17
462,3.0610821595147626,3.3433649660825893,1.2995071426987115,4.346446887057227,2.518515748290781,1.074119506440995,-2.2899184202541325,-4.008587103459913,2009-08-18
463,3.3008396629893726,3.6170827039880553,1.004469271302545,4.29698403615079,1.950517242123969,1.8948386488990558,-2.360598231880102,-4.358601462187605,2009-08-19
464,3.7101441726185564,4.345705184642015,2.389507601663983,4.042087390983422,2.5010803423911816,0.9252082150133955,-1.6735837031264673,-4.026932173041473,2009-08-20
465,4.50645329727821,4.917231515348359,0.3042133530992465,4.312358152059982,1.1931243188381517,0.9230418954413612,-1.7349402824169626,-2.9211007613238684,2009-08-21
466,3.2703383718279824,2.9829855340945155,-3.5658432902634223,3.963156542355688,1.1780931380940054,-0.26104340025954503,-0.6925372722302393,-2.4086443762879304,2009-08-24
467,3.251593824517387,3.2288006012717885,-2.1456029557275453,3.6696588815952738,1.5779950329361543,-0.006470202128281362,-0.9450330226022531,-3.1349517856381413,2009-08-25
468,3.0011009742419077,3.717244386052074,-1.1185986355300377,3.664473697920965,1.3809643869881736,0.0684440879358203,-0.7036927203633143,-2.9531871125886413,2009-08-26
469,3.2641957044750862,3.621483893821864,-2.1700719314275676,4.1676189769827685,1.1557926559678138,1.3035169054431672,-1.2482794311814895,-3.93933498961556,2009-08-27
470,2.4296829320197597,2.9955868835163018,-2.3391382677422348,3.3263209293518563,1.0393800779567475,0.8423105387348562,-0.5098134182175558,-2.8131091941299173,2009-08-28
471,1.2848415549394037,1.3340231604110975,-4.221233624334826,2.9886373896938023,1.6601863020287622,0.24547368041666778,-0.37599051170516073,-2.5534202762045437,2009-08-31
472,-0.7883191138382651,-1.3636311197807243,-7.228309798923846,2.808926049235998,2.1680487040881538,0.8717651641082533,-0.07687548562889349,-1.952199907172701,2009-09-01
473,-1.1514929980631314,0.23891890110954786,-1.8286704963659002,2.58701485959064,2.0845549986610346,3.412356921059768,-0.9978562214442074,-3.6093638317282717,2009-09-02
474,-0.15269701171398406,2.4828702163754133,2.0366104062876875,2.3950793099415444,2.2867538173998554,3.0651137077138007,-0.5642999839401007,-2.7764538864632655,2009-09-03
475,0.8863605853555712,4.011207845255946,3.3258588622422636,2.561355990498239,2.0867015008387866,2.357751227805087,-0.45729770165860884,-2.1249612492358194,2009-09-04
476,1.511802067112057,4.85165471750226,2.3733949488237993,2.652026880854292,0.7392671698622874,3.370151874900454,-0.5031456212377131,-1.5097012874930682,2009-09-08
477,1.418571074526486,3.917014486126195,-1.07276462263945,2.524489576779733,0.3295143488469813,2.1209481615674664,-0.14703415228891614,-0.9533622612624713,2009-09-09
478,2.0444593420552,5.3641092346162615,-0.1063604658523785,2.2421457590374123,-0.5314220578775911,2.7010181196282588,-0.40103481952518283,-2.065076051798595,2009-09-10
479,1.3000680570177334,4.445232297024121,-1.8413994339945363,2.102580803907226,-0.5866835089806041,2.681050647806816,-0.35357367593519706,-1.5402561437014795,2009-09-11
480,2.1890579042501006,5.282571678758816,-0.5730663684803081,2.1225173635559407,0.17946206569038656,1.8319769796479042,0.11273794850004448,-0.3138639215605536,2009-09-14
481,2.957807134009155,5.840760930690141,-1.6171567772442412,2.176632138171888,-0.8474609621190473,2.8219509850853512,-0.3323249489122967,-0.7726224635787766,2009-09-15
482,4.969950058982288,8.034535235473259,-0.06567245496565803,1.9508154413582475,-1.83879004286339,2.544248625805386,-0.623110850907027,-1.4882750116655794,2009-09-16
483,3.860710740977344,5.510927789294012,-4.883812452840708,1.688970570656606,-1.9604751768967308,1.6289942199571783,-0.05018219501834131,-0.968996739890039,2009-09-17
484,3.7013288738890644,5.285495338272665,-3.5385926127938054,1.847859499276513,-0.9639110351115424,0.7677998128181646,0.10227279821986934,-0.16900753169985408,2009-09-18
485,3.457202877754869,4.183955564345889,-5.464247909104451,1.853415079168675,-0.6239622380873132,0.5788627500779985,0.022161699342341797,-0.17911948752374993,2009-09-21
486,4.349763319617859,6.372321789517731,0.11619577909382246,2.0172174338145448,-0.7704687493257228,3.2222998089649755,-0.955286729918521,-1.648881428728406,2009-09-22
487,2.7686725353494834,3.385485224557812,-5.07281297727547,1.864065239647985,-0.5095707146096319,1.2209919286803939,-0.36310059069196354,-0.58464448713962,2009-09-23
488,1.4458562475134602,2.0779590423117766,-4.967952850284829,1.8920866624939596,0.48681283520262564,0.6155724615121939,-0.09800981840038105,-0.10767180679375579,2009-09-24
489,1.0190168110707067,1.8216575757117741,-4.859945972328744,1.885264863977991,0.2284138779818675,1.4723917834498792,-0.2689888837023847,-0.5719255682823248,2009-09-25
490,2.332709667441267,4.948869061031788,2.0963776017424465,1.7656214773865697,1.1206456287992652,1.6406868480421424,-0.4855330894042228,-1.4550894509962364,2009-09-28
491,1.772241965592284,3.3723899546446052,-1.5175915525375139,1.9161135249340633,0.6748203285453375,1.7297744721062345,-0.7374810541467851,-1.266629538648337,2009-09-29
492,2.0490608135992296,3.9187581894427748,-0.7513120482255575,2.169916120118233,-0.2180837603072691,3.272167948029831,-1.1819428658871818,-1.3003247428135605,2009-09-30
493,-0.2778202695161902,-0.7839060289423249,-9.701358570095595,2.0418730070917626,-0.18939098752510578,1.2547606684040007,-0.03454342975879676,0.24750848132176034,2009-10-01
494,0.63619719486334,2.3554675632751487,-0.9678908315963934,2.197049513447436,1.1111317302283101,2.7645867904975874,-0.5823971749856113,-0.6208045296976078,2009-10-02
495,2.253171400194744,5.083376374808969,2.5820286202878764,2.2830265336001867,0.8827703822461416,3.480225733304298,-0.685198054335333,-0.9081431305711508,2009-10-05
496,2.796074541796709,5.746570707847672,3.1968690852628248,2.6608884378690787,0.7202512502092878,4.421646963766422,-0.9540332837406212,-0.9206949051967814,2009-10-06
497,2.2065964072936826,3.947006228409968,-2.3608820195129674,2.1770223963061865,0.12846772679447457,2.9393123877473877,-0.13641650643882308,-0.3013498888342135,2009-10-07
498,3.061058072523528,5.470248255499678,-0.496210195266285,2.5910713826407172,-0.3471725120361503,4.09507387600799,-0.4013904833679496,0.18657108808341255,2009-10-08
499,3.155379353012985,5.185166189815911,-1.2553141509240224,2.789947490339465,0.6992902330037162,1.2102256987453162,0.7844142656725971,2.487530027673415,2009-10-09
500,3.3293410225333373,5.992182174632328,0.6250217249211234,2.7878696694933778,0.2527736474363561,3.341824696414223,-0.09112748290412387,0.7009504438929717,2009-10-12
501,2.4534643309752573,4.476044509877692,-3.039438579576247,2.519440681293746,-0.3916442719928964,3.2966574943365643,0.33904251285865983,0.9783164631735582,2009-10-13
502,3.563004892659256,6.150815164963333,-0.4821970755574703,2.743638666280027,-0.1353476441521261,3.0703913258541853,0.18714665763489913,1.3563289427669385,2009-10-14
503,3.3677089542990473,5.480946214589817,-2.1587424520140135,2.711345342661386,-0.027165612098049158,2.083107222550611,1.1786092357984996,2.4409187241660577,2009-10-15
504,2.4871805864370318,4.449749757627455,-3.428939501744786,2.6300372986510614,-0.22805530401408705,2.7283529014326904,1.0665260178365703,1.6697072400059547,2009-10-16
505,2.7451312697249883,4.995721172049561,-3.0142758814625092,2.542475017375183,-0.8299856777212752,3.4338502284765875,0.8362886604464128,1.1912154865548326,2009-10-19
506,2.1782295319418954,4.112432408865214,-4.146355260998108,2.396545114396028,-0.4136275333034257,2.53295895481906,1.3781617173129836,1.355730870066898,2009-10-20
507,1.6728789797550967,4.048865700280343,-2.3260181511253264,2.4286126306785105,-0.19491853351879254,4.098197880650925,1.0560808268678115,1.364113635758032,2009-10-21
508,2.945921535053283,5.825420485982105,0.05642192064069102,2.280085617790152,-0.10208954792340066,2.9171757970633854,1.5380753543425278,1.8871511895645587,2009-10-22
509,1.7601283156565852,3.0094281885367935,-5.165201613105907,2.228405276041907,-0.35793578490587097,2.5277900549480288,1.4532042462900443,2.073186547986918,2009-10-23
510,1.2701735820531046,2.444271968796169,-4.016841907896042,2.372991848567545,0.8748452757520161,1.4555473439608662,1.6278260331853929,2.9471158154513066,2009-10-26
511,0.6975552676523474,2.012030414817052,-3.5992862324832746,2.309339757331553,0.6830088197802732,3.118541927916058,1.3717958392363951,1.960470320233603,2009-10-27
512,-1.738016898791259,-1.0998889280579682,-6.512289433333523,2.2027053317082603,1.6934717152753438,2.5436430008919517,1.4837874993375995,2.3459121679965707,2009-10-28
513,0.9913299738508118,5.072042938989764,4.99866754543654,2.4210767515220386,1.85146285782998,4.376290258349357,0.4282706112765926,0.7451349093268989,2009-10-29
514,-2.574249021379594,-1.1978418463200786,-7.415267885031071,1.7967525795859738,1.3089777203883322,2.5526329792993643,0.8434875827050099,1.8415525546232934,2009-10-30
515,-1.3047038700813334,2.828223658119867,1.3892304590207187,1.8632740553121008,1.8043105395449306,4.399390589314892,0.12320096415859727,0.5413986279590369,2009-11-02
516,-1.1308929361128148,2.9466338245460912,-0.3619872305380734,1.8860541915962123,1.137835065064123,3.883497016417479,0.3384844250124708,1.5093804737372598,2009-11-03
517,-1.1466896662468335,3.4751162004463874,1.6193100380295644,1.980126987481084,1.7134809486548324,5.245519544084659,-0.07186069366547987,0.9546816351254149,2009-11-04
518,-0.6160521351592937,4.170892766796681,1.2100724058439423,1.788377052775129,2.2176336242327825,1.3390254050223214,1.2835346173131605,2.7075990124340414,2009-11-05
519,-0.992341057016837,3.594478395506713,-0.14735163515341215,1.7166672101673304,1.5026048577625462,2.8003546115745768,0.2819590420827923,1.3337593252328737,2009-11-06
520,0.32574436426714487,5.06293741802171,0.32758651256339344,1.7640149925425817,0.6553068190258692,3.554703161266624,-0.12805436794307035,0.9918446642591039,2009-11-09
521,-0.13881223033562004,4.595936991577585,-0.35877862352785367,1.7328760249791466,0.5362865684252626,3.6081655815960074,-0.19208898524365225,1.2357387953024221,2009-11-10
522,-0.19030966240089817,4.288469399029266,-1.6667817824257116,1.512288058002424,0.5545374751626729,2.981730313975797,-0.07690816553379443,1.285637356314953,2009-11-11
523,-1.728296570335422,1.467371344193292,-6.238872461104062,1.3695057146465517,1.4775670207346367,0.6319504784832624,0.8793244526300866,2.8883953542684786,2009-11-12
524,-0.5854189053993264,4.273899884977862,-0.4941182110053883,1.8797816215920375,0.8439232686556223,4.919142444623585,-1.0491128246482844,0.1480101650973978,2009-11-13
525,0.10685431705259697,5.410765658264854,-0.11568034436238799,1.8464344204730307,0.06376733316421487,5.020804367232573,-1.0837512800280782,0.025451511460650944,2009-11-16
526,-0.32997970397000276,4.634043400885515,-1.0744003464705347,1.7295841024250378,0.8174391335646817,3.603614697166057,-0.4644415961741978,0.876260158954127,2009-11-17
527,-0.31289799118884376,4.136976193534444,-3.1046715813226045,1.851276489332532,0.3374782841408531,3.078473238087564,-0.3162723584035342,1.9733575720968966,2009-11-18
528,-1.8074251524204645,2.252256157944854,-5.481683811065307,1.635142681104192,0.5037376205082614,2.759461347754914,-0.3327408557463627,1.8166229672405108,2009-11-19
529,-1.8465197556690305,2.995527295659635,-2.311487648137251,1.6604364521596222,1.2840161411024653,3.486461329018953,-0.6296698702076765,1.2955639431158654,2009-11-20
530,-0.7263009984817378,5.151118835228228,1.4101248873552439,1.832311599221933,0.9407267432993222,4.683375804494409,-1.2726745300645608,0.2792606000242365,2009-11-23
531,-1.1473312340896962,4.1318266996220965,-1.753118762812426,1.6189558856895632,0.6309975941402036,3.727115549699842,-0.6092442940416852,0.8064771690671384,2009-11-24
532,-1.0417666859612391,5.183993919014983,-1.707584218153702,2.43636878322398,-0.6070850354842355,6.606108293547985,-1.9750862946335073,-0.3619793305671853,2009-11-25
533,-2.6508961205355495,1.464317602588886,-7.408177769518366,1.5079865193584776,0.3998840112492378,3.0950293212668534,-0.5334325768593878,1.8231171315961479,2009-11-27
534,-1.442539549024104,4.077005931605024,-0.10246332362682146,1.4663523975527868,1.0999736355653034,4.94260652982687,-1.0322640476066491,0.3439827145340949,2009-11-30
535,0.9659313318779461,6.202085898227071,1.2977798548440456,1.992281389022312,0.24736432152341256,4.454777401893953,-1.0632441739599134,0.46123908771817285,2009-12-01
536,0.7922568105664601,5.152358359129645,-0.25676937159617813,2.083945297445617,0.41186031921980704,4.33703918922422,-1.3351124435702983,-0.1409226766281807,2009-12-02
537,-0.06873157948560375,2.672753222617806,-4.52676390174639,2.2836733099427002,0.3762542918304731,3.3949877421838623,-1.0216796159479198,1.507604428571375,2009-12-03
538,0.7062749739354232,3.7001293594319424,-0.8144040221201722,2.4292050781021968,2.342923861886992,-1.0114148606603934,0.5359847068697943,3.0485164322335896,2009-12-04
539,-0.10415633889864233,2.0618374487215503,-2.74342063544053,2.3887727121055335,1.8680723954575662,0.9318034048400514,-0.5656314656888904,1.447163680381881,2009-12-07
540,-0.6918215070830557,1.5360981195122025,-1.06008057586049,2.379444161859236,2.9366782418875164,0.6537145197989805,-0.5427762502038181,1.3524108279237248,2009-12-08
541,-0.8005206761746816,0.9511845756456575,-1.435387638097366,2.5176600986749826,2.671846951294279,1.389467311043704,-1.1105784547625708,0.7787848246122753,2009-12-09
542,-0.1670806930615981,1.4651136042946644,-0.37757187772227474,2.8072751670077487,2.812286290591137,0.8320569762932356,-0.8460845515349883,1.5865492914552404,2009-12-10
543,-0.08737388619558642,1.3181985923927566,0.07406845063773408,2.750292975541375,3.3143738555927587,-0.40483407853983183,-0.33231972671084453,1.7965783844524918,2009-12-11
544,0.865525819304318,2.4900429132517035,1.292137647758289,2.7249496864938956,2.259477813624655,0.6620501431209866,-0.9715114716704109,0.6648774906037288,2009-12-14
545,0.25108657298602366,0.626289981218425,-2.040666422321382,2.626866429447594,2.180239122818812,0.08247428073601965,-0.6756959782533677,1.132905092350054,2009-12-15
546,0.8484094906957718,1.8570071734174243,1.0531299754032624,2.6348839561637307,2.3724440816142986,1.1017654735235651,-0.8822956519557791,0.8905490500007887,2009-12-16
547,-0.808771108175282,-0.9305121394236415,-3.496344208266001,2.3893507011236386,3.1081388693000367,-1.6586852972607222,0.8282552605133544,2.338790344845192,2009-12-17
548,0.18096462235309127,1.300768727821263,1.2186148614138705,2.611899574894472,2.890421898353453,0.28783064614738324,-0.12337020725415532,0.6087612028109741,2009-12-18
549,1.1087981535153095,1.910645102324631,0.7719936160375835,2.684777861573733,3.089152476078393,-2.5915065428422324,0.9056537085291824,2.1786655615761887,2009-12-21
550,1.694559525930225,2.4441556555814374,1.3669557102661525,2.759141260699139,2.828438279501742,-1.8184744106202273,0.5742333653489441,0.961789211467235,2009-12-22
551,2.0117860803908574,2.2931611717523896,-0.5532157515321361,2.7514310996773665,1.8518511610735309,-1.0561847229433068,0.6782782429675248,1.274217188037653,2009-12-23
552,2.5419113495569143,2.9362103414731786,-0.031218295022731817,2.895195971094217,1.5545176348096656,-0.6854088031039843,0.35676332794300036,1.1407654449426496,2009-12-24
553,2.12437903528083,2.036727027285019,-1.6417952889826881,2.7286270824622774,1.5441638612433222,-0.9595073161661177,0.7748503271998659,1.7395572772725691,2009-12-28
554,2.4876683519911427,2.0656910852909856,-1.7323839570001711,2.6306480377194856,1.399879870016873,-1.9983400265623588,1.3405936647892738,1.35940602977543,2009-12-29
555,2.478589890786287,1.8477987409522474,-1.9579013829202083,2.4776370686306404,1.3549510891381475,-1.951778862804543,1.6609213585531981,1.1196639485641486,2009-12-30
556,2.2392802284715163,0.6460759985049978,-2.857150015135437,2.55370156636333,1.8177249203017003,-0.9009937514065519,1.3966148693633829,1.0144465196703325,2009-12-31
557,4.005127210727458,4.182179878224587,2.850938978614413,2.921178636397049,1.0996346638551997,0.747645186289436,0.8495659918595958,-0.11622320844561596,2010-01-04
558,3.910254575989876,3.136348005045148,-1.0799137871589448,2.669075896953823,0.48147301054449676,-1.0670039545240515,1.811467702421637,0.7627129252622789,2010-01-05
559,4.085427493626138,3.530102901407034,-0.30421782521519086,2.8340416226943397,0.18937295751256675,0.45874183970803256,1.4500388834544458,0.6943040436178252,2010-01-06
560,4.238634944863476,3.0779311248139214,-2.2482179091976966,2.7020959661716826,0.4012865930841035,-1.8026009388708126,2.3454489728532244,1.7421528156958608,2010-01-07
561,4.925361497843143,4.1828522722529815,-0.42541329355014706,2.9341281089222266,-0.39648220593999983,-0.04153305279042357,1.5755135468039838,0.07708495791836664,2010-01-08
562,4.642672388452955,3.528339841762425,-1.9023917048861043,3.044897747722683,-0.8091857462696127,0.321071793359416,1.5846804533288317,0.32187852428957536,2010-01-11
563,2.7932057005191195,1.4662513143108438,-4.043034878851056,2.7408189123005555,0.06317719614304282,-0.392116554158952,2.163693593732501,0.3444508800226637,2010-01-12
564,3.576399447914231,3.014225056928671,-1.4217090721719496,2.917700346126844,0.22919772873607366,-0.18261568919264998,1.8407015468412953,0.5241276996691981,2010-01-13
565,2.9533969206823016,2.814648045367278,-1.594331885568585,2.6198386306779637,-0.016102127184798004,0.6674478557166258,1.6945367803732752,-0.540040640558094,2010-01-14
566,1.6641587454680888,1.3791150079798387,-3.10642670635077,2.4244650268398247,0.7704976415414155,-0.15611551541807928,2.1504306283890027,-0.18247989405142123,2010-01-15
567,2.575945793181911,3.1256643208486077,-0.08668105895372673,2.4634555531757765,0.9410129186985307,0.2264051001257778,1.7395159927775417,-0.6940793201587577,2010-01-19
568,1.258627825025307,0.7264911801406505,-4.602178655274665,2.09655592770169,1.6044968613124684,-2.3033895364732544,2.6141796901104937,0.23921806633750245,2010-01-20
569,-0.8546375400257932,-1.2604807935022795,-4.429628673715208,2.14274641321752,2.7012150492141473,-0.33816592618623736,1.6519841035610656,-0.36744662821531926,2010-01-21
570,-2.7493690945737934,-3.0475702369405706,-4.928851418433176,2.104680463766952,3.1462586080716606,1.342159659796796,0.6313756013450349,0.07284392507103266,2010-01-22
571,-2.007735818169044,-0.10169056243389371,1.4031129727576959,1.9895064793084878,3.987689298750287,1.9731885547544346,0.7667508233105758,-0.7101062776230416,2010-01-25
572,-2.5096313871422327,-0.705016200402792,0.0497894193795912,1.7720783263644715,4.582672470541009,1.2429910978948038,1.1281392145727447,-0.2947610159060031,2010-01-26
573,-1.797351911837366,0.6998904177570295,3.0035409086123046,1.6574958528544628,5.360324338272939,0.5570756082166579,1.2673673094270093,-0.24447065124715545,2010-01-27
574,-2.760216655797015,-1.7375954724354856,-3.3889920316280535,1.6124591330135905,4.410036330311579,0.5960497069040471,0.9802328667977865,0.014248453788484161,2010-01-28
575,-3.126046904052391,-1.666231823074247,-1.8999667242933211,1.508372772146468,5.390175501977627,0.6411343651882231,0.9109042194323903,-0.40188576951711963,2010-01-29
576,-1.8352401230321866,2.2235382060380617,4.610589998831468,2.0181946260482793,5.548756409822603,2.5911528060003217,-0.08198725385953332,-1.731737945332553,2010-02-01
577,-0.5354758792056084,2.9346330384028994,3.2775877800857764,1.9286850117920966,4.435144255593685,1.8417015978964293,0.4653373625962227,-0.7877435409517943,2010-02-02
578,-1.2886343813771994,1.0738659885002604,-0.4702563768131262,1.8561976764695507,4.9360067974942385,0.6065924537471762,0.8980392465596099,0.46688307367715093,2010-02-03
579,-5.0578654502629785,-4.185288080894531,-8.783112139580314,1.5736114633024392,5.395250379118471,-1.409242534140889,1.5639187723543255,1.5120538500146812,2010-02-04
580,-4.495433656271392,-1.459193195302055,-1.3752956075123421,1.381188655451705,6.40502205798477,-0.10960571379714718,0.8129299178741227,-0.31873200959507014,2010-02-05
581,-5.3000905197183865,-1.780392586517304,-1.0283801869611038,1.2817373484100916,6.543925169821918,0.6858141729654349,0.8341003923556805,-0.35717054929342107,2010-02-08
582,-3.901758794247268,1.7043231331506254,5.872402519609081,1.6521021439960342,6.775453642967435,2.610398031950365,0.06445185653131852,-1.3257676785345218,2010-02-09
583,-4.73631682355337,-0.8916992089808025,-1.4714419998748351,1.5637088834714292,6.192278253369803,-0.13435459477836093,1.1603823274011056,0.7382780389491972,2010-02-10
584,-3.6005919969954405,1.4548953744558868,1.798069587726147,1.752547807320044,5.692589499142846,0.9201668494903387,0.5867245190969551,-0.2842189949190627,2010-02-11
585,-4.051692113303285,0.49372053320880355,-1.2056854415678804,1.5396220992859118,5.504155942364688,-0.24205473362683122,1.2465554574043285,0.28571134606085835,2010-02-12
586,-2.300272852249632,4.331775281813293,5.222714750545035,1.9829007359540995,4.79866437515965,2.875450765710742,-0.022542225329395097,-1.4659637788581472,2010-02-16
587,-2.335250475491083,2.745300482285826,-0.6192005189906331,1.8649984236677934,4.789258796340737,-0.7618691728452066,1.364262424641959,1.0460284880664452,2010-02-17
588,-1.9630378242199473,3.8830396028260665,1.4277310955012765,1.9096442739920116,4.680177079579691,0.42611443453346626,0.892530800198843,0.051730963655485296,2010-02-18
589,-1.8907880172481446,3.0462629906723047,-2.607817737147877,1.651129256850828,4.015823227637648,-0.9430089437570518,1.6125344511314124,1.0001863066834813,2010-02-19
590,-1.4346876312998584,3.6780407974160605,-1.4741463023304036,1.6980947916531368,3.97324056742369,-0.5153560687644322,1.0611980317074063,0.036984584920155494,2010-02-22
591,-2.515396909942048,1.5211595016353308,-6.325644550001081,1.5136521399108107,3.8292101124070226,-1.7881628046735942,1.6934165261474217,0.04073292100744624,2010-02-23
592,-1.3864160588928909,4.399675260528708,0.03185148993057258,1.6773442570038628,4.513868147697988,-0.7022121822428623,1.3208627708235405,-1.0385468883672415,2010-02-24
593,-2.061419075071159,3.1782078621437613,-3.214374591900544,1.5117226975540923,3.7745987368539833,-0.8670164517415527,1.4029584763634295,-0.973922319782364,2010-02-25
594,-1.6729259878397948,4.626396680890871,-0.005957232816705674,1.574676868541033,3.7393674887235973,0.9044052127251242,0.9319673306083001,-1.8420534968835536,2010-02-26
595,-1.272696621749677,4.584866936083274,-1.7213250204860306,1.4336042019174076,3.711796980183026,-1.2188509256365712,1.6073989406834461,-0.8587789052101249,2010-03-01
596,-0.15104687955568927,5.8938229824795885,-0.7926596905676578,1.680336761205692,2.9954647763985665,0.17596147710599813,1.027161458714691,-1.5930876574764161,2010-03-02
597,-0.20386537229411625,5.607918101531653,-1.45976396365955,1.6764661310127489,2.922852588935202,0.4369567206680923,1.1978583879141533,-1.1163140819869926,2010-03-03
598,-0.6972679735323903,5.0432321946350225,-1.5376000309789943,1.3953376728863254,3.6779485628724644,-0.78494977021603,1.710844636917598,-0.7767374183596543,2010-03-04
599,0.6505932578891921,6.8310998385900366,0.2944973743590766,1.5878369406428448,3.436379257868997,-1.0920165058443512,1.761495760629321,-0.5323290997438485,2010-03-05
600,2.2109688918394275,6.726400871540258,-2.7928509141161544,1.461348987589349,2.2233422920666497,-2.4617631324426856,1.8363391988362205,-0.8555319420155072,2010-03-08
601,2.3092724141626437,6.551298956999611,-2.623554768664322,1.353520194689225,2.098204639440911,-2.03212157219909,1.6316751424267564,-1.3530946332785203,2010-03-09
602,3.3070781462777314,6.649075183082463,-3.378819468593701,1.4684253635163491,1.662629455063134,-2.702354306529647,1.4530576284257433,-1.4654839589989237,2010-03-10
603,3.533748783919185,6.421997925089057,-2.913292239203301,1.4134010414099372,1.8650393744925133,-2.185074640904299,1.2751201799732979,-2.069132357998766,2010-03-11
604,3.514042913551512,6.14475635816391,-3.4617833029341147,1.2740132087435134,1.454387098164789,-1.9339844558070762,1.2718564961725236,-2.5015689302162327,2010-03-12
605,2.7443248090939316,4.948695572693757,-4.014412297507933,1.1217226483832365,2.015628592749899,-2.1253707011789205,1.0837735342517179,-2.4565930373163924,2010-03-15
606,3.459619588189984,6.24076072997659,-2.3290968636309435,1.202974722719132,0.8656834058320625,-0.007418152344717595,0.1689996841963446,-3.648962426654596,2010-03-16
607,3.6879393848472786,6.18137949920381,-1.5188625383458787,0.8583178713721775,1.5821328368283523,-1.4853515850262098,1.038037840807039,-2.6248219954452403,2010-03-17
608,3.1546283840704237,4.995689221962258,-2.9354316676766126,0.7490470596482872,1.6524482871641915,-1.376534247557332,0.8112987064302327,-2.7047172892818248,2010-03-18
609,1.8396039232612555,2.8862625644217923,-4.994689702681475,0.6111910846992732,2.620813758898745,-2.8090865133418457,1.439644013046823,-1.6332792268595315,2010-03-19
610,2.871912540893736,4.515645539316883,-1.4531731933145513,0.5896214991704246,2.730832466306518,-1.4078357316202963,0.6590801203762121,-2.6617275761112418,2010-03-22
611,3.1817463732526576,4.955499260068325,-0.8305886755430294,0.5942975580573323,2.7039883754501783,-1.7245361904211505,0.6241602313684439,-2.6132019608309562,2010-03-23
612,3.224441775783813,3.794836604788209,-2.4993115442294327,0.8984032309225758,3.3236249766245463,-4.240573943542136,0.6781164952898221,-1.2925290226171668,2010-03-24
613,2.747011930071989,2.592568987261751,-3.5350360654515334,1.0331024616611177,3.1730836267984905,-3.209720868200139,-0.1943308988116373,-1.5154155927842425,2010-03-25
614,3.0934792761871654,3.0483080451871833,-2.247682421440179,1.3107532491547846,2.3754905404957003,-1.3838451829492842,-1.3013625513149805,-2.774956746221635,2010-03-26
615,3.964667124644987,4.1066710647454805,0.4387052799665985,1.5980970435899327,2.4461347276182837,-1.0152839126834219,-1.4056953671937125,-2.4460653547269153,2010-03-29
616,3.690647989370279,3.0968724593082113,-1.0206035197786947,1.5940551968629764,2.77058603383401,-2.086964778433504,-0.9107849808502931,-1.6081502820853413,2010-03-30
617,3.2676451929792893,2.0787192110864012,-2.613783793071417,1.6715444723757151,2.1463412792878507,-0.700640118554292,-1.445863377587146,-1.7654967472175278,2010-03-31
618,3.9956649435363527,2.9597964247425477,-0.943419820248397,1.9513976630487737,1.7505497681661826,-0.1242194414588344,-1.7588849557369761,-1.612106181383853,2010-04-01
619,5.0952316401622735,4.135388031302256,1.1278467267867978,2.358286987352057,2.0295555991076126,-0.8536226898561035,-1.6989164888108617,-0.9351586341384214,2010-04-05
620,4.924554736283601,3.1778343569620686,-0.23677175406971662,2.181440472811798,2.044912124657906,-1.56123601844766,-1.4383736865257384,-0.8063178524232189,2010-04-06
621,3.9377474992132013,1.421084385402542,-3.267655420243675,2.149579756417596,1.3353923637012244,-0.9453907112786376,-1.7689863929775955,-1.3254911698071603,2010-04-07
622,4.258140655390127,1.6280078671860232,-2.210209076849514,2.2217229534201994,1.324975113135641,-0.8893873936131406,-1.91077943072148,-1.4613133950554176,2010-04-08
623,4.565086143780253,2.2919769867094475,-0.5707505200948961,2.434116221481205,0.8072302258817275,0.5069848256770669,-2.4793243337570487,-2.186868445558641,2010-04-09
624,4.5948348574851225,2.148878331692434,-0.291862194882664,2.412357270538443,1.110703718365026,-0.3282259346696936,-1.9160298072448338,-1.4869567243112118,2010-04-12
625,4.524944710745478,1.2762430364586066,-1.907119038570556,2.3545576064099936,1.0115850204346475,-0.6001760462128125,-1.9601134017252617,-1.4305940086597615,2010-04-13
626,6.188223728103143,3.200305865578095,0.4690072307612568,2.6774085773717484,0.5749286788934057,-0.2684105337615397,-2.2471092072556793,-1.5366547117837226,2010-04-14
627,5.5289459177974205,1.7498552733033947,-1.7913672271606405,2.56129759608336,0.6199845575276822,-0.5583753629958299,-2.032332186334961,-1.4296282797581217,2010-04-15
628,2.778138332487478,-1.4969164789889187,-4.636650071001221,2.454031007542108,1.8880149433641265,-0.8000696730931592,-1.4605154413490493,-0.21827153514354664,2010-04-16
629,3.3364352414062197,-0.05771431240021754,-1.7554387193074266,2.4398250482073363,2.0994963954300085,-0.6103877313214808,-1.5552154321705534,-0.6295474931859673,2010-04-19
630,4.453791923232014,2.195495381749204,1.0943880624035325,2.206369245627507,1.6425932604230207,-0.6368950119556749,-1.4039743220575083,-1.2100412164161476,2010-04-20
631,4.006192751238592,1.351358009498684,-0.30962593324513715,2.007219166478642,1.662713768986842,0.3919977558204894,-1.6768636721103858,-1.858520205801665,2010-04-21
632,4.404867929552845,1.4105445916995996,-0.8028637303701505,2.1053914664359317,1.9755066821400424,-0.6439145719029019,-1.1739053187633504,-0.7666474340164036,2010-04-22
633,5.834717544959268,2.668399660493327,-1.372382452032508,2.0881189354192817,0.7499975688657275,0.5246979212115382,-1.4669589183504301,-1.5100097053648183,2010-04-23
634,4.897869798360275,1.6451818207035738,-2.7633541631319987,1.8580869351717055,1.0141524424125183,0.09881682129904779,-1.0021255778178528,-1.2073922982855985,2010-04-26
635,0.927278946156945,-2.141630723825131,-6.527662871058143,1.3638855978506281,1.620701519077147,1.2376337637759884,-1.6160026357307116,-1.4152093175631164,2010-04-27
636,1.8845891135194577,1.1309929191065762,0.05367498592685755,1.1621349015319782,2.4681277299973337,0.8407166988736113,-0.9679894739078306,-0.7005777450421813,2010-04-28
637,3.016415392166332,3.091780764205489,1.4453330909021398,0.8957050151603649,1.9694649629933458,1.1587342197017017,-1.0737610006271987,-1.3919075402620376,2010-04-29
638,1.084614722024719,0.6513850004394736,-2.7281831625450357,0.5984261769563513,1.6271290953383017,2.672685658615786,-1.3210090187821653,-1.4405973729244952,2010-04-30
639,1.6951832119665926,2.47653976706846,0.288561797366448,0.1349311121124406,2.13868113750915,0.811116557625929,-0.4645629945079377,-0.7894223180466846,2010-05-03
640,-2.304542724642058,-2.846980486575509,-8.914952121982457,-0.4481591601354055,2.0489556829566826,-0.08262975148512473,-0.016731346862563005,-0.39859477268167615,2010-05-04
641,-3.158829418228843,-1.427213378024782,-2.2968810177842194,-0.6068063251679068,3.906750171516472,0.6384749334558091,-0.20146663627320183,-1.2622310987796057,2010-05-05
642,-6.524950282615732,-4.972908659583817,-8.03580237876288,-0.8057078765894823,2.833117895045908,2.9713252949992723,-1.4791417325426652,-2.5335230106576687,2010-05-06
643,-6.997504667301865,-3.45049489532001,-1.9334788849111024,-0.7681646756334832,4.385339536400031,3.682059773151278,-1.6676802540794315,-1.5394798497262183,2010-05-07
644,-3.164449310635973,3.985514349235686,9.120867158494443,-0.7354515661524221,4.843870635124407,1.5539164315914313,-0.9417179558607292,-0.7340524435559672,2010-05-10
645,-4.488142385876266,1.805253342647198,3.174203297116782,-0.9912722591887472,3.7923107949199863,1.7684800311113762,-1.301814252990383,-1.0558988312324622,2010-05-11
646,-3.6819213904837733,3.7628973350127843,3.2665436362445073,-1.3532694598802226,3.6263391636625273,1.2005432117384203,-1.2785826655591568,-0.5854619338892597,2010-05-12
647,-5.359531541206493,0.18428299805542506,-4.27306672756089,-1.7220170054419865,2.247550511792551,-0.16762736985899257,-0.5746914699932624,-0.022517170168357137,2010-05-13
648,-7.23517400631148,-1.1296166765955236,-4.374978007995107,-2.0755268779095832,3.1652676538884794,0.13896915416338768,-0.6513211319478547,-0.6565197187202894,2010-05-14
649,-6.80595519890393,1.0045585792288778,0.8960110803220789,-2.3466163528311426,3.862824499848319,-0.40253824372353925,-0.45953690341985476,-0.2944457062066039,2010-05-17
650,-8.374352256475131,-0.695546786784127,-1.7926487298452183,-2.6965285349635413,3.724768540334754,0.1423420288779602,-0.5155383275533562,-1.2796497987314541,2010-05-18
651,-8.85204941873129,-1.2704228378126077,-2.8226773608608298,-2.6144587234205803,3.5749084671855162,0.4909449772936691,-0.6051136173836834,-1.2186412386237848,2010-05-19
652,-12.397276738578714,-5.740542673156281,-8.89605549993053,-2.7358699445103523,3.1793659099412603,1.326986435369792,-1.114174636913647,-1.2084547737554028,2010-05-20
653,-9.822279042524722,0.8598108836773237,4.388033779256489,-2.8729278778998792,4.318703377862921,1.4001901271943682,-0.7766567041788565,-1.4844929472336064,2010-05-21
654,-10.793989670257236,-1.118123015682317,-0.17311825897497618,-2.9183093493297636,3.860035419276522,0.9782428922636927,-0.6720196431511999,-0.9391008493888335,2010-05-24
655,-10.258489237409258,1.098072853813143,5.286694967094,-3.121191487558463,4.555612624784831,1.1782584352260235,-0.5993115723847293,-1.5139961095895176,2010-05-25
656,-10.377890079570623,-0.7913852271555912,-1.7223701616533371,-3.0672119870861274,2.7219218035940016,0.3688732348533024,-0.428545022683813,-0.7144043170529302,2010-05-26
657,-7.098092858066607,5.779860857107787,9.894771472074511,-2.4026655865853757,3.059376034325104,1.0522823551684328,-0.7593249371687761,-0.6151236104143827,2010-05-27
658,-9.26243791673421,0.6894628540793093,-2.1651651578985605,-2.7058647652911443,1.8949569544541323,-0.1495825282360192,-0.2978890665389685,0.17080285309636217,2010-05-28
659,-10.537907126818052,-0.08701116444347476,-1.2143342930704568,-2.8638083542762627,2.3617208650409127,0.5069173127674653,-0.715305779815066,-0.38580028485489637,2010-06-01
660,-8.585815982187434,2.8677345991397276,1.462886185964247,-2.743831957157739,1.7634535503483346,-0.6798226323534801,-0.20216109662062903,0.36826140148825803,2010-06-02
661,-7.965782924225907,3.4436070230548523,2.509206920390678,-2.7039921593409058,2.288949269683677,-1.4691554574161305,0.1750478300495867,0.6665460897068816,2010-06-03
662,-11.424503236434342,-1.5833003473586937,-6.5790130164974485,-3.077393061431578,1.2803467127240984,-0.820232067869645,-0.41568318794149306,-0.5588828433705487,2010-06-04
663,-11.209133909540485,-0.5611573988014364,-4.185008223382106,-3.164972037714031,0.7766642858934438,0.1661043802275179,-0.6253054631147503,-1.0033461486696167,2010-06-07
664,-9.907313990441844,1.5936127878481798,-1.0533290541764324,-3.1227786285655554,0.8677192927150911,-0.5158898127856419,-0.11992170711399475,-0.7428259959656651,2010-06-08
665,-9.968723954821868,2.4026615767044714,3.331755956962791,-3.1711377031365173,2.0138195339880767,1.107539853358991,-0.010907683443912634,-0.9181641728031098,2010-06-09
666,-7.477701326229594,6.372188717589976,8.731455961779043,-2.7006687515791885,1.9099730204498147,0.05201194717067815,0.3905422282013076,0.17914968936838238,2010-06-10
667,-8.546543064877449,2.822961249482311,-1.9164109510824,-2.982866802029081,0.013007449922742262,-0.6266296590780784,0.38326082254365124,-0.3400479846016433,2010-06-11
668,-8.00327104508666,3.7615501926212156,-0.11136421340149964,-2.7285076772972694,-0.12832967403504084,0.1362670390273376,0.08941763447059481,-0.26733802561286085,2010-06-14
669,-6.057451278088634,7.132147473862355,4.599301428283877,-2.5849842668159866,-0.8138983634228322,0.45549850127342034,-0.0006696313420999662,-0.23289757406760922,2010-06-15
670,-6.758427908412473,5.144875201952267,-0.2277011746516538,-2.6690419149987155,-0.834002594558485,-0.870659343005833,0.6575627267255015,0.5196428026723978,2010-06-16
671,-6.5362793055579695,5.320521161355394,-1.1754084934571565,-2.7899726875699957,-1.9109376444315094,0.39456986976029346,-0.02286527317768539,-0.6631423569749445,2010-06-17
672,-6.048620624280028,5.751054352295195,-1.4669409717439974,-2.8923755043186965,-2.2220321771046674,0.000125499873954775,0.25707738158842874,0.21610739103532195,2010-06-18
673,-5.66733094701893,4.987327096756681,-3.964659673229474,-2.977406011934498,-2.1243089095637577,-1.748515729435442,0.9131091936298891,0.47049089508057357,2010-06-21
674,-7.226054041033802,3.2789769138869564,-4.9138587848771555,-3.097885108251217,-1.95529571091058,-0.1533055100734338,0.28546658722185686,-0.34830457217159966,2010-06-22
675,-7.025533326061813,4.149751202876593,-2.4213323536157487,-3.3152957088189927,-1.5846346855377462,-0.0652071511081816,0.4087831552756074,-0.5860603516068135,2010-06-23
676,-7.917994107177094,2.495411173286416,-4.736937001808974,-3.1290799479443816,-1.5532879585189927,0.557513205159711,0.09350544521961202,-0.23963958572314698,2010-06-24
677,-6.433989923698807,6.0827476839621415,2.6587743500799608,-3.22573392058764,-1.2645654814758354,1.8033658226736295,-0.2802732331345748,-1.1671853239042052,2010-06-25
678,-7.679990070858766,3.2862095904571027,-2.1656734601029894,-3.7381125528943775,-0.5690491995344552,-0.004738987483460739,0.8882581760657663,0.09682252607147107,2010-06-28
679,-9.894424031210434,0.0782777550331786,-6.484680762873349,-3.7616032477884467,-0.6196020292139087,0.8910909427482036,0.24805806188964546,-0.46375918151557505,2010-06-29
680,-9.473417329655753,1.636668011417347,-2.583927133594716,-3.8023990169521107,-0.4017596967053306,1.408201150534731,0.16886277511129538,-0.8554394397043982,2010-06-30
681,-9.465534580031253,2.576684662628902,1.243317980613699,-3.480474170679462,0.6827599332178815,1.3148289245594926,0.5849009455939302,-0.4185692852472685,2010-07-01
682,-9.515373619930958,2.812563784486386,2.1693411352886423,-3.328458878611823,0.5800424103528574,2.3144337649956315,0.2253055423179831,-0.9212969870116142,2010-07-02
683,-8.476557819085683,3.219943815107857,1.4234883383306145,-3.523511993569692,0.11535245433286595,1.191999389437429,0.8801446754923697,-0.4668097862773356,2010-07-06
684,-5.792569344312005,6.5743475172751635,4.771656673828478,-3.0729346031357765,-0.6389769134663539,0.8751717990262545,0.4449128000987626,-0.5349316478283469,2010-07-07
685,-5.486351092427183,5.883931342245946,1.8695808042539153,-2.959954083525382,-1.0260893746145934,0.2807851932622008,0.6652117418573452,0.09883808617184608,2010-07-08
686,-5.09464362082696,6.249144104506714,2.470518485548231,-2.8395847496314213,-0.9001578827232747,-0.020322438666816597,0.4855222267608117,0.07022623090288121,2010-07-09
687,-5.878602338846191,3.657160847879005,-2.8434838096233612,-3.0524494008648757,-0.9440516001920304,-1.019034456737178,1.0200221915761576,1.0126714985624408,2010-07-12
688,-4.201978029328233,6.406074185315045,2.1519419044047594,-2.6039886760818867,-1.1395143393384934,0.8465497771904417,0.005400046220932199,0.04308782135692968,2010-07-13
689,-5.0678248334561955,4.445786035028936,-2.0380309614160645,-2.7380500665111716,-1.3339418135903884,0.30487305468754594,0.3940566522270226,0.16419312086960092,2010-07-14
690,-5.329133622119134,4.216066072308749,-1.1321294622544187,-2.6604724210392,-1.2094630781750824,1.94930889579723,-0.06233984774777802,-0.5991611126144524,2010-07-15
691,-6.987527511873184,0.4456931384217753,-8.423773492401818,-2.5116490945816534,-1.2453644961008612,0.5660753778862945,0.7920542026987188,1.0415809157035572,2010-07-16
692,-5.805195145686233,3.4346617919445412,-0.04689378319424597,-2.3133713963922564,0.28792082929471696,1.0035548891095274,0.6573109339845083,0.6908967762569462,2010-07-19
693,-5.016510923297893,4.759723570999972,1.6719861653526134,-2.268147713134359,-0.0007391940431810403,1.106775834737455,0.5561521783450822,0.22298101490821726,2010-07-20
694,-6.469844748370187,2.290328786964208,-2.287272558733719,-2.421539068734668,0.24435020182815279,0.883782656944916,0.5909812997688373,-0.20787918560076074,2010-07-21
695,-4.064276486496777,6.09396216642973,2.60766468351896,-1.9504366469770789,-0.5025942092614312,1.409300734939432,0.10985469546733456,-0.2549574501315672,2010-07-22
696,-3.6554871231148915,5.799278626308945,0.40159540664714805,-1.8219782562488367,-0.5485479090999181,-0.24538582532912212,0.6327626929230604,0.8718320818669998,2010-07-23
697,-2.785128237529902,6.899660485649116,1.7220653329632796,-1.736999716324398,-0.547869870876562,-0.1809011588471896,0.5009041492503186,0.017045845110325586,2010-07-26
698,-3.0024523580478366,5.2905781447571165,-2.0096510026871233,-1.5894571806867333,-0.10939773743207018,-1.8561828993695018,1.0151242892523573,1.3774186107569117,2010-07-27
699,-3.737695970949165,4.170097071930995,-4.03302456598667,-1.5913444951492923,-0.5572149624211801,-0.40875926353134956,0.2407093898614048,0.030272320119517977,2010-07-28
700,-2.649577446105008,5.5946644490181106,-2.4860649018723167,-1.4484576091505392,-1.2898634822307193,-0.09826777635733197,0.17874649138098753,-0.38502210313664414,2010-07-29
701,-2.4598760514741267,6.056189506048838,-0.9983847017047193,-1.3922571530653205,-1.088475281436635,0.34366152180965803,0.003231900888617048,-1.3924430621399129,2010-07-30
702,-0.6641490820003971,8.297518905460858,1.4847505377101609,-1.1145533941098076,-1.3230940855648785,0.2585959856780629,0.1511861639451504,-0.5203607895731825,2010-08-02
703,-1.1868938997638006,6.3296073327353115,-3.6795578585471933,-1.076421619147523,-1.9859248797249385,0.6826155696192894,0.18364783232972995,-0.5543886933260992,2010-08-03
704,-0.7172073546746062,7.215417250937287,-1.669739618176433,-0.9072459348397426,-1.1277077615341224,-0.10472367155769728,0.5545413951237734,0.20044255304868758,2010-08-04
705,-0.88670190529466,5.995336256165018,-4.174271396234272,-0.9265826596511668,-1.2391783960757319,0.9270515969478268,0.42647325746140713,-0.29227364741407086,2010-08-05
706,-1.236638391490157,6.042935966807325,-2.6320672551910533,-0.8884798296380496,-0.713494906285303,1.872211865608975,0.3135549537681246,-0.9342154958834511,2010-08-06
707,-1.4065360535078735,5.965494749897491,-1.8999437717507586,-0.9687928837426307,-0.13642884975822392,0.7962638924820092,0.8753835548658064,-0.12982381744838,2010-08-09
708,-2.152652581302585,4.792156360057601,-3.490234573997326,-0.9788658135462831,-0.09068614489068896,1.2198576964859291,0.6477385594152604,-0.4909437408433585,2010-08-10
709,-5.628290536039518,0.2318735460355779,-9.175360683508647,-1.1621915412672004,0.9856500454839373,0.16764838179524388,1.0740609176791163,0.01259105487492676,2010-08-11
710,-5.302172083358057,2.5030200778789014,-2.598136562140899,-1.006565819147281,1.7102671915310765,1.637028028407312,0.2818098963092572,-0.9258923338949971,2010-08-12
711,-5.299345816385072,2.664044290023659,-2.264981767655761,-1.2171145942305857,2.029758281333115,1.7520735037356139,0.45464812499308416,-1.2943597516560068,2010-08-13
712,-4.957795975503596,4.196500805802848,0.41643303903625833,-1.354137488996255,1.4874206751320584,3.34358735602578,-0.19829326500682118,-3.0015715421304185,2010-08-16
713,-3.7331213659977687,5.656296214457008,1.670546175720733,-1.241558927734522,1.4355532507852309,2.2756688877638465,0.38734411524929646,-1.3681355461548315,2010-08-17
714,-4.2228740608353466,4.216930389136185,-1.6910715889212993,-1.395507629675225,1.2234299843373382,2.2784083959410992,0.2189877585184119,-1.4569422103919831,2010-08-18
715,-4.833152113623785,2.7293182352105214,-4.7985114537812334,-1.4758517279172128,1.0696709663388613,2.6003774968755304,0.33243829726726515,-1.360288041478682,2010-08-19
716,-4.9953515714787855,3.48880494355684,-0.5194512140851861,-1.701556900842465,2.363470439730223,2.0907397485161003,0.7750909534863407,-0.9463466596432607,2010-08-20
717,-5.446292052090797,2.393946172391659,-2.0248500134502425,-1.7295980062174674,2.3619641479725186,2.4965209490302223,0.6649376441163214,-1.0106382197141426,2010-08-23
718,-6.7887074098884215,0.9935501570435341,-2.633167839010047,-1.885688746712866,2.506657497599822,3.9225137695804317,0.22228470267961845,-1.6957334679359413,2010-08-24
719,-5.7896995403745,2.7126608805748926,0.28766832326799335,-1.9094972973427422,2.298163168177193,4.164679946219917,0.2553659794346319,-1.226551462683838,2010-08-25
720,-6.614316714609085,1.3329328034826542,-2.5408553970156373,-2.146410781372454,1.4683688719324421,4.478218591672898,0.2384672699071402,-1.6559365283488405,2010-08-26
721,-4.30143107600986,5.171646634146894,4.373699970503102,-1.485389361884295,2.3945150558698978,2.973786579942277,0.6417348191370437,-0.13298273758682516,2010-08-27
722,-6.055106982454909,1.4263913104095918,-3.8044668264721837,-1.7627689673740092,1.4130576943877373,2.9950758869633254,0.5338274238067685,-0.5913350136727682,2010-08-30
723,-6.587985338947698,1.664609958748824,-0.8388416248636988,-2.1015017537851906,1.9914824542122038,3.8880992263932335,0.41433783179801076,-1.449135224828403,2010-08-31
724,-3.7603201780425803,6.046034324134409,4.538064948360161,-1.6209910828672105,1.2914878588179362,2.8740526574558443,0.3308614668221792,-0.6025234926145018,2010-09-01
725,-3.052502102718176,5.791445766964084,2.6924223393180164,-1.4471017332029792,1.2804970397986608,2.7922155142212572,0.3760726879548092,-0.021354047381809196,2010-09-02
726,-2.066300920556823,6.2675836223169945,1.1521828840861383,-1.361456523696697,0.7566966638042288,1.5254239087414656,0.5238108317290248,0.2588164051253475,2010-09-03
727,-4.3175128271364756,2.443286045197615,-6.935842006315408,-1.8647191158521093,-0.29405426838426085,1.1544092786658222,0.5584670133412007,0.22481103509965567,2010-09-07
728,-3.382463357781146,4.679430619181202,-1.7961249152566443,-1.6431406266790582,0.25999329082539013,1.8216714512082406,0.3049024527803541,-0.18703555651574208,2010-09-08
729,-3.121796351812393,5.445169965488688,0.03003262066353258,-1.6198406836974595,0.7697138197335771,0.4579840119325371,0.7163715481667136,0.9108407979249586,2010-09-09
730,-2.01281669284045,6.5903637930912895,1.084528263779776,-1.829954415940381,0.11730160713111257,0.86698226323577,0.7489699701122772,-0.022522341232284693,2010-09-10
731,-1.250763217733365,6.599669431031307,-1.8339790526017352,-1.8923448666600635,-1.443853390955601,0.7780039997887901,0.45016204380802366,-0.40410897951621777,2010-09-13
732,-2.1168829489533354,5.65677829379357,-3.4611056330271404,-1.8878772672134951,-2.5320472824342293,2.233955392941561,-0.19500331589028452,-1.1831843303733107,2010-09-14
733,-1.9116430445136845,5.609203780043949,-2.7892068862368458,-1.8428189680433835,-1.5652649063503783,0.15469154318136935,0.5759864356472054,0.6781908228344967,2010-09-15
734,-2.106508987495407,5.758541921747689,-1.2866698096102334,-1.7748588333338484,-1.4225352656873134,0.9288139103065941,0.22249712140602274,0.5302449890696201,2010-09-16
735,-2.458622679755286,5.046235486393495,-2.3615554668774097,-1.9448101333727472,-1.2978312951763893,0.2844716629748349,0.5254788279973462,0.48660274504243045,2010-09-17
736,-0.9601881071622321,7.051695248269107,0.2656697075949544,-1.9598023398999287,-1.9320365800040622,0.7323617973028247,0.057385137598868874,-0.7041016157193053,2010-09-20
737,-1.5715224438823538,5.498361038471629,-3.476129105241891,-1.8919900955523663,-3.0036671790220435,1.9720312406334723,-0.4303041070563658,-1.0598976935767588,2010-09-21
738,-1.9785437780280684,4.890552301949455,-4.041900170403344,-1.8939751179214817,-3.1670868446957288,2.17441657067907,-0.2707857836822338,-0.6516919616046569,2010-09-22
739,-1.9652767207390571,4.506173928757933,-4.303989009129145,-1.9372600405481346,-2.9218176175159054,1.2995750025327912,0.19138314577424165,0.17620151689748564,2010-09-23
740,-0.03684320173104081,8.253469330398335,2.99478542689833,-1.650814013752696,-2.6757403430541604,2.0783827550896694,-0.2616623215559476,-0.3557513715809934,2010-09-24
741,-1.0458183045151486,5.806931922974929,-3.0869191201926878,-1.9481909605339292,-3.408257053075357,1.4445748860458347,-0.017219507307897456,-0.3855163415414833,2010-09-27
742,-0.3246779899066544,6.764351481256081,-1.064733397985555,-1.9674279849427652,-3.284270421792414,2.964363139374482,-0.4298757420588539,-1.083555032510833,2010-09-28
743,0.2967358317411707,6.329541171272543,-4.057655336096171,-1.8957504211323848,-4.047140250385016,1.9261686708050838,-0.029231672387398547,0.1073813107990505,2010-09-29
744,0.6996133628613356,7.164256351138642,-1.2776812696676498,-2.0928449127483155,-3.5050791826190038,2.317771382877881,0.15627773115498977,0.42639725466192374,2010-09-30
745,1.35151777993541,7.618892796593463,-0.18086182233005405,-1.9797367935482386,-3.76129334478607,3.416225543395365,-0.01869266762918276,0.24575759685953416,2010-10-01
746,-0.005634563391788118,4.979267561516838,-3.7678544177786657,-2.0202913750398537,-3.239184456975018,2.6146471626939083,0.4156408348760696,0.9808383059851136,2010-10-04
747,1.1189016565533285,7.338602727624677,0.4381243663821826,-1.6996339564896545,-3.698482571720186,4.143767255171288,-0.24871584741410513,0.005156105795117438,2010-10-05
748,1.1182941824028259,6.391222196455654,-2.619457525699863,-1.724279570402195,-4.629462448758438,3.9093199596553836,0.03524636627886535,0.2257689194179866,2010-10-06
749,0.8540129766400922,5.80149654312666,-1.881365606922793,-1.4990824093773907,-3.289737285699751,2.5153055845202585,0.5655151930235286,1.1818902254493606,2010-10-07
750,1.6129486474682908,6.531793465453198,-1.6417914608548172,-1.2942718993724973,-4.169631858142462,3.7253285909104927,0.1851184208121669,0.8009194754489878,2010-10-08
751,1.3060617915826587,6.055742573298282,-1.7190261136567613,-1.241524689285294,-3.5393345704950177,2.8983253335359898,0.5180699761864379,0.7569006156622947,2010-10-11
752,1.5758159856445737,5.793340951735095,-1.5851030055885298,-0.9008273485746967,-3.152574657128115,3.132880405972318,0.23257062542255524,0.8902004397981866,2010-10-12
753,2.33615523658258,6.621292935558948,-0.4911089555776497,-0.6261536273107212,-3.436809134067652,3.894769944393132,-0.14966014097243652,0.2958869730917262,2010-10-13
754,2.226876798956734,5.064763074389797,-3.9580191929744464,-0.1216199312690617,-3.5298364954449832,4.176149019148538,-0.2717888582583218,1.2183808015408881,2010-10-14
755,2.3895652030024483,5.4084069319027455,-1.890705435241344,0.1285441179549105,-2.32124416705091,2.5072265123628603,0.4584243215387243,1.9759449461594092,2010-10-15
756,2.688546183940196,5.5484268319030985,-1.6979886113716653,0.20987329267309363,-2.9058368565170793,3.6106659301724937,-0.1926651593399854,0.7121048829636278,2010-10-18
757,0.611571133604654,2.000909010037606,-5.979836380814405,0.5084478854698574,-0.5940038390295396,-0.2375728394044561,1.2859394151238772,2.457792457386459,2010-10-19
758,1.913025247759343,5.125007950558736,0.3123690999516366,1.0136284384322325,-1.54693142659147,3.5792010630090685,-0.4467935619765759,-0.5489264783628022,2010-10-20
759,1.7121909399208826,3.8486202297280117,-2.372518629885378,1.278036310326524,-0.6810174334014051,0.4444433809546906,0.7921850922023631,1.4916228023756675,2010-10-21
760,2.3500155884087537,5.032135643905502,-0.22790724802125045,1.4614986413219346,-0.9966509748889775,1.8273542738785107,0.18361313989923,-0.3966611739066289,2010-10-22
761,2.2026677594738597,3.9838663511968786,-2.115678660118,1.603089336041033,-1.0934859650192037,2.4150222155056986,0.18153375281455641,0.14179661999408297,2010-10-25
762,2.914934942234152,3.9906249365062427,-1.594094448322489,2.1940174357280635,-0.3714623709703967,1.614833522411334,0.03717718432480649,0.5407045728388682,2010-10-26
763,2.789365696080076,2.943101413686576,-2.615873819294695,2.4794808698258066,0.5532163817613643,0.29375049213110754,0.29633626853379297,1.3805390986516712,2010-10-27
764,2.9543457670384354,3.4794538948794216,-0.6114957937971508,2.9304106838863686,-0.07965633667566632,3.1213924328368408,-1.208556091933433,-0.6885758682643289,2010-10-28
765,2.4595966457507785,2.415336255037562,-2.881853981007188,2.75833499668255,-0.18338033107219479,2.41657142582644,-0.8855110219636242,-0.37313580232174265,2010-10-29
766,2.5918561390553227,2.3256926831353337,-1.471989186491402,2.9644660969842795,0.703246215038945,2.480089896838857,-0.9470055224584814,-0.0961351469053387,2010-11-01
767,3.6253366058965613,3.5733658294164092,-0.4203123045962231,2.998529088745265,0.029383566879132322,2.8054362340747163,-1.1489105281420717,-0.7779604662790057,2010-11-02
768,4.574733556129956,3.908801884370152,0.5510916296797872,3.4610853943973776,0.7348231311961336,1.8515137897599812,-0.9447845253166719,0.5173756837838206,2010-11-03
769,6.054536712562599,5.961033932547977,2.0147290070053776,3.8247314992566634,-0.7289665874911101,3.8799300436462465,-2.5737530370196766,-1.825694026894232,2010-11-04
770,6.240017571273295,4.728260911614857,-1.414223931901833,4.063212748742674,-0.21920851245956455,0.9486130994851568,-1.7024893450020273,0.7245099352933531,2010-11-05
771,5.676743479974999,3.3824925695453496,-3.5145579675865406,4.088755599326012,-0.19683418616343698,1.4120429099335585,-2.1069862077057677,0.07277736243837024,2010-11-08
772,5.743745984181999,2.3522856338208045,-4.525696671875968,4.5377024144012506,1.2933388866750752,-0.14282472170003296,-1.5063984127553314,2.4067059036441054,2010-11-09
773,6.414008251735558,3.6702400346391584,-1.1862794907001415,4.808080318732525,0.9752067120147682,2.2776346132343934,-2.802397242641502,0.06346880079764156,2010-11-10
774,5.75074059755285,2.2817301015863647,-3.0820726769951765,4.935056979991497,1.4985713587604432,1.1007771190890845,-2.32344883958473,1.295225363483554,2010-11-11
775,4.469005477894553,0.20052104785227823,-4.86362089000697,4.9935548086757455,2.4980824432517714,0.4519796087976941,-2.2273043728432387,1.650157838838811,2010-11-12
776,4.537459316863297,0.7966335598453422,-2.802653644585149,5.194829646679594,3.397926686580295,-0.8013087736314873,-1.7630471251653659,3.101467180055617,2010-11-15
777,1.8337746478975072,-1.9544512199880244,-5.973844585947535,4.769458626387016,3.7059278793334367,0.3627454437991407,-2.38149391933755,1.2568880346634694,2010-11-16
778,3.3256824121800896,1.0999848815104616,0.30001743878033854,4.800086518448726,4.29406654378424,0.8138956415418644,-2.4202504105140155,1.24109187809177,2010-11-17
779,4.541586150902006,3.5568509807365345,2.6972492487148165,4.5955312183469985,3.3318361970672243,2.2314356841564615,-2.9846669716273384,0.13443634189335726,2010-11-18
780,4.28333497252719,2.7099100300313435,-0.32104622889350243,4.405142765343955,3.185608134363484,1.4822232454534785,-2.4381224214030603,1.157195063857967,2010-11-19
781,3.8098928834689403,1.7280165370858467,-2.5482619257194266,4.362575217057665,3.052471601542431,1.5641074119806067,-2.5713257931843785,1.36993055396424,2010-11-22
782,1.771873718941837,-0.596984707931418,-5.424183478973815,4.104086968870705,3.484358412510641,0.8088237971615578,-2.2763832521737157,2.3267247931843005,2010-11-23
783,3.7227762103597137,3.418960136081987,2.0768975576089135,4.225677178003281,4.150825701444851,1.0589492350240555,-2.4168212007823104,2.2176803118210757,2010-11-24
784,1.6895346769830317,0.7472358119220781,-2.515711715089421,3.609153261826541,4.029467591029267,0.8703023069253718,-2.1826903532521906,2.2309730364287406,2010-11-26
785,2.379778450968111,2.272097577476519,0.03998740373507223,3.398516373234201,4.360854171860967,1.0892408960312592,-2.0912113422990113,1.5829778196189097,2010-11-29
786,1.1087443630938532,-0.03173713342425252,-5.871335133378336,3.17230634899359,3.5205309074944653,0.6255131544595786,-2.071783034027796,2.1388738916687644,2010-11-30
787,3.1119845219532984,5.092014300536077,4.233664016118228,3.452478068655377,4.103223524980029,1.5138752135083255,-2.200976059878571,2.052427156418213,2010-12-01
788,3.1628711830251017,4.718890760561722,0.8742446213345124,3.2517641779065785,3.163543650380365,0.7511034987692435,-1.9193719756603698,2.3691849439888237,2010-12-02
789,3.135717009586985,5.558368051888335,1.7912531973019412,3.3553876550702832,2.3026270474765074,2.6769572639883004,-2.55665574292284,1.5533472451622856,2010-12-03
790,2.276373254190959,3.0603784913540837,-5.300541269489495,2.8505073203894162,1.7768884878916866,1.1592492945199464,-1.5698279199020098,2.5609252594031187,2010-12-06
791,2.47191973572561,4.384127505310314,-1.0755552980091514,2.8890479454021767,3.3256148744762757,-0.28990882499669096,-0.8174595176436523,4.033206018105638,2010-12-07
792,2.373965294096444,4.069178424760769,-2.0755159795667497,2.7864361560141764,3.2331211551354526,-0.6837568620946033,-0.7897276000066574,3.8400185232456017,2010-12-08
793,2.3755512918103814,4.7089779310008755,-0.9082558440350534,2.468163902782664,2.876268349104057,0.12275166578346536,-1.1068748092709604,2.4750902579389846,2010-12-09
794,2.1001999786014824,4.140864695768528,-2.9091067987617274,2.248748660960665,2.628850679760895,-0.3259971779099104,-1.1042557814883351,2.436466683956125,2010-12-10
795,1.95977464770452,4.314068471266175,-3.013485646512839,2.276641709541169,1.8900846162584002,1.0254721210589037,-1.497700592516514,1.787520449186967,2010-12-13
796,2.305264210272492,4.889177755086322,-2.465481399767,2.1299526486429063,2.1145352373607884,-0.2450516555357139,-0.7610087128633041,3.093238417476715,2010-12-14
797,1.7891371566603107,4.188132617246495,-3.0086204506914305,2.047198661784725,2.6914332821367637,-1.2555005727956665,-0.2950584069849841,3.5698225807091317,2010-12-15
798,2.7218748471641003,5.3967087862933765,-1.7049891650124223,1.8487371342456813,1.9884576579575173,-0.7442815792299786,-0.6489772052304618,2.038014584904741,2010-12-16
799,2.2910824891421013,5.1303838600180915,-2.5875227408991637,1.5240826867535848,1.5253081118148437,-0.7679976059142102,-0.5404030786042298,1.317568829895642,2010-12-17
800,2.378974628634657,5.136822638925692,-1.5874804330366254,1.511552186860946,1.933939217746291,-0.275543941308873,-0.6618897493544206,1.4455870655574103,2010-12-20
801,2.8204197797546575,5.404079209467781,-1.7824572128274694,1.315602951655388,1.7827031446048505,-0.8107033855953731,-0.4764591539199344,1.4731195382102582,2010-12-21
802,3.566031940079459,6.0711507751881655,-1.1666295907914428,1.401309299588381,1.7831321130651983,-1.3569256128362537,-0.2808580177000539,1.9372173766880043,2010-12-22
803,3.6257461009536582,5.466692008274748,-2.98394596021555,1.2704837754718512,0.8852224124673623,-1.1367968247028502,-0.5050263935848079,1.289098234264729,2010-12-23
804,3.2807677404922857,4.7751041744577245,-2.9567350047137606,1.167701881865423,1.0956992828252323,-0.3353135795468382,-0.8667213257740235,0.6880226951755168,2010-12-27
805,4.172423374512723,5.384224847918002,-2.3020210854648546,1.7155887168661623,0.562164206159827,-0.6048469808726837,-1.1209965775894792,1.1549546420487506,2010-12-28
806,4.13999460674953,5.317971571333532,-2.1632140005355787,1.6922617340230237,0.13345549882485294,0.276293757165996,-1.363650708159267,0.11696239296755703,2010-12-29
807,4.449385110011592,4.94045384025567,-2.8016091256293447,1.8874606667166736,0.14987931685640418,-0.6974499724597982,-1.1848531385126537,0.6174283238787526,2010-12-30
808,4.545210479505359,4.181585318011583,-2.7666048841320214,2.094964009406628,-0.6189675446442081,1.5472801498564297,-1.7698485704454523,-0.613735755789067,2010-12-31
809,5.907481256585102,4.396751899664715,-0.7874093628593268,2.4918336280714954,0.6534928612763794,-0.5081290288145561,-0.9717494858981431,0.717006369505707,2011-01-03
810,5.136262519531323,2.0289484072202493,-2.5772922795474598,2.6298150677710295,1.2700491646974095,-1.4613655334417728,-0.695411989095312,0.39358415713870415,2011-01-04
811,6.589609708787167,2.97860783534066,0.3522449000600904,3.341736112179477,1.8149166323848533,-2.512642259686464,-0.7521968131633862,0.8648713840229428,2011-01-05
812,5.82835197443484,0.48494166352747986,-3.6472659963813623,3.365624149263565,1.3211577464895383,-2.2328941493040144,-1.1446558120627592,-0.40649763761467583,2011-01-06
813,5.739588423065729,0.40332388186001783,-1.6355775778695187,3.6085664828244712,1.5109349812978348,-1.3041685198372401,-1.2908209941868842,-1.1650744015327275,2011-01-07
814,5.884793535641625,0.07351040762790409,-1.4920891344121556,3.818304765189394,1.0429115689684771,-0.16995637055821072,-1.7426700125839811,-1.8296937191692386,2011-01-10
815,6.671211994352909,1.1625612374971108,0.9337271967078296,4.119195394034921,1.0959768487590473,-0.20192424590987884,-1.4012001494263606,-1.3570188710231577,2011-01-11
816,7.560614026838894,1.6657892674685522,0.5518406543537301,4.368756467527239,0.2763738129408383,0.10502861399330837,-1.878959667399143,-1.9571103713004976,2011-01-12
817,7.263364720408234,0.718268550261622,-1.3195275275645162,4.352298680458099,0.033706513512177766,0.09124521998353025,-1.6758901813932545,-2.025334851986909,2011-01-13
818,8.466628812858172,1.784147441865807,-0.6457305788872478,4.2997496630654775,-0.30511312376519506,-1.113327722044792,-1.1966440818798172,-1.772359667322017,2011-01-14
819,8.06249992165524,1.01371390478474,-1.5649114249534681,4.472742766302929,-0.5416111297017301,-0.4592121119818134,-1.4563092721808348,-1.8509603130355883,2011-01-18
820,6.44389737964012,-1.0495270798616914,-3.6308678738637736,4.346835970369999,-0.43130539625984865,1.4743437937310615,-1.5785365242294558,-1.6513369307641885,2011-01-19
821,5.791283954396734,-1.3790998000668564,-2.399110663066705,4.222677305466619,0.9756632393130492,-0.7597865019203773,-0.7391347201645951,0.05477375812503066,2011-01-20
822,5.596300381814912,-0.9250142855102933,-1.269061396882566,4.087518290847885,0.44552247792510224,1.2898826309059572,-1.3208926290974268,-1.2886449367464827,2011-01-21
823,5.676519461581168,-0.43341919931326306,0.31928613358364927,3.9706601865056133,1.0295193769758926,0.5186035240423069,-0.7810225972036582,-0.8283545872264888,2011-01-24
824,5.270077674124102,-0.845306791900056,-0.772946462345666,3.7583380278788625,0.6310278124708448,0.5707883809541042,-0.8932608496208465,-1.597319300641543,2011-01-25
825,6.288909700812814,0.9782304360933403,1.2990433947023368,4.091278777778056,0.11319284629929657,0.5853413998107628,-0.7151010117860809,-0.9929112231558872,2011-01-26
826,5.927309931991606,-0.04830476756313426,-1.1336431900668726,3.706922672869073,0.3741436230974758,-1.276198660614132,0.18649582174491328,-0.5151370424364852,2011-01-27
827,3.812088542552961,-2.2584733034820985,-2.5780056730322074,3.611673602045338,0.08488544518887801,1.323459511435081,-0.39518608088455537,-0.510405064111093,2011-01-28
828,5.107630877071439,0.3839381031062082,1.866890681199745,3.6106120356839986,-0.011174740867107277,1.1669987248596128,0.07263649468794203,-0.11190177435901721,2011-01-31
829,5.956297508682485,1.5991462214014205,2.5412990346417823,3.527082191879333,-0.47490826235153294,0.8571510522593055,0.1474624247673949,-0.2697915798948542,2011-02-01
830,5.0603739127811345,0.30300045393195335,0.12197000031837187,3.2213255385855386,-0.39801867730979856,0.25568075983878363,0.9527789893276234,0.6120563460901873,2011-02-02
831,4.852506893168124,0.23943714096495297,-0.7605879246770625,3.0484672253479026,-0.9407552345832689,-0.04781452155211096,1.1445051049342858,0.9938238258082382,2011-02-03
832,4.453042386476091,-0.26135202482320613,-1.5594875580115093,2.674241474352115,-0.7907496554794423,-0.8665549482275942,1.6960675290864347,1.5320025958609989,2011-02-04
833,4.62346608719136,0.497258140526693,0.1649045927280556,2.3643833842933444,-0.9069541246072536,0.006517462026179814,1.3552988278590226,0.387759376649166,2011-02-07
834,5.098915449496339,1.3728327267150315,1.548015229516614,2.3291425380119954,-0.9887866504899828,0.01886452865634464,1.3825798479471367,0.8417317100024844,2011-02-08
835,4.191843175304698,-0.48886591272024177,-2.7061881035878854,2.0702515094311003,-1.6835168971146617,0.4206408918518844,1.382623569956719,0.4727030913755677,2011-02-09
836,4.24829516144592,0.021799696104846805,-0.8715581889576699,2.0220683726507405,-0.7880080886257124,-0.8212154239490287,2.08994782146071,1.7460994052744983,2011-02-10
837,4.168854654886841,0.18289677876364865,-0.19765997115101702,1.5537239743864883,-0.625617991739502,-0.724351351634849,2.110787182795743,0.8064553059780606,2011-02-11
838,4.774285079713939,0.7575367203634483,0.5467597150442696,1.5412017079360074,-0.7104841108070657,-0.1725876943136218,2.02606313258857,0.7385002811919882,2011-02-14
839,3.8179504195352116,-0.7665856573986476,-1.832473061856693,1.3029586453190123,-1.0883168752373054,0.5548373049888615,1.7854770652290337,0.4439082821886695,2011-02-15
840,4.978947670339537,0.6025575025988127,0.45049946800454094,1.457974777600542,-0.942796527175832,1.0104211184065945,1.7948523814153625,0.8415854687146589,2011-02-16
841,5.6177300614781185,0.982035101832157,-0.27741347927407517,1.4209548877798204,-1.6871285046728532,0.7731706511537102,1.921544157615183,0.7488893386798001,2011-02-17
842,5.8163868744453,1.4672221386776512,0.8752389446976243,1.3583735097589325,-1.9455437168210756,1.1060530615063895,2.066844695658847,0.8806382950600998,2011-02-18
843,3.037186685980397,-2.5853489477409077,-5.509711076978062,1.3686494901937158,-3.37930486464931,3.3970823753312027,2.6869473655265055,1.8014004256669014,2011-02-22
844,3.1330912527347565,-0.8897403882872281,-0.5964113705191024,1.1763457570364182,-2.7511152061749122,4.603032316700698,2.6444651974781896,1.7691030414171443,2011-02-23
845,3.3242879128281624,-0.9147163497698667,-0.9501575037589355,0.9393374275152852,-2.0809397236853924,2.9119310903449236,3.1846683807281124,2.197942403605768,2011-02-24
846,4.163337421444384,1.3692572561133787,4.213468200647165,0.6386166401348212,-1.7085644756644742,3.2289356904436053,3.4824192739352253,1.5597723556100878,2011-02-25
847,4.425846176351365,0.5395547335445194,0.12111472980877842,0.5551309966522991,-2.8953566073841968,3.345215588530346,3.5393542227170025,1.9803242982848177,2011-02-28
848,3.2397613385911628,-1.302196359373366,-3.12548861263727,0.49025681428733753,-3.7907986022429125,4.5685496224759845,3.09949789601544,1.7060001830622264,2011-03-01
849,4.1003613567806045,0.08139085510657187,0.14679270254647683,0.7359654271973309,-3.196451762863556,4.3437452675919985,3.5640900961833077,2.948618325148939,2011-03-02
850,4.9339589441106195,1.7285005567155325,4.200262360384931,0.5057655746638667,-2.146168303136229,2.639779994511428,4.461743462503323,3.6208810479040707,2011-03-03
851,3.8006200829044916,-0.22589547983631328,0.015101064738121513,0.3733289422875136,-3.3879228878178402,4.022797603620075,4.069339348080624,2.8002150770101624,2011-03-04
852,2.987022846118037,-1.593578073532827,-1.7312585376787823,0.19388344261967091,-3.42568507224283,3.9266619734913255,4.160373240936057,3.4955960061334626,2011-03-07
853,3.5392685786963556,-1.0323582296566631,-0.5583947680883293,0.08232077070415282,-3.019977779138568,2.7751206132612287,4.4653646066744415,3.8391820513793276,2011-03-08
854,2.8454224980256493,-1.7077936929783895,-0.8016320167062206,-0.12319546408314654,-3.106371665832476,3.695498366501227,4.357023399792001,3.2317269471112913,2011-03-09
855,0.5122289795307722,-4.019469725111858,-2.575665642109841,-0.4099193438841762,-2.0780764650847914,2.8716141041651073,4.962066358228043,3.4264441322831005,2011-03-10
856,1.4971204036896506,-1.653608225672781,1.3626374424687613,-0.13441072426125295,-2.429447771883416,3.8642976524861052,4.362079569012012,2.547269262060051,2011-03-11
857,0.9089252366860926,-2.534051420473734,-0.5609606233365134,-0.08438134885839262,-2.931388025627715,4.911460644319686,4.295656152006863,2.5819620998606707,2011-03-14
858,-0.6104244199027881,-3.8150970825230432,-0.83666903607143,-0.3982485478938115,-1.4465679962819544,3.8030545892624046,4.907752194942945,2.9931304638076677,2011-03-15
859,-2.138754834451088,-5.212940524528028,-2.545688573349136,-0.5982752206169918,-1.4592142762975564,4.685233150012044,4.664551765118694,2.805829888939309,2011-03-16
860,-0.16948779129548228,-0.8996186504805912,4.189887077129903,-0.2791374175082386,-1.5341454209545815,5.760776389698948,4.466325239800847,2.2404883827478255,2011-03-17
861,-0.10552063253702042,-0.5536020971048284,3.4750586295064947,-0.36855826798373253,-1.7345390084843773,5.7539171108299705,4.504710172090698,1.9988769733909046,2011-03-18
862,1.1928499186974533,1.9366863301905552,6.808525261233335,-0.19136123986042244,-1.5616920443662825,5.3000573480638264,4.759298742360153,2.200166545947185,2011-03-21
863,0.2952548920349008,-0.7070984410560135,-1.4582057986681527,-0.34154373601271626,-2.746401438452649,4.24181986484612,5.292511307216498,3.070093479423934,2011-03-22
864,0.7010659781174539,0.3907447858411958,0.20789204676605844,-0.317787848761597,-2.3291647741500476,3.625372937794969,5.350977650720712,2.701505753494403,2011-03-23
865,1.2027587342517074,1.338795512174694,1.3104176173371629,-0.29124513348392256,-1.9745729026451517,2.9921396934235167,5.265156429212034,2.6957182373769966,2011-03-24
866,1.2970080748404893,1.6817388840487228,1.622514385912966,-0.2884823883889535,-1.425091432848017,2.3726439600101026,5.3614860618582245,2.6753024949454858,2011-03-25
867,0.3112867409431901,-0.17168661101815996,-2.5363446617694017,-0.3348574669342392,-1.5190039021898807,2.414784439944573,5.144421672110862,2.6347077423021763,2011-03-28
868,1.002490252940302,1.4726699598968196,0.5505495354507444,-0.2707220513139436,-1.0667106558057657,2.3505960398950174,5.217978458446471,2.6322994275449667,2011-03-29
869,1.2850635917408124,1.597058412900561,-1.069118629549744,-0.46968099656702245,-1.435467368139183,2.0235109710873656,4.917080987720331,1.6056515048425992,2011-03-30
870,1.296777996769231,2.12302907565436,0.23064239234689382,-0.4591998054644713,-1.1953907901288066,2.817446098609305,4.689598262938194,1.4103023852475522,2011-03-31
871,1.1405946520706196,1.8073175470420297,-0.770118856578682,-0.6132513284717734,-0.912404870003549,2.480209812142073,4.956653209168467,1.6549281756398866,2011-04-01
872,1.0596391924650528,1.9327142482156567,-1.245281052550062,-0.6023219709201327,-1.0405993966483487,2.5413260100528445,4.7974251552705685,1.2727208249541824,2011-04-04
873,1.1941513722920865,2.484178418488607,-0.8949756744385619,-0.4782804211880145,-1.1388655794229432,2.9222547389350684,4.412652512467297,0.9034238036534223,2011-04-05
874,1.3964907708952252,3.2358993649008374,0.3783800429445592,-0.3341682067682872,-0.9098309738137321,3.268226057478791,4.201946623098182,1.4187027265993302,2011-04-06
875,1.232782174791881,2.6305559560503142,-1.7999129148216944,-0.2881742148213486,-1.0853090251855533,3.157212608945689,4.273575078035202,1.5257901412662056,2011-04-07
876,1.8950062128725336,3.1686708870515763,-1.6446398734591856,-0.061947730655521366,-1.9286781287693282,4.417026848963698,3.7308984394191946,1.402400432601532,2011-04-08
877,1.090312954615733,1.9893421042342938,-2.8431523030743033,-0.2261027393764389,-0.976794256818959,2.531412558199166,4.348869656395558,1.9737978330541417,2011-04-11
878,-0.11892929061889444,0.7388831424083275,-3.7886749106083917,-0.38606770537706947,-0.688476376651631,2.7804609161950458,3.803491527100065,0.8893720794721429,2011-04-12
879,0.7241270076735259,2.3245279226027113,-0.6600221867594267,-0.4631268243461914,-0.7991579528309366,3.0766989468643686,3.726510761193134,0.3980034903885483,2011-04-13
880,1.7529189107563556,3.0279293440377257,-0.49156072274742,-0.054946050622614616,-1.8647571163809287,3.5395014315318782,2.9989331431840127,-0.6281370586565748,2011-04-14
881,1.793149761865105,2.8384037205142647,0.003019264522702133,-0.22006808846031786,-1.7519869601186753,3.4950722838681187,3.1555504039710636,-1.0324203079535739,2011-04-15
882,0.029867206232486114,-0.21920259820478125,-3.808827684738783,-0.11462019378741425,-1.159913834779597,2.817971991696813,3.115648901376872,-0.023682491977499585,2011-04-18
883,1.062671715204486,1.3068798425685983,0.40330840906316673,0.11242685355642426,-0.7161647330134034,3.70145774617438,2.7901573596791565,-0.581641365636187,2011-04-19
884,2.713409421954356,3.283963153764641,2.75011840424225,0.6386314278401188,-1.4635354467648667,4.636393481540675,2.0195529915178043,-1.0069580685925419,2011-04-20
885,3.095491611698501,3.0828142077518947,1.949791576403333,0.7461867717565215,-1.4566019111097557,4.2054921770560565,1.901994497863476,-0.9149199967716135,2011-04-21
886,2.2766268444951185,1.0077613613903564,-2.2216332111648427,0.7311854896287588,-1.786854172835416,4.113007266006329,1.7310747018416346,-0.5230688870114198,2011-04-25
887,2.7646676755549127,1.586297456187944,-1.4663702092188275,0.7257501626085402,-1.7385421897089781,3.9059747791062067,1.6730818849753408,-0.551732893276615,2011-04-26
888,3.4097420636986104,2.468495876868084,-0.30009429147844907,1.1720433240212225,-2.356113405313461,5.042495764837608,0.6412312788250835,-1.1890404040943818,2011-04-27
889,3.4118651364501957,2.567955613828229,0.3187429133423895,1.0781007681511103,-2.1178279243819924,5.182646526950177,0.5971284687772088,-1.4637110838013199,2011-04-28
890,3.81903621653784,2.2875098291227,-1.3400474995303173,1.3706200065733956,-2.479387857674044,5.711747499677381,0.24625836731766093,-1.5271006439855805,2011-04-29
891,2.8347170532639536,0.244951322120143,-4.326152388596691,1.2541097171588684,-1.7058982936276776,4.064019435315869,0.7460555966339156,-0.483512541655644,2011-05-02
892,1.8953689318874256,-0.3765173339199058,-3.2845597063794574,1.1669395347832485,-1.0461724760136564,4.576536873843658,0.23888505206613625,-1.3155858687647606,2011-05-03
893,1.3034142481276678,-0.8102562443659641,-2.463626633455392,1.1928655872620617,-0.10166247622756633,4.128142140427519,0.34449361989536276,-1.1797969821238148,2011-05-04
894,-0.7718262401186352,-2.9622929974307834,-4.155158767086195,1.2890269342334035,1.7351328830463204,1.0374015421142149,0.8601399031946677,-1.0507649984264593,2011-05-05
895,-0.2659507606220073,-1.0174118130550351,0.34889996119664834,1.3930190567091614,1.9329376377351717,2.8200437960695255,-0.06751186335161277,-2.5569727100691932,2011-05-06
896,0.618885783481597,0.7258553934464738,2.270604364470488,1.7099567880305957,1.1440312043999625,4.170375919924448,-0.5113178815334904,-3.250500454845433,2011-05-09
897,1.3127895290789835,1.5294529317640797,2.32282558895781,1.6854191805662568,1.2597830922580568,3.093081073324642,-0.3449934134687386,-3.155478168783153,2011-05-10
898,-0.6060322741775696,-1.5819889298045824,-3.8591074843766666,1.5167231992428147,1.5828195804472713,1.3883645121897479,0.21078858567141368,-2.2404781584722055,2011-05-11
899,0.4436881638770241,0.7800564308316265,0.1348011830689399,1.638590384177742,1.6285948825535534,1.872969705851931,-0.04158789282056369,-2.565833298826223,2011-05-12
900,-1.025744088857609,-1.0907114980161998,-3.0224715156136464,1.5201075541064866,1.839646604177654,1.7576448784135053,0.2777066238876646,-2.3609214071322575,2011-05-13
901,-1.5841251260193743,-0.4652536199444925,-0.07236937133733176,1.3769359830080483,2.5057068814867587,3.3603271845176774,-0.38244108106843466,-3.6324625297746262,2011-05-16
902,-1.5164915705499853,-0.2593765433312453,-0.9694590948621857,1.1759279354267254,2.5214024362622753,2.4740098156553567,0.33509260860714185,-2.9616966538802236,2011-05-17
903,-0.07846105041919312,2.1821337099625144,1.8795274792023782,1.5275280544027667,2.3524240658471904,2.089484537342544,0.4319512977424401,-2.7080231558648644,2011-05-18
904,-0.4923411781718331,1.3995494347824198,-0.5989536601629551,1.517186390036276,2.050118381904819,2.0259576662074315,0.461207013518117,-2.7827997362012953,2011-05-19
905,-1.6800615246334847,0.20600597667309964,-1.2583689563594664,1.3956954723760298,2.4857196355258218,2.9057622781504016,0.41603664607767754,-2.595932427561314,2011-05-20
906,-2.878456664370404,-1.8666587113571746,-4.813093140619417,1.3177805593242178,2.9305784721248287,2.1942221537695112,0.887697969404243,-2.03531871838398,2011-05-23
907,-2.179921413818392,0.41071694386651086,0.45429901640253284,1.4479226272485366,3.141136819552798,3.5695525892715385,0.6703801100509618,-2.8462249380181746,2011-05-24
908,-1.5915913534714354,1.4872156945138078,2.2122527764039726,1.6098780363677472,3.433318311762606,3.147923058638413,1.1731318605757999,-2.1130492454336802,2011-05-25
909,-1.7930043631545647,1.196692991348911,1.1654219593979132,1.3718428972324126,3.138126849060022,3.121640092076862,1.3510889234179566,-2.687684423440729,2011-05-26
910,-1.6510082795108738,1.1744115649707672,-0.4744131368885235,1.5372300649221275,2.186946604322055,3.6500924471261165,1.091840894988108,-2.5879487094569615,2011-05-27
911,-0.5463636424772219,2.389425031828857,0.5065472304649812,1.5407842650580716,2.222334567019296,3.1442269873311153,1.359079922128823,-2.3266989746430444,2011-05-31
912,-3.425407854906152,-1.4964910040905681,-5.841259404504232,1.1713042727213792,1.8842668701358798,3.4087932595951584,1.3686811710251836,-2.164117832140527,2011-06-01
913,-2.642573390514895,1.428537502723863,1.0099705669830856,1.5182024500080096,2.5798516547877384,3.6540975661180664,1.3658870825227813,-1.322758568601418,2011-06-02
914,-3.2597933354974136,0.26462902544938777,-2.5757469285216006,1.455177887461668,1.5154645481319307,4.31364319570015,1.1655040320151393,-1.6550195411223412,2011-06-03
915,-3.4357107384372902,-0.08099953572953475,-1.7365992457779842,1.3678747678270171,2.2519067075669645,4.507481634797587,1.099829569764208,-0.9182312828136243,2011-06-06
916,-3.503794399752672,0.5498920402987142,-1.0451119055913574,0.9598767977309748,1.7033519450191723,5.057888054956048,1.229411030862041,-1.2222125942697304,2011-06-07
917,-4.089494493032252,-0.33245434626367326,-1.707435422930478,0.7018282709330739,2.3831015144744896,4.4560207202402635,1.7929085357153134,-0.4297460204360619,2011-06-08
918,-3.1385791665614535,1.080527071814902,0.8436042419377359,0.7267494191495016,2.6720646753798465,4.702842485972498,1.5888792542153212,-0.5603452307063965,2011-06-09
919,-4.491322200762523,-0.8899123982721646,-2.075485403873677,0.3450693436287648,2.9634695545463656,3.286895810399244,2.03926387907471,0.10748232433129684,2011-06-10
920,-4.4711804993707105,-0.7806944356445837,-0.8470445715344583,0.3912545000761829,3.3266093859356847,3.7096633047946344,1.4044216876043676,-0.3787420130980615,2011-06-13
921,-2.303575208131427,2.366864940190391,2.8040328822002527,0.6854986827764291,2.7935411573163256,3.6887335867237967,1.1762596649425485,-0.04582059093240082,2011-06-14
922,-4.725969958159664,-1.3450448997541133,-3.9860419631720507,0.3980400889591061,2.9992090274449943,2.7570993146513993,1.0503148473615593,-0.47755338025190597,2011-06-15
923,-5.059297396614918,-0.938288728798647,-1.4984529827421873,0.4174047038854603,3.1946082707454515,3.2046434538392887,0.7379455788449415,-0.7032393240875038,2011-06-16
924,-4.728919350401208,0.05094477018329327,0.10074939686866209,0.41350733419743235,2.841474653041884,3.6525140951128847,0.5137520447736947,-0.8654737828910033,2011-06-17
925,-4.394204920565858,1.0518980914531797,2.37853871502292,0.32790870515269166,3.066055086917917,3.6068042083074436,0.7292513609484349,-1.2696590277671118,2011-06-20
926,-2.879582815716575,3.0924568614331487,4.231928643817576,0.4728169195318977,2.4238366862570953,3.5534305681209837,0.4339585582937548,-1.4553765066574291,2011-06-21
927,-3.4841944203036115,0.9448146648849474,-1.5954249462670882,0.4442690921022185,1.594281445352614,2.394107398814513,0.9725729090155935,-0.638639047852375,2011-06-22
928,-4.162371812513603,-0.04347899637895211,-2.9721273294896937,0.2293528626406798,2.1963674854547115,0.7404747242025584,1.5316937096499117,-0.4540482513419611,2011-06-23
929,-4.900598008390984,-0.6879538462428285,-1.8010810635949834,0.3032001580946788,3.09084299277173,0.7262466375445813,1.4746046554162289,-0.08776858307289837,2011-06-24
930,-3.8374745401831882,1.1814580350411719,2.290836536801189,0.6687839360485561,3.547014712799694,1.37524075607802,0.9867720140797778,-0.565319014735244,2011-06-27
931,-2.8820798439900956,2.328460065394728,2.7933099563034975,0.8658465200074488,2.914223850911908,1.6931995877236323,0.8872537873347675,-0.8975387739650074,2011-06-28
932,-2.230217216317762,3.231927751478035,2.777610977377326,1.0177675227487855,2.1728264494582854,1.9378638936055164,0.8255892833255976,-0.7926948853125598,2011-06-29
933,-1.3225137562743476,3.0843052387643475,-0.5950813118962492,0.9816306700996608,1.3272610979332868,0.30600007457706974,1.3532459920685003,-0.24099573250102863,2011-06-30
934,-0.571324786018831,3.9218484291543527,0.4649183841705912,0.8238196011253679,1.5355867288998684,-0.468172228473921,1.5720961283998875,-0.22620928085161424,2011-07-01
935,-0.7343973485368259,3.4189122693072784,-1.3890203555195832,0.9398229594085721,0.6384167998832911,0.5649204750522608,1.0319078686196406,-1.0621743938457344,2011-07-05
936,-0.8209817872742186,3.344207980722403,-1.4991040344012887,0.7669064853060534,0.6925880711080563,0.012770702365624779,1.311048574782101,-1.2856731674722577,2011-07-06
937,0.0947685923564764,4.599345357843996,-0.12395620488007757,0.7418057130006995,0.5230869465494669,-0.0151682974944593,1.3262915199130867,-1.3730116601735742,2011-07-07
938,-1.0827840369584465,2.6756912717793973,-4.305657646430193,0.5224229386155628,0.12329988384332666,-0.270912905379316,1.3671041703651514,-1.79709354424653,2011-07-08
939,-3.518389488857844,0.031817167312133715,-6.8078048877144415,0.2950265637423777,0.8103603492855802,-0.05391428367986816,1.3555491396421266,-1.7643301702570686,2011-07-11
940,-3.0482338533308804,1.4692386262864805,-3.350755677292054,0.04390596139690837,0.8034328139857156,1.3818326547422684,0.9302367968871575,-2.2611369946232602,2011-07-12
941,-2.219066770060308,3.5350878253493736,0.18259821745261345,0.2777978088037138,0.35743550242790023,2.8730408373298237,0.613197025720495,-2.8223791140682137,2011-07-13
942,-3.0850865691619163,2.217296610402534,-0.8262766052177242,0.3377869026330147,1.2262709700936754,2.12770421925191,0.9587144595548523,-1.3630137958317532,2011-07-14
943,-1.600003266267962,4.270123754272906,1.2647210145861751,0.05092971603334071,1.1366988547161694,2.9331135470143277,0.5080824300489003,-1.8397392988941474,2011-07-15
944,-2.483288254877401,1.589164852335403,-3.9334262948329943,0.3551903235418163,-0.055325357319684715,1.7021975689292805,0.9598232042202063,-0.6347321623722296,2011-07-18
945,-0.9762893658213605,4.570244337353275,2.1203736079815814,0.10919174645661159,0.6492782451891997,1.8599202408135298,1.152309658729209,-1.4800000588660365,2011-07-19
946,-0.9889266433585625,3.958719641312303,0.4410477516434021,0.41050925168849567,0.1492209510903176,2.2384611904045015,0.530926116368966,-0.6135479468361255,2011-07-20
947,-0.13732854192800467,5.171467690877858,2.536536924521308,0.41340841664878075,0.3939850405413864,1.7756674091172169,0.6094943647288985,-0.20330391518394741,2011-07-21
948,-0.5744248858246449,3.583970669081194,-2.3999877384771575,0.23031819121308994,-0.7778457908254525,1.6475148096200933,0.482637271725317,-0.11070165605194027,2011-07-22
949,-0.954912254877751,2.9334325634464595,-2.3580899054031343,0.34186530447603486,-0.5067644787552282,2.3437708152655548,-0.1135231114537858,0.5893046478944707,2011-07-25
950,-0.9798936122824798,2.8357456266165206,-3.2876695395462106,0.05593031014725907,-1.473561950517749,3.1297484062406404,-0.5799650627802019,0.33226357461931766,2011-07-26
951,-3.2110447899069525,0.19904563276007295,-5.060852566718676,-0.18847981355163085,-0.21166552102572514,2.424493951213599,-0.238946911751295,1.58532244587643,2011-07-27
952,-3.245170064929549,1.0930309809890197,-1.5523002189643018,-0.4446591752498739,0.576113308688412,3.1728534954835435,-0.6101411461011582,1.1107547388425172,2011-07-28
953,-4.137775538994902,0.2919236849634264,-2.101587409243142,-0.8307172350260207,0.4949313529067696,4.154919791314846,-1.1042921157940506,0.5249497663622505,2011-07-29
954,-4.183661789949225,0.6386406719129463,-0.5068479799847662,-1.0065046266660094,1.2533847822964241,3.6909978232550547,-0.7447265280164265,0.7761635384660579,2011-08-01
955,-6.818989872393954,-2.500974234627813,-5.614539914411871,-1.0957425731080304,0.21940579565443627,5.696337081303192,-1.6814104406840984,-0.22616344375811465,2011-08-02
956,-5.705116968543703,0.31466583761537553,1.3070707071113703,-1.2361248935220672,1.3805400870288018,5.123546059937315,-1.4623440421461098,0.4717337583475531,2011-08-03
957,-11.035896590770578,-7.2819382397428845,-11.981567366621169,-1.5189996716652987,1.2506087047186774,4.018802861569863,-1.603542443166094,0.6911048836715077,2011-08-04
958,-9.676757718283291,-1.5332755260214248,3.601380364762004,-0.806938268722551,3.254632712398603,6.770585028664357,-2.608628420630619,0.7509986470247271,2011-08-05
959,-16.38791741285445,-11.613689748390291,-15.485023689089369,-0.969516592986902,0.728828789279309,7.641811951439881,-4.335172786625888,-0.24153311865834676,2011-08-08
960,-10.275638463145153,3.3831940302143306,15.341503541023972,-1.219728840360537,3.716769210205454,7.467271596318045,-3.920360346745769,-1.151487061402116,2011-08-09
961,-14.698818486101413,-6.016705824972867,-7.666575552642005,-1.334847801399057,-0.11911380160414689,7.7458508979423195,-4.337897587745384,-0.7922766816396705,2011-08-10
962,-9.81308670533787,5.286505267946451,17.066292932131113,-0.5633976826075215,4.166414362658918,4.958757114403367,-3.0564681760009194,2.3650355402532366,2011-08-11
963,-11.473852456422057,-0.8391131039044273,-3.2816797448064023,-1.1597128297271584,-0.4326417019230764,3.7240834215360854,-3.1757617500140563,1.7409560503894879,2011-08-12
964,-8.708591194044155,6.335362059735673,12.598189829160932,-0.8997681604806955,1.1840411501013506,5.719077439343131,-3.7545363289082916,0.8716300877540639,2011-08-15
965,-11.119289195546859,-0.23629570252692741,-6.087925475050401,-1.388623888248627,-2.1765083853466667,4.21962664052567,-3.5722791328433874,1.2865846017235247,2011-08-16
966,-10.274505946296411,4.123312043240819,5.616857432501601,-1.7776351525819112,-0.33770757850930566,4.998224750982399,-3.2147492316094093,1.1799469361336037,2011-08-17
967,-15.002608957121506,-5.343585149171007,-15.251168219204638,-2.0919713091066248,-2.8051999748993888,4.3924059047180295,-3.924862168773783,1.2810382364442245,2011-08-18
968,-14.067285650667728,0.11689801505972855,1.6332548028602345,-2.231047769871912,-0.08521248111344618,6.539309987298145,-3.9320021534012617,0.5889563129699569,2011-08-19
969,-14.119450533354136,-0.7353206460974278,-2.774024904770102,-2.1642321024037225,-1.4532838480192192,6.834394009669914,-4.281702498587876,0.2216993828073867,2011-08-22
970,-11.130689610033077,5.4785975976997445,10.445450279685623,-1.9457715589901097,1.1665583069683385,3.9702565227975573,-2.6810258829088425,1.8845993164677766,2011-08-23
971,-11.310641386963336,2.7259342198443246,1.27319118213392,-1.6913611467969687,0.3469232516403542,0.5527399555820226,-2.0902355391539458,3.811889681095693,2011-08-24
972,-12.523671014458742,0.8836222882904479,-2.302347586735741,-1.948982829803304,-0.6274198547537523,1.9950391782857204,-2.980248094277574,2.1776880234291593,2011-08-25
973,-11.421700262912651,3.599390547674007,1.0500069055596983,-1.9343055240342146,-1.8640552636473247,3.5747914766198265,-3.7041721796927374,0.6294034696221146,2011-08-26
974,-9.227666739002974,7.569510941148842,8.637401602630918,-1.859020656091267,-0.32382445082453826,1.1769668724820663,-2.528039710943578,2.449764628318481,2011-08-29
975,-9.970082360183156,5.30117622870112,1.5498089260489392,-1.8756757508445865,-1.9909992684422837,2.4858128237796984,-3.233644797622605,1.034893746069036,2011-08-30
976,-9.21846946566284,5.6725304172679,0.36126690851809634,-1.9067184365337633,-1.925805624019823,-0.08601162819566605,-2.1540409335639823,3.314075192345184,2011-08-31
977,-10.70036469793737,2.5171085576233705,-7.255444830244221,-2.136966512744492,-3.2882877624565996,0.7239979040860326,-2.680820782200221,1.4759709759581163,2011-09-01
978,-11.734253494959141,1.8069474854218095,-6.911961661734935,-2.4450761530922955,-3.516982687473882,2.705225210268063,-3.202199673699853,-0.19693142621022292,2011-09-02
979,-12.033514448006176,2.4136773441236814,-2.657658513630836,-2.6702739242038516,-1.590142949765406,0.6488467373550659,-2.090264515832535,1.1828028121716443,2011-09-06
980,-8.223882363168013,7.463405929671275,5.2284292317620675,-2.452555424529911,-0.8968456357157502,-0.9367276212864784,-1.2343779269066424,1.8966571033936817,2011-09-07
981,-10.13249525972412,3.5105834024920255,-2.9848549013932186,-2.593093053489168,-2.053728686232535,0.485893665942608,-1.9626676272236097,0.2840478907869985,2011-09-08
982,-11.095714958825983,1.6575578034133245,-5.244621338969258,-2.7690791806677875,-1.4039859252852176,-0.9485873752392763,-1.4045515341558725,0.9491769482077872,2011-09-09
983,-10.419459783462655,2.505547670132073,-2.179582447587511,-2.9969510402637702,-0.8270356821251895,-0.8257560057745266,-1.1576301601631245,0.7923319905886602,2011-09-12
984,-9.225086650464092,5.106404480012368,3.7435726755428997,-2.6374693823837814,-0.2782359293545007,0.36455275602621867,-1.552073016973694,0.40732753903355595,2011-09-13
985,-8.553270913754634,5.688618741148089,4.940678577364079,-2.867250267293433,0.28633831893197503,-0.060057620968112575,-1.0700199940954196,0.3067173685195032,2011-09-14
986,-7.241307142451744,6.42084709858992,3.545156185517616,-2.4649798307429047,-0.6070872590626478,-0.9379861814009008,-1.0144454492917043,0.9408489141829403,2011-09-15
987,-8.01536457044737,3.794306282210997,-3.595096980396727,-2.5720943134401235,-1.7799309853223089,-1.424096861194729,-1.0864409197635743,0.45423888743291535,2011-09-16
988,-8.218868479078264,3.15681264653028,-4.127105394050116,-2.7391172749379407,-1.384153792916409,-2.544402269465852,-0.24097712675711508,0.5335663027123413,2011-09-19
989,-7.98528445897126,4.230620883813382,-1.0838820415450827,-2.6138005018097723,-1.6375502178450683,-0.9321605316588183,-0.9623297883030099,-0.7705022769188314,2011-09-20
990,-10.686702687295472,0.006211923901834589,-7.737990727615985,-2.822154298770308,-1.2345352847333033,-1.5868812239575536,-0.37167315899473996,-0.6973570156057338,2011-09-21
991,-13.1811418401349,-2.2996177533369426,-7.807068419690202,-3.0505048072549785,0.6845756080699797,-2.1529235299692124,0.15420169911088877,-0.9285970329224029,2011-09-22
992,-11.464486765649703,1.3266107443455257,1.0922296342458764,-2.5459563444307096,2.680647799427525,-3.187321194082102,0.8884929779083014,0.4293987690485956,2011-09-23
993,-9.65847553364254,4.219643583089928,5.151534633866243,-2.1432044784108664,2.469997531414591,-2.757409017661497,0.2697406491209419,-0.9588335270851398,2011-09-26
994,-9.130008750171054,4.91613151337609,5.221952424881026,-1.7039747027943535,1.5176858531684723,-0.9503252057613097,-0.5306240427361175,-1.6324964542586011,2011-09-27
995,-11.733857509630006,-0.3955876995036491,-4.538441585445273,-1.8363347751746304,1.7547665103421084,-3.0677052349315357,0.5182573061660294,0.1669456831088132,2011-09-28
996,-10.514507912441996,2.4682776675988904,0.6778167811851448,-1.7404028420331383,1.4843757492830367,-1.8507318007795024,0.13672763879336317,-0.9553215759595157,2011-09-29
997,-13.367688900646689,-1.7070905577755884,-5.436755491757846,-1.8595596012804925,1.865849286413149,-2.460070636770456,0.5321155577352253,-0.7183504671089813,2011-09-30
998,-14.928183050232334,-1.9842884628925015,-2.385315884403835,-1.786298887349078,2.4923036522601576,-0.031934378632200076,-0.37132805104324684,-2.9645448914051458,2011-10-03
999,-11.76490313611393,2.947536675889399,5.115427425987852,-1.528224772134853,3.1138950951086612,-2.4624576063728445,0.5742105505985026,-1.4619014760510196,2011-10-04
1000,-10.573192643852064,4.555037736866573,5.36138590131616,-1.221188839797672,1.8788538933288121,-1.1587299102040676,-0.0015077708049537925,-2.454848886247357,2011-10-05
1001,-9.239459901297625,6.043930921228481,6.041092074678528,-0.9497430998928877,1.708420281556671,-1.3564581434321517,0.29490256173409335,-1.1654124282137948,2011-10-06
1002,-10.150884238263622,2.8198099709960305,-2.587788047744237,-0.798996388604704,0.5619855171111348,-2.1422018656359496,0.5856671592476629,-0.3943572210448329,2011-10-07
1003,-6.960625743078306,8.704832858621634,5.440695797840069,-0.06936361368698726,-0.44013760468943997,-0.542631072812448,-0.26051525268175185,-1.275358154872865,2011-10-10
1004,-7.823616679161058,6.145694046588963,-0.4862551065822536,-0.0322388991341744,-0.3202244831865795,-2.3633202507819764,0.5879568346053899,0.1494413097942733,2011-10-11
1005,-6.477461550468883,9.143693996038124,5.292903654511163,0.25589051613176333,0.21213233703391218,-1.3057791346724272,0.1276432977741513,-0.5230337511667966,2011-10-12
1006,-7.954453733055965,4.76149042234781,-6.498581381335471,0.20751891919692092,-1.3803675550317114,-2.54859157522838,0.7314624915987217,0.10627736393821474,2011-10-13
1007,-6.144337220730554,8.704835203960059,1.8872872374242007,0.676557418846498,-0.5666082688997839,-1.120875062999927,0.44224109653410587,-0.37633520981272534,2011-10-14
1008,-8.846384106840954,3.3006917010549013,-8.907265765443587,0.47401358316825243,-1.0196505763167183,-1.9763721679954416,0.7746354467628381,0.15100965975570615,2011-10-17
1009,-6.315877824564562,9.052052756091605,3.9409276179913566,0.6968514759432065,0.5454365684642085,-1.4810450340256198,0.6526872940714182,-0.45162003299095466,2011-10-18
1010,-8.23264491966619,3.9745613172476135,-8.222508908030985,0.6523633939175157,-0.5752334262333149,-3.1457060061808018,1.1233602248887793,0.7338181419816049,2011-10-19
1011,-6.634619647029072,7.704487338817782,1.4620169592969625,0.7852588256014257,0.944734961434163,-2.213053287187283,0.7591340549851372,-0.3575979467061398,2011-10-20
1012,-4.755895364623486,9.049392915736053,0.04990700310815028,0.9031482207966142,-0.9039312568521111,-1.7804373535983946,0.39073271520760605,-0.6407504145876516,2011-10-21
1013,-3.2848735676948175,11.589190677742051,4.178988186100803,0.7588500067037396,-0.8116698961840684,-1.023599370191921,0.3418025075937161,-1.1470827575676321,2011-10-24
1014,-6.204637154794281,5.519501658834475,-8.887837309041876,0.7624814595974698,-2.664417392046666,0.2850281606910979,-0.13138633313942338,-1.6293442011966413,2011-10-25
1015,-4.717932565352323,9.439537084240342,0.7919797584134578,0.9685163531385974,-0.9516734924836533,-0.720082187582295,0.4533650017576317,-0.18575031150296673,2011-10-26
1016,-1.7971404939663673,13.243008523464027,3.6545020172975606,1.650077449508601,-2.5306291570418864,-0.12272766064085745,-0.27326675464114636,-0.1658843033651169,2011-10-27
1017,-2.866327274366313,11.012767348347825,-0.3897736058644436,1.4322725362601625,-2.2519344548668987,-0.8126279001864081,0.2819417133721204,-0.13336450866984179,2011-10-28
1018,-5.66397731687145,5.529675940074489,-11.055204259534658,1.1198470151570554,-2.488626692771769,-2.4485388610958476,0.8076092586091947,-0.07124553099075809,2011-10-31
1019,-7.660825809258087,3.03582508473753,-13.892516476866373,1.0202158028194366,-2.437690240639469,-2.0434128557009865,0.7772303260846295,-0.6651802728488818,2011-11-01
1020,-4.844193816917217,9.223882952524436,0.37189326929287675,1.3739016674620375,-0.5400652764398125,-0.1281246270096451,0.40739404082896014,-1.1929798039732018,2011-11-02
1021,-3.634005214728771,11.754214687026803,5.735666733377332,1.5355654313469138,0.047509455829887054,0.8280134978057236,0.2393427416900612,-1.4817532577739905,2011-11-03
1022,-3.932582597163619,8.891363514730283,-1.801543900434457,1.5380150376224597,-0.10271923988568324,-0.12196504455115015,1.0400956924275202,-0.860317747252473,2011-11-04
1023,-4.448614344180141,7.655644598660595,-6.408190649375694,1.4724132642128744,-1.9264058161281696,0.5062674766115466,0.7034102665200662,-1.328889905458339,2011-11-07
1024,-2.9320053423452874,9.865253501943648,-1.0518084668001797,1.4485110899982232,-0.40480948052226917,-0.27069365395591466,1.4932090359907195,-0.013586859713896005,2011-11-08
1025,-7.309239537625106,3.6158715877674035,-9.197704619429308,1.1033449441330976,0.22927257974619883,-0.2045501455089558,1.4335392663523197,-0.203834795792694,2011-11-09
1026,-5.484269038628815,8.477005348656512,2.4658544642950693,1.2823921810358814,1.6471320272543672,0.4156640375068847,1.622245009975309,0.06134604399831628,2011-11-10
1027,-4.723483034451647,9.066618341058394,0.0039012165457085824,1.3046010236786547,-0.15681246929166362,1.2261932174157737,0.9354241395168209,-0.9027900580513395,2011-11-11
1028,-6.29650980121749,6.3820468884884605,-3.680549581237115,1.0152343914325495,0.9059004793490241,0.39523264832546207,1.632613081800035,-0.6770545067129758,2011-11-14
1029,-5.625399728251966,7.560091594834339,-1.9858250594803653,1.0303864227684942,0.7093192116082997,-0.14344767278104537,1.717356342111112,-0.27060581841271164,2011-11-15
1030,-6.394248410084693,5.112069829604771,-6.806116053266209,0.968702733459891,0.8341115449515716,-0.3266838695205188,2.352911644110239,0.5993089543849581,2011-11-16
1031,-7.038239788595564,4.663803265533674,-5.539511853722662,0.9662424317155249,2.0033167214205605,-0.8269725258966509,2.5013228404272763,-0.05198792555174869,2011-11-17
1032,-6.47339192485787,7.023211625532614,0.6672078490270428,0.9694101766686274,2.4241081086931775,0.5624973807294199,1.9971135946559986,-0.9192068815266126,2011-11-18
1033,-8.233583851764482,3.654699400390383,-5.040239499665714,0.7500151522367191,2.764200846607217,-0.618680818225076,2.8301616636101716,-0.12983326679385687,2011-11-21
1034,-8.578437670251983,3.952134418979173,-3.13277952238333,0.5558049262640818,2.7835417919821186,1.2394044822526078,2.3703964903548584,-1.389748623737189,2011-11-22
1035,-9.881805929330397,1.814570538141647,-6.0059787103969935,0.4769112486790846,3.478138512194876,-0.1372300379080691,2.9202673484047037,-0.5708510628986756,2011-11-23
1036,-9.467945302352184,3.3865763909403137,-0.9528212797371569,0.5627661520614271,4.8049411356717435,-0.10100081376531883,2.848438445348888,-0.521830018191149,2011-11-25
1037,-7.539626732777005,7.424795160805833,6.296927600288137,0.21263931299124364,4.6945077123917915,1.6215670477179136,2.3778467187796752,-1.7523335859247953,2011-11-28
1038,-7.411943826198913,6.516690114649564,2.6986882649555404,0.5040900164719451,4.026009193326729,1.5609186343889958,2.369862822751307,-1.2107352780218665,2011-11-29
1039,-4.3425601400394065,10.689453713312995,6.521847395855873,0.7106031644271356,2.786730359934745,1.1449410838019591,1.9888460798690595,-1.2995289595059762,2011-11-30
1040,-4.547558161662103,7.4233866575712995,-3.2156760598883025,0.6338242246631014,1.4658688806573803,-0.7411269830770527,2.627009767359907,0.30812949367298675,2011-12-01
1041,-4.381549705114773,7.67574713937015,-2.1927855303805224,0.41449377170305285,2.1431603139271513,-0.27136135903945974,2.5989289136770792,-0.32348252407927175,2011-12-02
1042,-3.6407978373769385,8.108691303325335,-1.333558072970619,0.43137292516356057,2.432476130542148,-1.07785862060984,2.9970205991324455,0.5082727427704353,2011-12-05
1043,-3.7852884926915573,7.73971904780006,-1.6685700556388365,0.5872705183773894,2.217593600225507,-0.026491082686143138,2.306555613205314,-0.3732387232810322,2011-12-06
1044,-4.07277912616663,6.281236279323702,-4.963116801133911,0.44987746852488314,2.094879078108868,-0.3063361709214922,2.157028886846063,-0.2682285898667239,2011-12-07
1045,-5.774057726953649,3.506715654540419,-8.17230050222859,0.3474505706674674,2.9734197323814966,-1.0065229510966551,2.687034250648695,0.17789487867341752,2011-12-08
1046,-2.6992804339112713,8.401494931075685,-0.30034039442388566,0.7152213226316404,2.7959066396466214,-0.8755105822522228,2.4459348397149223,-0.2213820707479633,2011-12-09
1047,-4.4889667452005755,5.121721466138588,-5.36641992566414,0.51708728375683,3.5225121588035804,-2.750856131124996,3.332699724613022,0.2129699553414917,2011-12-12
1048,-4.990341202606535,4.938607553987855,-2.646346617694326,0.4671304055125683,4.770591243879972,-2.2694750054069965,3.4090558088651433,-0.472977806241371,2011-12-13
1049,-6.319603899280378,2.5404118656409325,-7.4642050193347105,0.34266820868611775,4.394202540865617,-3.814920748290953,3.606320441109235,-0.5358131265621862,2011-12-14
1050,-5.448876594098901,5.024967521286501,-0.31305230975887005,0.5929569312491628,5.190993992717666,-2.0697172054474864,2.835092294168239,-1.7837070530600732,2011-12-15
1051,-4.8404829267449685,5.919941244461574,-0.0754545759603407,0.6945005926042505,4.1360108583289374,-0.7868250141256675,2.202815110826156,-2.8232719332856613,2011-12-16
1052,-5.486024637800229,4.629133627744003,-1.9487100539337034,0.630043845489838,4.276596031511785,-1.0784233402850487,2.434248320083016,-2.4898497846184777,2011-12-19
1053,-2.6262739385189082,8.85501304706026,2.997383351245632,1.435162544177899,3.4296048597892295,-0.8371783264687517,2.0714584085369037,-2.0344854500357634,2011-12-20
1054,-1.8905958626923192,8.314890155262445,-0.39105173964617773,1.565184791688987,2.9902113795089096,-1.6207731470807816,2.296347572301642,-0.7052686704365076,2011-12-21
1055,-1.4757194308833546,8.78040762462776,0.3198009129728773,1.3308260549747795,3.377761888674228,-1.867724952101177,2.2564434741868746,-1.130856220922926,2011-12-22
1056,-0.8539650998409828,8.625697652103497,-2.5859829348070393,1.3731076681418541,2.0590749255199423,-2.3875230306662623,2.245284235984169,-0.6839760468995008,2011-12-23
1057,-1.01253736860463,8.094302771601358,-3.395857119301628,1.2409893918944206,2.1247146700975943,-2.0031855086074284,2.1838578946722875,-1.183154032987895,2011-12-27
1058,-2.6689668487627967,5.19043476178512,-7.432388705409192,0.9716094680307146,3.3417062550856844,-3.408042498525774,3.066615678571472,-0.4291328782334949,2011-12-28
1059,-1.6476035486341964,8.001081488409056,-0.7275058773568908,0.9994978006811637,3.908933762073465,-2.137177224912321,2.4335770223442545,-1.7380897569185119,2011-12-29
1060,-2.262821772821806,5.6447899011942,-5.77952665033437,0.8193905395409785,3.6163406080667935,-1.103059939416409,2.1821932546465623,-1.95815459976495,2011-12-30
1061,-0.18855042264006946,9.612010309461574,1.896553988433392,1.5175242201306929,3.589713945140016,1.1409842607809608,1.0889028171741333,-2.734396199792616,2012-01-03
1062,-0.913096722665877,7.445679505307277,-3.841276876072563,1.5388089241361598,3.176341016688397,-0.970936309731942,1.9176121129978296,-0.9473840058945264,2012-01-04
1063,-1.359128409084313,7.204794496813085,-3.190558638254916,1.4910384911816157,3.807695206300107,-1.7379320546715546,2.0036622858642055,-1.1744560968922348,2012-01-05
1064,-1.909881332940904,6.362449967481121,-4.858342221462694,1.3372575472804766,3.456775371903919,-1.9698002130317387,2.18302041880449,-1.4380055464173016,2012-01-06
1065,-1.3976500861920254,7.641053551096999,-1.3313120472527817,1.504026942975419,3.869946354911459,-0.866419613380011,1.5821922167124645,-2.3451875113062934,2012-01-09
1066,-0.6341463203530667,8.297467403575123,-1.7380402104625503,1.380318638902924,2.9743290141768557,-0.992067518383048,1.340120487411837,-2.998251755903341,2012-01-10
1067,-1.3582162218336369,6.92080211533304,-3.3729626460628497,1.1425050514632922,3.399912716287332,-1.2630237644577977,1.544498360704476,-3.136531035979317,2012-01-11
1068,-1.135044873976774,6.676593047171615,-4.368048912494065,1.2102047985241713,2.681950330750123,-1.1113556821483856,1.1774509139338694,-3.373568517255634,2012-01-12
1069,-1.3505900485127578,6.096505939416552,-4.942166039595968,1.0626374955237374,2.924127858064398,-1.781842159436302,1.4924160934131814,-3.2708238758054686,2012-01-13
1070,-0.7873928336929141,6.960530362141412,-2.565332251340902,1.031159721747018,2.4106882312259907,0.29867207589582373,0.5783748252523737,-4.502436136926081,2012-01-17
1071,0.6580998757033084,8.76015139874621,-0.038346018416665344,1.4586363565673282,2.2742734012266315,0.24776997862742084,0.514119691013384,-3.9970902046635635,2012-01-18
1072,0.7991277589087299,8.35340480014731,-1.2203650645924105,1.6133043056486025,2.141639258063848,-0.41985579105282683,0.625812329224191,-3.457310945802954,2012-01-19
1073,1.338057291128279,7.998177076689509,-3.4122967185212074,1.78269433681857,1.6358047980293327,-1.6843380268113997,0.6960005352143332,-3.1217177015483406,2012-01-20
1074,1.6928505097895978,7.718401372148545,-2.8619828385634185,1.8572927106953785,1.3514469797726385,-0.1297780452536999,0.24292162538469964,-3.614681695044324,2012-01-23
1075,1.3873250597276499,6.703482875192611,-3.6717756180272634,1.7415678472101384,1.7217482689486632,-1.1330734232753956,0.715623200732394,-3.394055466727548,2012-01-24
1076,1.8330722416964143,7.954286900011461,-0.6499185537904903,2.1229768364190034,0.981446811834351,1.1281479057883879,-0.2955540776752458,-4.825600694829891,2012-01-25
1077,1.21377540306443,5.964528274483631,-4.380326130526664,2.032421932355606,0.9719965702845751,0.5134065849935173,0.4089506193509852,-4.1109956420243625,2012-01-26
1078,1.3007867413055392,6.06722358725421,-3.4351525465585624,2.2226187412035245,0.621804713559203,1.513625066230824,-0.018245754324866307,-4.760749831282246,2012-01-27
1079,0.9383977016116138,4.645628004555967,-5.545473355333234,1.8006441408759264,0.34898549958826186,0.22468626840522915,0.6000251586158477,-4.401433379734829,2012-01-30
1080,0.8895715336971273,4.929555809073377,-2.8065944734147275,1.8919485992309317,0.7672002611283998,1.3533246111516402,0.17397582372345444,-5.459878542117221,2012-01-31
1081,2.663659570936767,6.285874353499891,-0.912607988145051,2.2910660382757206,0.8249521181276932,0.5026197025337236,0.3048634179344778,-4.904769658570872,2012-02-01
1082,3.29159213667164,5.6274528703919025,-1.3698539056422763,2.2444822318312743,0.9254243818831799,1.1832482621327847,0.14015604219080602,-5.630034136036221,2012-02-02
1083,4.580665009549746,6.74198224338817,0.4712855906334789,2.4676298371527663,1.2473345207643836,-1.36379579429535,1.1340488025855824,-3.779621186941499,2012-02-03
1084,3.662307637007869,4.6772044338016805,-3.334717635094746,2.141340898535766,0.1262817126012837,-0.43738994381831003,0.8513419976516534,-4.8256907927693335,2012-02-06
1085,4.383921203919313,5.563441329670006,-1.5019222793924971,2.4915002340951085,-0.5760046660862909,0.8229602956685085,0.3242885254073311,-4.80286075945098,2012-02-07
1086,4.240919649439348,4.6597909053507465,-2.8381011924842547,2.262504492701145,-0.5125384149098399,-0.27495848920710647,0.7397287555161631,-4.3907609769560345,2012-02-08
1087,3.9717854149755096,4.243411645364434,-1.6274343721397462,2.2754100855712376,-0.054074058562436106,-0.10397978749383269,0.8986507202691986,-3.947865799656632,2012-02-09
1088,2.967246790394454,1.6776946853137817,-6.199728270465897,2.23798068499545,0.27735149872667686,-0.15081937807152868,1.1489793439070408,-3.887080579819579,2012-02-10
1089,4.079344692474361,4.384202678342702,-0.31805667462174086,2.0001821078613147,0.32253041781510483,0.5029695730838787,1.2008327133529555,-4.237474119195557,2012-02-13
1090,3.3208578239952096,2.7325990094426715,-3.8385744855598025,1.7225539237315814,-0.14683843590185344,-0.11060222218757448,1.4258653951471791,-4.171695465996095,2012-02-14
1091,2.953269454882003,2.730473674687274,-1.88441454516225,1.6468283665677086,0.5630948480102534,0.5852794492837864,1.3535123333892987,-3.712665802908195,2012-02-15
1092,3.8082245704009576,4.19882067843589,0.07680454573660163,1.4684565878844995,0.47108897254777604,-0.06312035554273349,1.8022537522231605,-2.994340293912762,2012-02-16
1093,3.952872736323211,3.8968244948536457,-0.9830870751317844,1.3612558099624168,0.3372756189587163,0.05169259956278278,1.8949616977735506,-3.0753364277583346,2012-02-17
1094,4.327030781002601,4.355351412421172,-0.7677460449251194,1.6405492457087847,-0.3762275467502453,1.8514192890015893,1.2292674180969247,-3.123816330367071,2012-02-21
1095,3.4889403994390653,3.3446183894184873,-2.856739352294283,1.2850053300218245,-0.6701233526033018,1.6971902419487899,1.6152818374827482,-2.9886439094749035,2012-02-22
1096,4.716318149742245,5.063725098353091,-0.8572277182601189,1.3699649716671014,-0.9203712557052016,1.9242134102060282,1.628082896964657,-2.760662400629569,2012-02-23
1097,4.4181545383499365,4.323231876753668,-2.1074805665471428,1.1241034671368606,-0.8484000980260321,1.8489639121340466,1.9299275020109352,-2.2181633946305235,2012-02-24
1098,4.489070898895099,4.013356048619119,-2.619940308921162,0.8691627598823425,-0.2818977616045164,1.0081329261873684,2.0510038412121503,-2.1248925256437987,2012-02-27
1099,4.549279226770569,3.96369594574703,-3.551981763504669,0.8506759196204682,-0.9843404674030523,1.7460210867666675,1.530481334975679,-2.472433274798133,2012-02-28
1100,3.8935857817453474,2.9969241665610147,-3.6134702708884565,0.9574492510926138,0.7755956365796696,-2.0634470278113812,3.3119211428412636,-0.08756628843719666,2012-02-29
1101,4.788165944475626,4.84808862265871,-0.1977665690392704,1.2436622718601116,0.12337375536776282,-0.004464972207027291,2.0398532323219065,-1.8530149124988804,2012-03-01
1102,2.811104890748005,2.2727231131955774,-3.814341738135954,0.8101675004770321,0.5218520257014966,-1.0356086982789363,2.4832503023601937,-1.4311065553427063,2012-03-02
1103,2.51541131299131,2.1740542108282566,-2.599028770021469,1.0238392275644534,0.8999368774826118,0.009715266177059149,1.8364463692054651,-1.7718584175985868,2012-03-05
1104,-0.28831507611350987,-1.3296251499584861,-6.318121432834289,0.6668905687977347,2.099339466974391,-0.51563432689798,2.374344187025017,-0.5476045958875885,2012-03-06
1105,1.0835458667481155,2.602216738582773,1.8922762289002841,0.8521506462334458,2.6108236019206212,0.8728290442494295,1.655704087069336,-1.6594179614762126,2012-03-07
1106,1.7266332371495778,3.465105110387187,1.2516245633727763,0.9078370636734219,2.0025549929937494,0.8999579595391914,1.4401249888051098,-1.5147971218763843,2012-03-08
1107,1.7094577683973993,3.655085261030174,1.0374682676374296,0.8221776738325727,2.3638597360757263,0.33936107688291534,1.5944712249487063,-1.807686847536507,2012-03-09
1108,1.8285999972697005,2.822445570554648,-2.9082730783300477,0.7661654682504231,1.9524171927259033,-0.7877881061392012,2.0393177451485878,-0.7645122552600778,2012-03-12
1109,3.5051673300320423,5.574168709055577,1.5093123942214477,0.8259983849947871,2.4577815855188496,-2.6030801053189028,2.2989571638033737,-0.10564148301354709,2012-03-13
1110,2.9942450672045284,3.596904546194864,-2.1531758888321555,1.1341079800779903,2.9783505435590873,-3.2913714687744844,1.9533164482220644,0.73621432104448,2012-03-14
1111,3.572701922541336,4.659201363097114,0.0044386909995621305,1.1463647154844583,2.5777512037756316,-1.375742798802396,0.6957173320293629,-0.9766015239302661,2012-03-15
1112,4.266001719204564,4.409574670003746,-3.0247294214990585,1.321362201738719,1.4047071671709084,-1.22310865943549,0.7278881617467294,-0.7036525688943479,2012-03-16
1113,4.5671663078290665,4.749819497635764,-1.5820715414655036,1.5257196130009383,1.8976720636015991,-0.8601112646700116,0.48253178228289867,-0.19484627068440058,2012-03-19
1114,3.6024172150189337,3.024506191057405,-3.8546254687620456,1.2917594926511569,2.4329319275019508,-1.8912403291169966,0.667345854173966,0.19098839804805173,2012-03-20
1115,3.6027509599288003,3.056739915210556,-3.127649541000463,1.184990394602998,2.5921931826173865,-1.3189936284185428,0.3773901995906146,-0.5861271478137825,2012-03-21
1116,2.5200302855382812,1.5158551136761174,-5.081796684981182,0.9187818645390036,2.6024798413061174,-1.5685954052142481,0.2351971458390466,-0.7381933224140786,2012-03-22
1117,3.099445281966327,3.3515399829697885,-0.16567200548357847,0.9996711740898849,2.6286079316127977,0.46019038321038147,-0.5997828254669029,-2.154989523539117,2012-03-23
1118,3.9242392038360134,4.602718893665044,0.8718416726640498,1.1220031037785683,2.2828018398315266,0.1588542073854543,-0.6242789656123816,-1.5258907589940955,2012-03-26
1119,2.8088764411598905,2.42531137966936,-3.1324053661099853,0.911451172329991,2.355812260137194,-0.7458698236277205,-0.17024040430702764,-0.7853205215858907,2012-03-27
1120,2.4432881625650635,1.94635358848185,-3.2941466782198603,0.929848904521282,2.7522913233165047,-1.3323131937362898,-0.013536537760100917,-0.4009005532924433,2012-03-28
1121,2.6441657958698497,2.034194845888437,-3.301051319486079,0.736047950011292,2.6099870479496734,-0.360892229846186,-0.4358105287269566,-1.1865106242503811,2012-03-29
1122,2.8778638181384846,2.8619808633815946,-0.2797486859809914,1.0593137386428049,3.3022521946574352,0.1839303696389123,-0.7634657070222514,-0.9706533214334804,2012-03-30
1123,3.7682928654307917,3.7438283194283226,0.26738058643623425,1.091435413182601,2.7640398270421316,0.762219517925531,-1.02574796632791,-1.6052571736435999,2012-04-02
1124,3.2116779735433205,2.2877376343093676,-2.244610908738906,1.1647738042568239,3.611681051538885,-2.1405770119131677,-0.03234538627858295,0.37287287737807534,2012-04-03
1125,2.253659602894678,0.43904552324366913,-5.861440944925188,1.0012395733645931,3.0130393999033527,-2.3123263323863137,-0.14652881665990047,-0.8395800861828973,2012-04-04
1126,2.27055919447062,1.1992228675255658,-2.16619675397737,1.12080752735782,3.4395367580533414,-0.6531915812455035,-0.7092139295301574,-1.7637797148430352,2012-04-05
1127,0.49250033862012377,-0.9465852469803959,-4.033824485255668,0.9243745579742051,3.309650227512339,1.382587126962871,-1.3854365651269207,-2.910573194554402,2012-04-09
1128,-1.0064266760459122,-1.9571567798780318,-3.104433927469163,0.8441702679486549,3.806588143647578,2.2104383579486253,-1.2846785173553885,-2.494143036780152,2012-04-10
1129,0.2710566691414701,0.3003080155842303,1.2612485981231452,0.9810731823489692,4.015308544473408,1.423732341931132,-0.914192604024722,-1.6035050259657162,2012-04-11
1130,1.387769473760357,2.3083452130836495,3.1982289769040717,1.126050296159461,3.5318537945866457,2.4790458657610044,-1.0496600153526532,-1.7591614163399412,2012-04-12
1131,-0.7497970662947427,-1.2074659860842238,-3.274002329190815,0.7101056948509714,3.513351948785437,1.7795084072671656,-0.391838909615294,-1.495902886407146,2012-04-13
1132,-0.34071576036767853,0.18601297935981412,-0.46612968061598364,0.7949166836728043,3.6165586707410777,2.5091683025011915,-0.5593246163222089,-1.5440057465848982,2012-04-16
1133,0.5820430230031457,1.520489490909101,0.4571545395535807,0.64144577688833,3.683320365074711,1.5537339904843774,-0.09857548166654811,-1.1495393552380158,2012-04-17
1134,-0.3455134976309546,0.7696054400663112,0.24795802997711788,0.36948624452452755,4.235577313544496,1.6222055150588979,0.0699380637966732,-1.4222597525480787,2012-04-18
1135,-0.6937346498214731,0.6756722213483622,-0.4162136507034124,0.2636073879606187,3.8351395725002613,1.7951740913872456,0.17141970297351655,-1.347033167184854,2012-04-19
1136,-0.5196477803206451,0.8092660563389598,-1.8254869836436611,0.2953434365003854,2.99253141280552,2.226708485526545,0.10784865129305009,-1.4516917267612675,2012-04-20
1137,-1.477477917541891,-0.4204898979086335,-3.819310614275036,0.03802616098289078,3.311106063297537,1.6995592705574425,0.3979053976027387,-1.1384567336057159,2012-04-23
1138,-0.5705824154118394,2.132966933794098,1.7994605892632856,0.06811252341322246,3.998515668481436,2.2328911629843904,0.23948251884602836,-1.253720640327537,2012-04-24
1139,-0.06680528302632215,2.7007887715544485,1.5299139024900879,-0.14543349430371164,3.8679007749908596,1.6370808327529787,0.47834765173712623,-0.9044060259928746,2012-04-25
1140,0.17891589166183244,2.783620282679956,-0.4207525360185438,-0.2359535199945643,3.1106686358700117,1.958331486327006,0.22634653431178764,-1.4631623967280956,2012-04-26
1141,0.24969922120852125,2.8374626361284236,-1.1320325614937188,-0.39935677201319797,2.795071574920676,1.6751216957128423,0.4060065551284563,-1.0283860269428573,2012-04-27
1142,0.002940815087462321,2.3289669696637367,-2.895369122925125,-0.42744022857467096,2.469066800040252,1.8808715763983437,0.4101309143852724,-0.6243427551841838,2012-04-30
1143,0.5791922446125147,3.4347068229692503,-0.8790469555077729,-0.5197462271101041,2.9327559024537524,1.261886319232858,0.8673284821984399,-0.12441963665780559,2012-05-01
1144,-0.3550759675268057,2.543126345252329,-1.843508106787923,-0.891154703005414,3.2360124193998177,1.0415447686489452,0.9924616787879653,-0.47951597817285874,2012-05-02
1145,-1.3771403969780296,1.2500675387650249,-3.616976052140352,-1.1780706876470253,3.40322731028401,0.8409256859713655,1.1120441548981417,-0.48261521950146286,2012-05-03
1146,-3.1899942520996287,-0.5714478662893003,-6.295524793561976,-1.5824784845845496,2.8202071618352025,1.265491680859756,0.7148567630367529,-1.146743500170838,2012-05-04
1147,-2.578496779693694,1.538001512262242,-0.993317073768655,-1.6912112784559337,3.6831802189476486,1.2399129385236158,0.8132695846816712,-1.2359754476356517,2012-05-07
1148,-2.6586340141795173,1.3908206109099026,-1.3034463185461638,-1.9710274912342267,4.095754038585122,-0.04391272941930229,1.4388248166445763,-1.313503219173358,2012-05-08
1149,-2.859204937316659,1.257658276921903,-1.0606893644348132,-1.93620010693375,4.5241947504945825,-0.4814458872545721,1.5454600420555018,-1.472835513181866,2012-05-09
1150,-2.6899586320644615,1.7192485867564338,-0.7459193100299448,-1.9218440777205237,4.25888580672321,-0.06977066332833487,1.5172545258271486,-1.850404790821727,2012-05-10
1151,-3.2787563477639132,0.5839213131094074,-1.7030702777618953,-2.1099067046718845,5.013659664165399,0.16745505294481366,1.744897257067401,-1.970988404351294,2012-05-11
1152,-4.540143898159276,-0.9464981817768034,-3.11551987098074,-2.2405718607553977,5.331375425241287,-0.2551002977814058,1.9117663474574467,-2.140200055064631,2012-05-14
1153,-4.81825172484957,-0.6828070989072654,-1.0492146176272705,-2.2096635229564816,6.280631453921474,-1.0523312894675905,2.274748130021654,-1.9040524628073745,2012-05-15
1154,-5.650197445833394,-1.8478015655395934,-1.7108512564783784,-2.000022435428975,6.572899586910765,0.06368816939781674,1.9873831057097862,-2.478850336500589,2012-05-16
1155,-7.3312227006340365,-3.0873888501171227,-2.380636719302899,-1.9175225562903242,5.537409571856099,2.620042566291863,1.0375343106541817,-3.9135284122617113,2012-05-17
1156,-7.443632321425662,-2.422277419798509,-0.09741648517223638,-1.867273702967484,5.464090582067911,2.865426858204866,1.0761429982052504,-3.402695686345343,2012-05-18
1157,-5.39131892612632,0.9322528480522034,4.514013581396238,-1.9249078484848285,5.334775691281961,1.8406286756926342,1.6088140429079418,-3.0602375589355124,2012-05-21
1158,-5.582571702649888,-0.5285811915750744,1.0821735299773811,-1.7547077391964503,5.804930884370639,-1.169593739403192,2.325151761275956,-1.1496221141013154,2012-05-22
1159,-5.811205817094608,-0.5681327467246042,1.6370863884904954,-2.0658566068087185,5.519228096698484,-0.5044937964763219,1.8762527275201175,-2.3503011762102304,2012-05-23
1160,-5.979479199396147,-1.4282606453463467,-0.26623262862918456,-2.073845888070339,5.151272783164653,-0.7665718153354472,1.966389077029091,-1.760216527925539,2012-05-24
1161,-6.266351703904425,-1.6951293278707056,0.5691765709729445,-2.0931340000944068,5.201982479039609,0.34891528618769485,1.534883631391176,-2.4357959021209092,2012-05-25
1162,-4.887074631247261,0.5078736841006217,4.188276914781108,-2.1708009157072,5.545951273752836,-1.142788430077072,2.2084003993905648,-1.3607516006256113,2012-05-29
1163,-7.480125268733888,-3.724571513347505,-4.07987705018431,-2.6402627508843057,4.597206992845563,-0.84536608038894,1.6235250653198432,-2.2491846211561612,2012-05-30
1164,-7.78133194301661,-3.374346577619809,-1.6582551305282156,-2.888937347740914,5.026452174863218,-0.6157537584489507,1.5697817105168177,-2.5171368216442094,2012-05-31
1165,-10.051656892069287,-5.504422424281891,-5.139665804299803,-2.7147749703891706,3.07186836776685,2.738734850826222,-0.1294145035413503,-4.3500767857165386,2012-06-01
1166,-8.679271630369866,-2.04449534113854,3.1892902769403615,-2.592207392554996,4.2930425455435985,2.1961180651452286,0.5431018490176621,-2.7480054514465326,2012-06-04
1167,-7.091486791031321,-0.5369813918930508,3.2864947879549025,-2.554604155057679,3.861388276660662,0.434203672889434,0.8206850259147355,-1.854888419055537,2012-06-05
1168,-5.106085107823781,2.955186438749285,7.632183389239033,-2.146012921401495,3.3218022250425587,0.3592180829399834,0.5330789082157628,-1.5115067465116097,2012-06-06
1169,-6.127422660589744,-0.0329843907780791,-1.0249886881331793,-2.5172107656765683,2.0608537639260507,-1.351896107401302,0.9570205858577031,-1.0062097423427554,2012-06-07
1170,-5.446374759578575,1.7209363931752197,2.3045611695943795,-2.729236703855707,2.036900091453542,-1.1224616265348568,0.6789310974685688,-1.4730149147422003,2012-06-08
1171,-7.455947691768143,-1.7461076818178896,-4.562555001381843,-2.962425066913866,1.257429232160978,-1.0283122104042763,0.3820952247650227,-1.2399031403649192,2012-06-11
1172,-5.820174792956685,2.8329614992832797,5.169837263403516,-2.882569286720307,1.7952894593819446,-0.11360543704123746,0.29398352036264613,-1.3094982265681896,2012-06-12
1173,-6.9988152454085455,-0.10092796726024075,-2.564925937794265,-3.2907670900674586,0.2549146940714308,0.1586310417024352,-0.04374483565431975,-1.6576068373613113,2012-06-13
1174,-5.491476805372598,3.1837240153233783,3.243043037370309,-3.309434898903291,0.2777470747101235,0.6343534248650106,0.00808475526875858,-1.875551647244032,2012-06-14
1175,-5.245480967349108,2.5560224074138307,-1.0507070791070021,-3.5551006839917743,-0.9605293876698111,-0.36857135253357104,0.16332349663848267,-1.4308150370575892,2012-06-15
1176,-4.979487265082859,3.291853748556252,0.5948066655126567,-3.8356194343467043,-0.5383370237337548,-1.3144357853405075,0.4316541728187838,-1.7905906437598493,2012-06-18
1177,-3.6227826892352466,4.7141362123648305,1.063626463294336,-3.5477037770078885,-1.1764017863411185,-1.3954517618536075,0.08188017837100577,-1.267019017307648,2012-06-19
1178,-4.26276228597119,3.7316922143257,-0.317736131667161,-3.800447029563842,-0.6101612742300414,-2.35793058329007,0.4494601469656478,-1.1423400140962159,2012-06-20
1179,-6.69116465116605,-0.3814834343332815,-6.879697682601757,-3.8232808487298398,0.03829049445156282,-3.5199865710653926,0.7367025866719142,-0.4122311539902228,2012-06-21
1180,-4.950716342605468,4.01061421706698,2.273057536919241,-3.4998726768873896,0.46986903938342434,-1.9659635716509,0.11247279827657519,-1.207327510615145,2012-06-22
1181,-7.180020675847844,0.47338366834815077,-4.564424084386969,-3.753341029341844,-0.15772201762316834,-1.350898664102061,-0.18499872413398752,-1.8295506127627117,2012-06-25
1182,-6.102374939825584,3.1831429233327984,1.9229880141544369,-3.5796906329068943,1.074281861249716,-1.2376121173959564,-0.016626653404456352,-1.874884257388389,2012-06-26
1183,-5.574608086444533,3.597026139155497,0.675083848625645,-3.6240680525884614,0.47576345717398116,-1.6229746421220024,0.24596037388259734,-1.403294873890297,2012-06-27
1184,-5.490459060060196,2.971149040698796,-1.0023962406051943,-3.6591864969564556,0.7124584916079896,-2.532795602220553,0.6428117700032595,-1.2486501996928951,2012-06-28
1185,-2.9102952659353143,7.883709970744674,5.445934727669682,-2.755219298707886,-1.1024577644126041,0.5305191621992883,-0.6754308291193342,-2.437615371558378,2012-06-29
1186,-2.9410092267220413,6.277273854915875,-0.1004711743297733,-3.1065536910160305,-1.0751446959433602,-2.115421211545115,0.40489275685834647,-1.68398958962955,2012-07-02
1187,-2.0224681402307585,7.5299071511464835,0.5361938302888684,-2.60958446697564,-1.629565962357935,-0.9631871482190014,0.15842606086952543,-1.7475482789116712,2012-07-03
1188,-3.2085280333573105,5.0494205905659095,-4.4118017436685895,-2.7191548927661353,-0.6455199229401835,-3.609506677664384,1.6302702862577698,0.18846704578708418,2012-07-05
1189,-4.207223311775269,4.123770921257051,-4.018885554031675,-2.7539990108105985,0.48405379970111784,-2.8240274341900236,1.4839562365369752,-1.2588671538782905,2012-07-06
1190,-4.008943286869937,4.454655202665168,-3.544286760503922,-2.5468779833667825,0.3185961505805155,-1.2245299462764263,0.9884157450392802,-1.9924055903816904,2012-07-09
1191,-4.608383807784188,3.784579827070748,-2.884609520565917,-2.3529401290800886,1.8028586322121227,-1.59542736248354,1.2678891821615816,-1.748032965932139,2012-07-10
1192,-3.877074486313331,5.3266015624625505,-1.993700557103962,-2.709173362042882,1.423316210309077,-1.7658386628161593,1.935004451464848,-2.631790089619648,2012-07-11
1193,-4.737050072226235,3.959069829124531,-2.6435678014953248,-2.2572108996650453,1.9101865895874008,-1.2366734228219605,1.6380952103546709,-2.1301396877476915,2012-07-12
1194,-2.855432682652774,6.708711691380917,1.1208260646871944,-1.838407607058435,1.7911915950446375,-0.5943118412554953,1.255361926086861,-2.8715583944560867,2012-07-13
1195,-3.420114271547628,5.273630027561361,-1.8968009378705133,-1.6921199729097611,1.5750836666090544,-0.19470008187642102,1.331948070067043,-2.6001757941513244,2012-07-16
1196,-2.9051393914389,6.488824977717,0.9739294073479051,-1.4426178011029043,2.3175992143100075,-0.49263755428861616,1.6636032790787356,-2.071694052490572,2012-07-17
1197,-2.7034096517782578,6.013167126545431,-1.6255804487116237,-1.3242904547312546,1.8890883678263228,-0.8888176439380119,2.0072170095097763,-1.6167088765771926,2012-07-18
1198,-2.4951013668535955,6.481019838020295,-0.15580028391731077,-1.2210031986313947,2.219091825828691,0.057918464487493444,1.9635301776762615,-2.017011104745099,2012-07-19
1199,-3.927361247744909,3.982681874979271,-5.16126437847161,-1.3140529027005174,2.0952360903874188,-0.5264916370224803,2.3089379788767066,-1.7932145182336006,2012-07-20
1200,-4.130427756195365,3.665883803898998,-4.9489673179828895,-1.4407987957628727,2.421618251116618,-0.1391850102054864,2.1401941620583878,-2.1233602308860924,2012-07-23
1201,-5.2869848470080285,2.4053604895892553,-5.374113091464423,-1.6298114116748137,2.8345571224345094,0.43048643197518893,2.0465155620827464,-2.368410216387038,2012-07-24
1202,-4.514396606527713,4.608031481033212,-0.43075593180968436,-1.4194805869740477,2.7110011822261275,1.591071943997083,1.5815780209406796,-3.5089966152075265,2012-07-25
1203,-3.2038472386354773,6.783774755610262,2.2032896916237212,-1.0060411153954356,2.2641127636891953,1.9595650218851721,1.4434766843209368,-3.399500853081185,2012-07-26
1204,-2.21339211928728,7.539212092175802,1.9821707883897686,-0.6052239705952814,2.3515744739147912,0.6851842963461633,1.737614599640874,-2.170481365144719,2012-07-27
1205,-2.9843863446164702,5.330301593831188,-3.4885404970099936,-0.7077807575378059,1.7562489418948999,0.336780008553521,1.8109517176130736,-2.237435296198319,2012-07-30
1206,-3.758435504623274,3.950073925847383,-3.6850352319460487,-1.1477336477313214,2.5717079174905217,0.787129299167134,1.9424517959289367,-2.0375442181194936,2012-07-31
1207,-3.4951386447066275,4.212327112844896,-2.179932042210763,-0.9651220385499719,3.0599391815190056,0.37752625993272815,2.2932840947502533,-1.5851151517392608,2012-08-01
1208,-3.885950693163851,3.4585175418851914,-1.726677063734197,-1.0546319259968648,3.7897342565642136,0.41102228551502734,2.3433367311592312,-2.324736635462781,2012-08-02
1209,-1.1845546901455133,7.350881590470059,3.4521994001836567,-0.2708340994896204,2.783783852299577,1.8763294251229856,1.5146934710008813,-2.682358248744399,2012-08-03
1210,-1.342852016925579,5.423224906563951,-2.5573605784209494,-0.35396497358777035,1.6828896311596047,1.1704529934708106,1.6664486401072587,-2.2707281989706165,2012-08-06
1211,-0.6266508465865893,6.103121966120458,-1.4519168712867125,-0.051379116761426875,1.7952713182368483,0.7941469010354328,1.6502918482253075,-1.7520708436302002,2012-08-07
1212,-0.3123857649809151,5.799504089506989,-3.2990017110191103,-0.03968864364360337,1.1958797773983403,0.050713122887043945,1.8966596030615293,-1.2388338200269013,2012-08-08
1213,-0.25808567474311894,6.077199468071997,-1.7159122436078702,-0.0432133589962881,1.5922400598030992,0.3329754464343509,1.7233059175715295,-1.7703609463349346,2012-08-09
1214,-0.17029107799567375,5.789499613406388,-2.8431906850843176,-0.035707761338879894,1.0145504171206803,0.6135739407268943,1.4794405383319302,-2.353950205761484,2012-08-10
1215,0.06317172261856453,5.9143881913645355,-1.6839854579974396,0.004255348309675143,1.7098326713478502,0.2901523740996129,1.8140405884883584,-1.9625404006093,2012-08-13
1216,0.10976424931558472,4.933531244420237,-3.9839298995631074,0.1778848423924666,1.6704615491372994,-0.22961352085516967,1.7206882571625177,-1.1699131680830477,2012-08-14
1217,0.5104631861056738,5.5269139627726265,-1.702320320318342,0.4426279220688322,2.1906623016249562,-0.041505250803465614,1.4709924456476184,-1.1376280750211727,2012-08-15
1218,1.4384928831598998,6.2860400255296405,-1.0583548931409525,0.6609079141963128,1.909786108293323,0.6297468148122926,0.9587545723443053,-1.6559647678719824,2012-08-16
1219,1.5559725865329512,6.010492993434147,-1.9162902598120657,0.5709765357713967,1.9641643148183288,0.13215461028765974,1.2064571318666073,-1.7607886187664024,2012-08-17
1220,1.4146054730542839,5.441209982299,-3.18959243753576,0.5177530504618564,1.4871114271780594,0.2289071999188515,0.8433871857769805,-1.9855094465494036,2012-08-20
1221,1.77138084755996,5.620053984970291,-3.5463130304499133,0.5799407539405499,0.6023235542440125,1.2480395902556962,0.3755294072452745,-2.379942933877814,2012-08-21
1222,1.9444091161028554,5.781885621396377,-3.4862584536363714,0.6198083386945102,-0.09372677995082404,2.0001603073695917,0.06757928088173082,-3.275151740901058,2012-08-22
1223,1.2223776731973388,4.730794340632061,-4.102092403029027,0.6297566656683453,0.19947686922998828,2.1293465915475274,-0.001981179365720068,-2.8819911554628734,2012-08-23
1224,1.7618966566760388,5.38443314204857,-1.6814899492708157,0.571216890883579,1.007049113777674,1.3825051128041919,0.4080379324549232,-2.4326538647574854,2012-08-24
1225,1.0548387629328817,3.7452124093049655,-3.3675715018034795,0.534176554988574,1.1477244203749757,1.6173222095768263,0.2764604266856999,-2.4245113686780315,2012-08-27
1226,1.8764977583005529,4.314729393313977,-1.8171218790428565,0.8858465420598419,1.0851472041714458,2.4196884515642076,-0.17620815736454526,-2.9160590724852935,2012-08-28
1227,2.2488950478913425,3.825405716512334,-2.7928420800993368,1.0574875210499959,1.1870659034791153,1.2139130034125833,-0.009696609969742327,-2.3237588663662514,2012-08-29
1228,2.2557365249501617,2.9217004225699927,-3.7191937067442176,1.0007463490704824,1.6532727880809732,1.5413334813748807,-0.20269689949582734,-2.597504531100508,2012-08-30
1229,2.9846195467994288,4.59515472437453,-1.4482503091075707,1.2142884609953246,0.4222864819976714,3.5333258388586315,-1.0521783355472178,-4.003407956600137,2012-08-31
1230,2.7778316943923005,3.139356407112894,-1.758087098590055,1.067426376454408,1.3551048536088768,2.759719560002214,-0.621539947516906,-3.0557640893566966,2012-09-04
1231,2.7240926164558603,2.478459243214436,-1.477322618773558,1.2287036350100575,1.3243584743207126,2.826146391593042,-0.7526582186550456,-3.0633742913837567,2012-09-05
1232,4.2711076442920755,4.590100124379946,1.752745098595995,1.4165574556367428,1.2022892856464704,1.993534080728885,-0.520612171282613,-2.23140963334421,2012-09-06
1233,4.700248839047377,4.798401256642716,0.2804824979290308,1.851690188190191,-0.6412350828614969,3.8925607598248786,-1.293511542285543,-3.1489148659447985,2012-09-07
1234,3.8171627740037253,2.3707192580320426,-3.7540304962866236,1.7259391584457937,-0.02801552379592223,2.718431708571193,-0.4816957735444686,-1.5984098957569586,2012-09-10
1235,4.407223092695279,3.6932886153060416,-1.1881090558109624,1.8976746671366316,-0.4407370081143579,3.5384146374799617,-0.7300231501589393,-1.6849587791019387,2012-09-11
1236,4.953289243586217,3.7706817161446193,-1.7631682413764918,2.0682009109664223,-0.14575510945489092,2.219641560664184,0.046134832080894084,-0.19448506817065409,2012-09-12
1237,5.968640658390667,6.107776695121341,1.8134675845711374,2.1469647514099877,-0.9288561325088586,3.928637689257701,-0.7700108052944818,-1.9527613561482597,2012-09-13
1238,6.154598427303771,5.68454973209433,-0.6844230301658701,2.4329154904576864,-1.2197335275510892,2.8702791487878847,-0.40836332126813557,0.006749179732377486,2012-09-14
1239,4.454247353598318,3.1113397383601784,-5.411227109847349,2.0573615972215618,-1.099909512741261,2.1834497625027174,-0.012395437704887827,-0.3240155403041071,2012-09-17
1240,3.883691762208057,3.2150375453094897,-4.368436980128205,1.864123498099592,-0.8368743340211738,2.2664114947971434,0.21462127587094593,-0.17802329780639276,2012-09-18
1241,3.366962472316331,3.270559830017956,-3.0557603117256407,1.7599451889118216,-0.5167718401993925,2.6768501006961594,-0.1303599805819815,-1.0300433833638702,2012-09-19
1242,3.53979223856817,3.491734112430489,-2.4915346268956613,1.9333346411878753,-0.0929916746940335,3.006911609532791,0.07128153757421218,-0.909013573428034,2012-09-20
1243,3.510700840751131,3.459398587530857,-2.173562276154809,1.6547957530416946,0.08297147811280556,2.8488993725017595,0.14968166748439438,-1.02478939388062,2012-09-21
1244,3.5479016186667973,2.880491335374689,-3.9592377038347024,1.5537311625417176,0.3878372934993647,1.7618626442297374,0.6035283683714182,-0.7905287389650624,2012-09-24
1245,1.7093688184225344,1.0674055348624925,-5.3300642108329015,1.40660211449268,0.7455428056503138,2.8120310346027964,0.4274954125360142,-1.0836777015237875,2012-09-25
1246,0.7771394148774654,1.0800217764349855,-3.3228211634950036,1.1680085218066758,1.5299859223947974,2.9429008531284255,0.5890859847787523,-1.0463614396685577,2012-09-26
1247,2.3212678426227114,4.534358447188094,2.001871653257961,1.3390240256557542,1.33774088114967,3.909683220172674,0.2742324644373677,-1.5512615074999905,2012-09-27
1248,0.8746898530532093,2.347786751105774,-1.8344314877099457,0.9258737353906473,1.6348780912363508,2.8697368253299174,0.8759018028758002,-0.7690578807344387,2012-09-28
1249,1.085940835550058,3.119060202569139,-0.8078973653528263,0.8506383334339683,1.4000999360381379,3.4842430080807127,0.5765380973741477,-1.3147857735234452,2012-10-01
1250,0.9031688346501794,2.838009648023311,-2.2015618034708386,0.5648935602693754,1.4499930533048107,2.449432677127132,1.124286413670501,-0.5965805001877375,2012-10-02
1251,0.6743884630001572,2.963506637319965,-1.5438960214919013,0.41420208044881984,1.9106172435555155,2.280667136736783,0.9769218363529428,-1.0708585171474776,2012-10-03
1252,2.1521973177854896,5.473401228023738,1.7560981468884094,0.7939886376001936,1.38801606324549,3.552664719154045,0.6198771127383423,-0.9992131200077301,2012-10-04
1253,1.48121552563789,3.8412841545532665,-1.4517165919602382,0.8202456576862133,1.9360659501742739,2.4142339964598607,1.1182388329019677,0.07005314703403315,2012-10-05
1254,0.8353767490800851,2.496086408295883,-4.021556061803759,0.4658104107018003,2.1764820590394,2.688595004453724,1.1677628313577368,-0.3670332567028555,2012-10-08
1255,0.48609202305575,2.35695879300573,-3.4057743111654593,0.4707711848421011,2.5057506158263965,2.277569394946541,1.4995196689083374,0.3005141076879572,2012-10-09
1256,-0.011086195722917032,2.009154340737691,-2.7984930211287598,0.24497648989532958,2.9138206184865694,2.909316186085622,1.2135401105876404,-0.5751543690616288,2012-10-10
1257,0.21400109054393776,3.1036454097890416,-0.39140475775268274,0.08909952279511893,2.8551642589561603,3.5054175187634167,1.275942507747328,-0.9750514578828827,2012-10-11
1258,-0.6362110049135857,1.4513938802439224,-1.8238701041656875,-0.07756569614293837,3.5625274720758733,3.5623060951812917,1.5648982793827455,-0.5133134954991978,2012-10-12
1259,-0.08684482322871319,2.07057775159741,-0.29694471515094517,-0.5027890510289842,3.9154707759431266,2.4739397347173075,2.2114498454039615,-0.23531008054674668,2012-10-15
1260,0.8544757202912538,3.1337425304576434,0.43656628800952185,-0.17066369852597044,2.992617828723536,3.0797334632920563,1.4973764443909325,-0.42607600402136686,2012-10-16
1261,1.4640800834241157,3.725740175846142,0.8033380194586784,-0.04919983598850893,2.773938544470745,2.7935472652514406,1.440498243020123,-0.24580306914899858,2012-10-17
1262,1.4302311802012257,2.6389421929066366,-1.9991129106008836,-0.04812242516581552,2.815288809208635,1.7695843286205544,1.8440651778371129,0.4869624694084635,2012-10-18
1263,-0.3177488903538126,0.1769666271603019,-5.744854507559287,-0.272476013329427,3.078792534257504,1.6700459375239234,2.019846138723278,0.49560548591294545,2012-10-19
1264,0.27149432347508023,1.7426852514067115,-2.0421952603560167,-0.13349682119956732,3.6722122980287994,2.0551428836366292,1.8219451188541829,0.24362760311625226,2012-10-22
1265,-1.4768343751912656,-0.2474939737639756,-4.2488494857109895,-0.42210816372356663,4.266095504464566,1.6187628907194944,1.9366369810609392,-0.025286245069364777,2012-10-23
1266,-1.0681426077908762,1.2334542169304876,-0.4034381578652768,-0.3307740871489252,4.74090114382355,1.6722478669991157,1.7368614138056393,-0.40479099982908845,2012-10-24
1267,-0.8157558040886461,1.6430978633248015,-1.077429522150019,-0.327087135878339,3.850736263441383,1.5809954222392846,1.7298421744982004,-0.4329324392314163,2012-10-25
1268,-1.3655308435487696,0.9251064437105823,-1.1915479453781372,-0.5179984651059504,4.310759762428218,2.200109480496106,1.8740798381105988,-1.0814161224379142,2012-10-26
1269,-0.8957096186077095,1.380993548981246,-1.079634344543734,-0.5095859720651994,3.806843107923028,2.5928708184577234,1.5919751180728252,-1.3170694368634153,2012-10-31
1270,0.26214280651105293,2.994958250356077,1.782244842987088,-0.40565444798785527,4.35943545765589,1.3438634967931526,2.0180458892969546,-0.38855645946282963,2012-11-01
1271,-1.0652456477142218,0.13562381602299348,-3.336975672402316,-0.37176998930443367,4.703661952408583,-0.19412746977405765,2.5379809598377863,0.2507164479959951,2012-11-02
1272,-1.0739955903929455,1.222761848651154,0.2530816022651054,-0.48991207560631395,4.7781570481188105,1.3395221120019278,1.973688729590034,-1.0341143242889392,2012-11-05
1273,-0.39998038875953934,2.0268919437731503,0.6237644017813833,-0.2500107039063659,4.088180376996653,2.1727741395433657,1.5922848692407583,-1.1800472807767775,2012-11-06
1274,-3.3787447950247707,-1.7433908133393234,-5.260017189503202,-0.6115591479592635,3.8894025038617333,2.135442155074999,1.6735060533818098,-1.5087060509838293,2012-11-07
1275,-3.734082533854327,-0.8254684447639504,-2.4320418269847854,-0.7336974583148188,3.8326340419965215,2.92819441039283,1.5575974812543532,-1.8384037871124708,2012-11-08
1276,-3.308159120640023,0.04537733591851459,-1.0622652202762832,-0.837584691855753,4.076535521139284,2.1919900494324454,1.8070019031427367,-1.3360325948586314,2012-11-09
1277,-2.91919025332046,1.0346339405625904,0.7036442268253214,-0.8373272736888859,4.327163087468418,2.2106747877649546,1.6518150424893934,-2.126561515472337,2012-11-12
1278,-3.4762600832299624,0.41042076190310445,-0.1781657081089168,-0.9212542013850186,4.399150420904429,2.2794065002600536,1.5383962275240226,-2.122297656696945,2012-11-13
1279,-4.4001818101185295,-0.9878289878908117,-2.8891984615318385,-0.9450841212373495,3.9599619878364614,2.695393016548978,1.4111924697218081,-1.8510008307627908,2012-11-14
1280,-4.50060725792399,-0.623739335097043,-1.5106000446022245,-1.0531924925570995,4.55753436885796,2.3705142064108498,1.676177621327012,-1.4500285923146654,2012-11-15
1281,-3.9280625508454046,1.2334901597175871,3.0655616586673227,-1.2659050209630685,5.206993544136267,2.497736077731877,1.812503621702918,-1.806862403584365,2012-11-16
1282,-2.3249654110648597,3.6194623291824084,4.851572044481991,-1.1104029028294888,4.386503900192604,2.959879619236972,1.3329534859413998,-2.2982482776295794,2012-11-19
1283,-2.7447463613652783,1.788176344309283,-0.6967645915075283,-1.0533786684590656,3.897615763364443,1.5922817636621236,1.4748593610835268,-1.4414355715342104,2012-11-20
1284,-2.1900722573190765,2.16324995857603,-1.3014536087444915,-1.0080822027857814,3.333887107226433,1.5749638771492505,1.2714323193686314,-1.7285389445195025,2012-11-21
1285,-1.3539630731575447,3.504355857458804,-0.22912992143492522,-0.7291041199753703,2.5080056791405245,2.6523680488825683,0.604391220616398,-2.138378747693135,2012-11-23
1286,-1.1558506496649015,3.185135030720783,-1.337858271130206,-0.8275068951168335,2.682428946366733,2.0397496295448665,0.8132739690577023,-1.8769780794446902,2012-11-26
1287,-1.6734273260630257,2.369194201059054,-2.453746211602333,-0.9642522080204642,2.735477126678724,1.6481823396170157,0.9992789389252666,-1.8234942939519105,2012-11-27
1288,-1.1401750724841377,2.9691421403391027,-1.596703499193373,-0.9066532433543034,2.9662046832187112,0.9539498802568264,1.2501691833290018,-1.4571649518919023,2012-11-28
1289,-0.5930777889599869,3.534690210867306,-1.4656101816781986,-0.8870306675877316,2.5534459280295443,1.4067737407417282,0.8757032549726401,-2.0713305848759913,2012-11-29
1290,-0.6317321997865387,3.382552526213019,-1.4272836481680928,-0.8493923928104892,2.744085235797415,1.4264309827218438,0.8837675114484942,-1.7684071323345352,2012-11-30
1291,-0.874999502781341,2.921429804792029,-2.309578347562483,-0.8881746853832104,2.6231284752521713,2.164374032233009,0.686746306395538,-1.8444965655395567,2012-12-03
1292,-0.904012572458959,2.547311987185232,-3.305721467075081,-1.1134342569535265,2.5205162953495273,1.5892408975175303,0.9815644735171588,-1.4656883750932324,2012-12-04
1293,-0.551533623206476,3.4636742960650153,-1.1736276314158678,-1.102537332663691,2.8201579750530934,1.4490631807801528,0.9765469966899816,-1.7556931243147589,2012-12-05
1294,-0.8237234723825918,3.003935240595614,-1.2747578620641227,-1.3885955754282249,3.2885260909887277,1.064973283889915,0.9963524771666942,-2.0286035738112234,2012-12-06
1295,0.11517059368018913,3.4086530093078986,-1.2355034610776972,-1.2710107404374877,2.6071761536515248,0.5995876627252303,0.8583311704844956,-2.1752394340416856,2012-12-07
1296,0.3883361056874036,2.924586414547356,-2.193644925616492,-1.3986907469424998,2.242580593854646,0.48375180393333056,0.694814055361362,-2.5501188596012088,2012-12-10
1297,1.5191342638544036,4.065259794868113,-0.18140662514852018,-1.001893357383117,2.3679067647380916,0.5518551013996854,0.5721733372723127,-2.265696369237622,2012-12-11
1298,1.6056701685883892,3.523948332496397,-1.2374620737782285,-0.717898379721046,2.198886923694867,0.5084630428838829,0.5252640564613595,-1.5562778011853449,2012-12-12
1299,0.9466815573945564,2.185614367864993,-2.8143999303382508,-0.7636526533226603,2.4493458668761976,0.0027838384429749773,0.7537068166662494,-1.2048255583765555,2012-12-13
1300,0.9777612861518442,2.249094343959272,-2.7486121885558408,-0.8366057452035944,1.7753901700279882,0.4914631645971938,0.4325767005204769,-2.1741857861279374,2012-12-14
1301,2.2589635031690163,4.177346320897175,0.7450367048574498,-0.6522190110604225,2.1450632781447676,-0.29384634093998546,0.5819074433607606,-1.7068411873792229,2012-12-17
1302,3.122813261509623,4.681549541968523,1.0145895583840188,-0.35331415116279,2.287838135377297,-0.9041542272786046,0.847652266728509,-1.225104227713485,2012-12-18
1303,2.2144670561700637,2.248165269986693,-2.225411535135539,-0.4491691297790367,2.2221897716223054,-0.18223781449425586,0.914788236756099,-1.065533796088535,2012-12-19
1304,2.8578691067125113,2.4057142180307354,-2.043613663370593,-0.42692019420811705,2.065310245725843,-0.8137844833649707,1.425490896753058,-0.8496031823392894,2012-12-20
1305,1.6174243607087206,0.6971787029677935,-4.165177545006007,-0.5098550936244209,1.9270168678974915,-0.4627767410352252,1.4034810344153903,-1.4951074085694462,2012-12-21
1306,1.3886319691577866,0.8564567134196903,-0.8953836014368595,-0.5621577406810325,2.845312911871453,0.07155394714839408,1.428826101827658,-1.537858954874015,2012-12-24
1307,1.2933970530716028,0.34846393388528774,-1.537849008116816,-0.5576066647669763,2.2586508063971844,0.7120522098645511,1.4452659793161868,-1.3765507312537684,2012-12-26
1308,1.7146998571174907,0.465678617031662,-1.3262425212129088,-0.5059113058672225,1.9965915407233097,0.8998915993052672,1.5348751013661872,-1.6700494702188375,2012-12-27
1309,0.4605852904289161,-1.6431668518745788,-3.8131021443329116,-0.7053938542609585,2.1838027812880956,1.3108663165821803,1.493177261300955,-1.2518634780404307,2012-12-28
1310,2.210324598864606,2.4819810573924994,4.143369611798315,-0.49189410565371583,2.604908616626133,0.5977183054299527,1.8789570444360293,-0.9266080588981622,2012-12-31
1311,3.8404842763900797,4.431255031141348,3.9953475310623596,-0.43893979178932413,1.6317619301016952,-0.16399334893912093,1.9087752980359314,-0.8703301741678495,2013-01-02
1312,3.077908499785132,2.645915556504859,0.07517369885120173,-0.41530373923537867,2.0058048432870628,-2.113289834029198,2.5455016985727217,0.3873555235301424,2013-01-03
1313,3.2624710655390112,2.805927215842418,-1.3582199117777258,-0.6732285874142148,1.1057889044789087,-2.052812744494983,2.443053283466654,-0.15041657947880688,2013-01-04
1314,2.8156968593024505,2.1390676733324714,-2.946050283678882,-0.7525751001110468,0.8698037124195924,-1.7945742798343267,2.55135466066906,0.20342928891396156,2013-01-07
1315,2.2963460841884253,2.3774634350819914,-1.454134159221233,-1.0472224766019353,1.019790159324719,-0.8470451468896362,2.3305937734086206,-0.6469569702430924,2013-01-08
1316,2.235531432098971,2.7069655665428396,-0.5575086911642949,-1.2946233651343222,1.434099363483317,-1.3391614487749175,2.6838611421243717,-0.054857912072383275,2013-01-09
1317,2.71125968716873,3.38657395572279,-1.0766106347223086,-1.017750484955006,0.36056739865530485,0.14305066131226601,1.9475495826689573,-0.6319994080617359,2013-01-10
1318,2.2523577929207317,2.6194047859409677,-3.138067884879632,-1.3199397091015712,0.43654462770618163,-0.3443440841491919,2.468458055936152,-0.1829126186580285,2013-01-11
1319,2.2653260041660728,3.1686277683504196,-1.4048817803075135,-1.3193834645034357,0.6535846426565504,0.3318960604375919,2.2803623041122503,-0.2673356399849353,2013-01-14
1320,2.0663862365387367,3.0452464256410936,-2.3261312735068627,-1.5406923902921341,0.4184638977939585,-0.3842173676686456,2.5292209416444043,0.0673236467668808,2013-01-15
1321,2.2181908034704367,3.4646230752318656,-1.2750262445123337,-1.6222192944682956,0.6168830217319783,-0.24224166135569475,2.5265338613155746,-0.09772398567377,2013-01-16
1322,2.3843032442351797,4.063131934619506,0.034804400472663706,-1.5565297660476587,0.6454941479020851,0.2669729580756895,2.4531422860696295,0.30875071991217756,2013-01-17
1323,1.9710120269792555,3.6533736099675247,-0.8790778069056954,-1.8998196913404377,0.683777849848418,-0.14670219479239238,2.914263058859257,0.06803087166612692,2013-01-18
1324,2.2434685772764227,3.9878599494264333,-1.1612795639844795,-1.9398133538320999,0.29193225433126835,-0.159879547637038,2.7593397217019096,-0.12009669852551241,2013-01-22
1325,1.834573043184618,3.3403726065354755,-2.1256420953180664,-1.976939283267085,0.5202221950812828,-0.270120027127989,2.7122780487242197,0.1665867882940903,2013-01-23
1326,2.7838990694011736,3.9434256916549986,-1.6112447295849095,-1.8257175359845041,0.773821442972975,-0.7166570910581429,2.8605666068406506,0.49609965798906985,2013-01-24
1327,3.3845474514060636,4.50791293090445,-0.7964027587423421,-1.526932087466778,0.8495971452527635,-0.8793113620601415,2.73110010407721,0.8320984976509633,2013-01-25
1328,3.5541238806799362,4.059568333847436,-2.179691724664261,-1.455100761601306,0.9454552376518709,-0.7664748438188785,2.5229455927624684,0.7674170128521391,2013-01-28
1329,4.000442830859436,4.733332217913729,-1.3880477862401857,-1.2550821880434397,0.7295636459281404,-0.31826209222844787,2.1981540209089316,0.5984862479443637,2013-01-29
1330,3.491010210998576,3.5731862784025554,-3.7826890132552076,-1.0754747082079035,-0.09001925741464914,0.3049420459225019,1.7668346249261542,0.6107528000495056,2013-01-30
1331,3.3403618569338773,3.3230190486744196,-2.3615200454375085,-1.1965754546381366,0.927847190754176,-0.15342528823672702,2.139518972245669,0.9618542119577024,2013-01-31
1332,4.669229368575772,4.2361553566022305,0.40138786580908964,-0.7535851838407179,1.3300429113765495,-0.21307710701422583,1.8930982865418442,0.9594701550712458,2013-02-01
1333,2.4053314503515,0.8881815247666123,-4.198821426481739,-1.1172451210048606,1.127577600955816,0.6290101516097435,1.5017804762665459,0.33310024980419806,2013-02-04
1334,3.854080030548448,3.1775801096007577,0.2890224048751454,-0.9057225682334875,1.4974159293231033,0.8051732756533927,1.3832780294132485,0.3869353976998312,2013-02-05
1335,3.547443754875539,2.2505121649971223,-2.4578456147348953,-1.0592052415722117,0.8597845361924948,0.4159042347373466,1.3937333937354215,-0.032143202271420424,2013-02-06
1336,3.2123542879716895,1.9770544572922628,-1.2930726684791929,-1.0918509478577436,1.8232321200320618,-0.4530396913642159,1.568752443828264,0.05618762600311239,2013-02-07
1337,4.285209664088291,2.72013084263041,-1.0479658324854761,-1.007519031445745,1.634737532596072,-0.3409817270277988,1.4907508789422517,-0.20638376017147048,2013-02-08
1338,4.461828680992715,2.2061510050188815,-1.240457027999667,-1.0890174034571016,2.3905099504547294,-0.9151261472794252,1.7417041638549922,0.10989767250406018,2013-02-11
1339,4.866099415372053,2.543229672001302,-1.3121387101499602,-1.016519561405887,1.89099527966791,-0.45879827812824286,1.3393622938458045,-0.43620349909540374,2013-02-12
1340,5.047263900775973,2.7092423502870893,-0.46950734730902927,-0.9676744181783143,2.3404562476059887,-1.2101500973635537,1.5370363297288496,0.2375842854063504,2013-02-13
1341,5.0816914117689205,2.2003448417612432,-2.255141466324523,-1.04519493846912,2.022812829466136,-1.4118058137191989,1.6162471885901173,-0.34101637778207267,2013-02-14
1342,5.075851187538131,1.7798978492587638,-2.399632133167593,-0.8943754636993273,2.8254719610573,-2.5209895406274967,1.8565714249272283,0.21989334312941095,2013-02-15
1343,5.753952343097144,2.8021737647974394,-0.2068318726073291,-0.8673764369604682,3.0371880383070007,-2.08144460077818,1.4947374883771434,-0.49351254332706,2013-02-19
1344,2.952363570842243,-1.018286182082194,-5.351964264163254,-0.8769577000740731,3.884522867583022,-3.1008842103864915,1.921479562290258,0.8555621577540703,2013-02-20
1345,1.768695917038107,-0.7711967328943377,-2.4630301450794017,-0.9483334045124638,4.199438170884715,-1.5067939085821587,1.29142719440678,-0.7348893763946429,2013-02-21
1346,2.737452578146403,1.1507430337701514,0.12035793279297476,-0.9152521900439149,4.130296817628567,-1.8094996641010617,1.6545729739895618,-0.56294402176546,2013-02-22
1347,-0.7277145111832027,-2.657629204010647,-5.080760175201259,-1.3108355679966066,3.9309396269039247,0.1916091689551983,0.7349852798363997,-1.3594692083854798,2013-02-25
1348,0.17783957578987195,0.7107957183481737,1.7487608891054767,-1.4087274271465082,4.574150145887149,-0.034237720663968955,1.3848310591256858,-1.0972772153720618,2013-02-26
1349,1.0248532744837868,1.699303766392072,1.2266250921008677,-1.283624436592728,3.9849162893414105,-0.9294437149275464,1.7312937877297063,-0.5172716283360588,2013-02-27
1350,0.3464890890469405,0.6939805921842646,-0.4301850971388637,-1.48128375906485,4.755676383572445,-1.7702143768355545,2.1285926178594194,-0.2410093225062298,2013-02-28
1351,0.3150976296884195,1.312363843111362,-0.21024292373340409,-1.8623075555206297,4.576094154950704,-2.042968379110444,2.0946769313472995,-0.9224670308002628,2013-03-01
1352,0.4239767831306319,1.8263797602800076,-0.3741031976285814,-1.8383472642352492,4.35839208172498,-2.4389611631530403,2.156477859888873,-0.6353054281674859,2013-03-04
1353,0.7957790293492729,2.5648714725276047,0.2444517502980516,-1.913053209623482,4.366400009567478,-1.9195821186195203,2.0205837711724826,-1.0283783340997985,2013-03-05
1354,1.1935331362116355,3.1147059603625715,0.5893715397831591,-2.306611873981672,5.105368342574135,-3.323167518116388,2.0019859541953298,-1.1064290065974758,2013-03-06
1355,1.5040754452979415,3.1442526189474904,-0.8275496583854911,-1.5762880897928657,3.9231740201588745,-2.305391931694671,2.0058860421541174,-0.2870421549689665,2013-03-07
1356,1.696502201009084,3.1072548392824397,-1.899056112944698,-1.435897633995429,4.01393494699547,-3.478917845249211,2.3143977783495377,0.46748948259805534,2013-03-08
1357,1.9824138838616914,3.849101979772682,-0.7551212612410217,-1.4211794458866212,3.6525543411224315,-2.523145116143592,1.9553028409895812,-0.37631722382020893,2013-03-11
1358,1.2426855360035245,2.8769921111222434,-2.816518077472156,-1.515032007103522,3.1651243257277257,-1.7045599280414447,1.8376030315395893,-0.36902884491657323,2013-03-12
1359,1.305493494562845,3.1965479122592257,-1.9870892976872871,-1.5953339811347143,3.6777724816315356,-2.5768503419388167,2.254403364314843,0.07750507543937407,2013-03-13
1360,1.837544482475666,4.18303202217856,-0.7603586586994306,-1.48253444059583,3.5200158763423586,-2.068536934620888,2.0749856783693406,-0.25353143616930873,2013-03-14
1361,1.4691429446138187,3.925025340128315,-1.4982814861080895,-1.625546343141309,3.0071916347129717,-1.4545735835132667,2.011056357389541,-0.3706262042947242,2013-03-15
1362,0.3580053438215871,2.2787218385751524,-4.287354145181441,-1.8223897541209015,2.9907427616109965,-1.0930183617238511,1.8198395958442768,-0.2075263434913303,2013-03-18
1363,-0.31235838399868543,1.892093620282691,-4.163285075256119,-2.0912611189536325,3.2055058977293793,-0.9820059440353831,1.704010595210271,-0.3548966704253092,2013-03-19
1364,0.5398063147162634,4.1776628971226595,0.5101298379324577,-2.021417303483495,3.658755520636645,-1.193099107076538,2.062688381868149,0.18633688025488077,2013-03-20
1365,-0.42801558264922723,2.6237974833349678,-2.7606838860050096,-3.0613854237938023,2.955418730573836,-0.11193865694691463,1.5647833988743467,-0.6443204575425994,2013-03-21
1366,0.4758848120014004,4.359216763985239,0.042143296796424486,-2.527485356036968,2.2722331737891484,-0.06201387066574592,1.542340957425243,-0.6793464306498002,2013-03-22
1367,-0.38328722669161175,2.72592399688906,-3.2664304155853894,-2.7252798979002897,2.143419374764144,-1.259051148248765,2.0997452494525786,0.3727342623821362,2013-03-25
1368,1.899042325203682,5.25298724285878,0.12361095778139607,-2.6538449800425767,1.7405274955329064,-1.8541445573422686,2.166385199785965,-0.4410673356275454,2013-03-26
1369,1.3077494501476334,3.8649877796864995,-2.2788216285460994,-2.878704625024717,1.4362601381688234,-1.7585664669685586,2.1244528195130665,-0.5484374809596951,2013-03-27
1370,1.7277467940339115,4.301677030660221,-0.39047920695447497,-2.8297370782294644,1.7964908514630935,-1.4264836444107378,1.9845243197018394,-0.4530843038126839,2013-03-28
1371,0.9965549016628971,2.5318978204868956,-4.11053004173969,-2.941785799623418,0.6978870404224083,-0.5383541912350531,1.575957473271298,-0.7977320326951494,2013-04-01
1372,1.7797325220890057,3.4997164084245527,-0.5213118602425162,-2.7804799469536667,1.9413024588425973,-1.8850046861183616,2.2397317917409403,0.14474752654399287,2013-04-02
1373,-0.4557176505962145,0.4178727744301039,-4.7672834777731135,-2.9650179385401194,1.6010296091364224,-1.163162746942129,1.85709186963505,-0.47694531396660517,2013-04-03
1374,-0.6351781285599948,1.5046515203437618,-0.22855629608552527,-3.1177246133988796,2.1705065429605264,-0.6355940386414577,1.774476429328463,-1.3499982132225696,2013-04-04
1375,-1.1758475374001773,0.8182865663532828,-2.304759967408625,-3.174173892508641,0.8664289373371806,1.1042619600432668,1.195779723972853,-2.581966093005322,2013-04-05
1376,-0.2815221921232175,2.287631393848244,1.765393369110813,-3.038335941690566,1.959668789096843,-0.20472035260724122,1.8074341578295703,-1.3429808001664838,2013-04-08
1377,-0.02740058442933766,1.9613926777856192,-0.08420444242342555,-2.8707561140609017,0.8767790515033365,0.901220492551765,1.262445079914949,-1.8536472047467116,2013-04-09
1378,1.2491335172483904,3.2712941534080517,2.1572384898918564,-2.6330266888069773,1.8637766148154666,-1.3888157182803984,2.0229155524313978,-0.2388526920678229,2013-04-10
1379,1.0182249642019765,2.119835504774571,-1.4939796973769757,-2.6026584934445913,0.6010091670536305,-0.6202858431867619,1.167715358329263,-1.6099708747004342,2013-04-11
1380,0.0607753713190067,1.1636376311639838,-1.8248715070947683,-2.639832474484334,1.7593186842235269,-3.1090384863169938,2.473003822184936,-0.6229308787007644,2013-04-12
1381,-4.0011328459349045,-4.154072102405981,-8.122605773002457,-2.3926624274965453,3.532813587940175,-4.911180848249677,2.8878596843574007,1.3031832359560658,2013-04-15
1382,-1.6496224550227363,1.9701843879269305,3.8088231525888903,-1.878456052190069,3.6862619915831165,-1.8888796051468437,1.48082414429553,-1.2494124011024565,2013-04-16
1383,-4.017346396795129,-1.9969665599901307,-4.353012141601326,-1.9546560041048162,3.54269019067444,-2.6246043657887075,1.4647228569597297,-0.9719421988610002,2013-04-17
1384,-3.709721759973445,0.07819992285098912,0.9728402725211225,-1.7081971983989976,3.8918754022884547,-0.4116656778230782,0.9504464292147022,-1.992780499038981,2013-04-18
1385,-3.44990833861866,0.29370187091076,-0.48022258840033355,-1.7933310417007633,3.5424330923262732,-1.9471590968729688,1.6602946622323458,-0.9004560567501394,2013-04-19
1386,-2.7603215448742815,1.8220277344835007,2.128863396313762,-1.563981025572397,3.4292130644041148,-0.6420854146786088,1.2115580863384783,-1.7242611952910545,2013-04-22
1387,-2.1015180699624767,2.5620309775948926,2.342702237638023,-1.6021626838941911,3.841380880838618,-2.3657794724806593,1.9376925106256673,-0.6646429256680848,2013-04-23
1388,-1.7444777118727184,3.077602041044898,2.038391973788298,-1.4410987965947004,2.8428351736957116,-0.6823129381024785,1.2596223632284866,-1.6940466548116804,2013-04-24
1389,-1.7484236561550033,2.4462802429068935,-1.227206211246236,-1.2593318399605808,2.1297584517697232,-0.6749719810197725,1.3319985052320118,-0.8421079919530647,2013-04-25
1390,-2.1413061281510903,2.3617230488920127,-0.9106536963231266,-1.3900052404233714,2.23892973469884,-0.44568592076724206,1.5276714725721376,-0.9905542742054917,2013-04-26
1391,-1.5625023175955943,3.3789287356064244,0.4059858408560662,-1.1492541161064163,2.1444219031507963,-0.02445288420337485,1.507972924522913,-0.6568154159843117,2013-04-29
1392,-1.4930192453278286,3.178995740265008,-1.289867686536145,-1.1922553465931178,1.8114466263676436,-0.3210330160636657,1.5076700760606518,-0.657936490350035,2013-04-30
1393,-2.8089703438556697,1.2821629347373138,-4.109229771257155,-1.375069986596599,2.2122535431902417,-0.5159843377839753,1.8040345658317047,-0.4548828035341394,2013-05-01
1394,-1.2154594486321213,4.028711954721976,0.12211247478424476,-1.2982555421209037,2.160443152617864,-0.743556328705367,1.8972911842130316,-0.5995628716957477,2013-05-02
1395,-0.3848704770465764,5.124117282239604,1.1000408308125535,-0.7776139513627149,2.239027777117947,-1.3608579231071594,1.8580796028466944,0.34732544705899837,2013-05-03
1396,0.10395735236466587,4.985712538701874,-0.2005003197165815,-0.8061832380434708,2.333070814853511,-1.7094246032353417,1.841113481883535,0.10455719245400408,2013-05-06
1397,-0.1094989625907775,4.479493380097442,-1.5954096472086334,-0.8612334910781686,2.245904926978444,-2.284918119225782,2.089801044591827,0.591648943317326,2013-05-07
1398,0.02602474174668514,4.7147561101059,-2.0981455432556495,-0.825000238770808,1.5028219866490127,-0.8833533889334027,1.4502499631407,-0.3591440655137868,2013-05-08
1399,-0.7714637419641494,3.522697157753812,-3.1673361214952735,-0.8610155334470178,2.663123704938208,-2.400709161588518,2.3823066170399745,0.9879667519612473,2013-05-09
1400,-0.5737823228140101,4.292004015216097,-0.2698267603467928,-0.5969853474910363,3.4607611126283397,-2.6176917585963313,2.2304886534455606,0.8585114053568543,2013-05-10
1401,-0.624798921636266,3.4223459738860202,-2.596378105861279,-0.5069331425074315,3.261873915668642,-3.0529146709094426,2.2173826868471904,1.1878073557364783,2013-05-13
1402,1.3797134678673018,5.001390641292021,-1.0487493431609192,-0.7026135128133367,2.763109567049831,-3.4635339926132667,1.8982357347014707,0.25394277183023856,2013-05-14
1403,1.0854962800587238,3.836925807328175,-2.2271863299918255,-0.8481766505968171,3.155984056188784,-4.21287090194701,2.4056225554560267,0.2962207171918972,2013-05-15
1404,1.778706714856604,3.8573671353533525,-2.5714738605480187,-0.7916170760070698,2.0840523444767243,-3.6192414411010763,2.0462870775452378,-1.0193022813288728,2013-05-16
1405,3.37236029557522,5.040070129317783,-0.6743155678817183,-0.5121413948126154,2.6228337358886855,-6.442126380126212,2.8262889853678788,0.27818863245063935,2013-05-17
1406,3.1241382290867477,4.796657931717357,-0.8309488498865565,-0.047389229947589255,0.9977367433307903,-2.521503115654035,0.9355247902538666,-2.095538422982581,2013-05-20
1407,3.113733024953267,3.8097159124295263,-2.2829858932331475,-0.2182034556404143,1.8002975091649813,-4.371377766765522,2.0283148895773304,-0.679726364170415,2013-05-21
1408,1.9831385963864256,1.821736949799833,-3.8334027532829666,0.21290187511756312,2.442715557206741,-4.150538018108073,1.7141865992295955,0.19345426422827444,2013-05-22
1409,1.6601313825233104,2.1502523479090865,-2.1449954720011304,0.3526605210339077,1.8211437158397175,-1.8976664282819455,0.7928632341726765,-0.8978923042342735,2013-05-23
1410,2.1325172702601347,2.0984814062718575,-1.4776899133250854,0.4062060553397377,2.64686792258186,-2.5037141709952286,1.0518160280196511,-0.36817407841948724,2013-05-24
1411,2.9690995034330734,3.0363358685568853,1.067634628143954,0.8549794453292686,3.3687393469013713,-3.7604021273365515,0.9877243504900509,0.793033560593501,2013-05-28
1412,1.522417475921707,0.930551227763643,-2.8115364369081215,0.6903251450638621,2.1131330926573204,-2.0764898377210916,0.032275266119840496,-0.6430835386211312,2013-05-29
1413,2.2622910155833322,2.3055052600354955,0.06826007488355111,0.8377212905377627,2.0476080705443596,-1.6253061450813813,-0.12930254720565632,-0.15262737243646268,2013-05-30
1414,0.7106748917609148,-0.6483278097324228,-4.435873966719532,0.8120931601937655,2.403664627078305,-3.1229143270201893,0.14979154574711834,1.163376706786809,2013-05-31
1415,1.275463608944784,1.6047519872729368,1.3047786301018978,1.0898419339298178,2.3504573558559736,-0.023734571393386913,-0.9823748785123515,-0.6062975495129447,2013-06-03
1416,0.47282716125153634,-0.2764895118532548,-1.4005252952468397,0.9692456856590219,2.7731759413917016,-1.5267663390835435,-0.013777146758374107,1.8008228738342957,2013-06-04
1417,-0.9610420124419522,-1.733776531690712,-1.7574852725764951,0.8845981091394723,2.800308618445407,0.6773823128524078,-0.7270002031096544,0.3203021748681098,2013-06-05
1418,0.22431310147446196,0.6095099029380174,1.3624164596217525,1.060442930805698,2.049438820830478,1.376855379397452,-0.990831017368556,0.3922240783784195,2013-06-06
1419,1.2150906621713886,1.6478720907165925,2.936321614959683,1.1661323389642828,2.9983591606844557,-1.346704448109215,0.17412376116063494,2.5029027488825295,2013-06-07
1420,0.9097196413673155,0.6003866851417079,0.1335075346465559,1.1146377152173794,2.2417962271688054,-0.7495924037960798,-0.4613396891661099,1.7762832773604091,2013-06-10
1421,-0.4921979361920923,-1.151781141606925,-2.483435713122371,0.9232256472317395,1.6569472434146582,0.6635701117682592,-0.8907522830063351,1.4239039207218744,2013-06-11
1422,-0.8029642046960642,-1.292335938214593,-2.0924999005479847,1.0576857802627437,1.7586270187085296,0.970608852465193,-0.94836716009892,2.400966246721761,2013-06-12
1423,0.304308944949219,1.5702819904482963,2.808328602347039,0.6646672293769584,1.7950671661060822,1.0906736014918936,-0.7892146307073851,1.5151375012652175,2013-06-13
1424,-0.3723934460140197,0.2930186885427382,0.6032839118972227,0.7450080321409913,1.633747622784782,1.5524950599366387,-0.8965502159986017,2.4404322413799617,2013-06-14
1425,0.44977957186311435,0.9520862559150167,0.6947860585828922,0.7914125815467451,1.6069718880252828,0.6246808460780109,-0.6861057819116813,3.058781087167566,2013-06-17
1426,0.735676573688087,0.6263829961445432,-0.9958622659030854,0.6631919035582361,1.3869486223004677,0.4760925650208941,-0.6758581192398019,3.2382932085938245,2013-06-18
1427,-0.4798835711780072,-1.019796315698777,-1.9661932034955252,0.7508142567118223,2.57372383829602,-0.899703182280484,-0.23638286792402574,4.279726979500754,2013-06-19
1428,-2.328971597719679,-3.622370864523108,-4.225359589270379,1.1523784131278711,4.287560564566568,-2.9366282901540997,0.12594192523284242,6.386074457716136,2013-06-20
1429,-1.8342881985579422,-1.3871566444276415,0.6241707203487464,1.4109899019578167,4.410456470366124,-1.584329442336483,-0.7909301435618127,4.7937058231016545,2013-06-21
1430,-2.754590748801809,-3.292407392058868,-2.2766235616249215,1.4317433027873798,4.372179177147119,-1.0081806125631214,-1.1076184573131507,4.43603588247783,2013-06-24
1431,-1.1923893546156161,0.3845684480426705,5.047193314996411,1.492585527021641,5.160415766848663,-1.1555966887868125,-1.1270343566960923,4.155667606272299,2013-06-25
1432,-1.0432202112338518,-0.7028765124248405,1.0395504378253364,1.0126616966039492,4.9563077257895145,-3.9527909358356688,0.4165854273172199,6.195395597533279,2013-06-26
1433,-0.5378309039894337,0.13934287194539854,1.8150069754480866,1.156959104135493,4.909928735009268,-3.2846008070497015,-0.2924766603588681,4.61023540646407,2013-06-27
1434,-1.3500910466353693,-1.1488090773203148,-1.16121966074506,1.264464868402416,3.918385767121207,-1.597269151453061,-1.1613040098229512,3.6786756149334114,2013-06-28
1435,-0.19596142288548943,1.2429008699165571,2.7912617674546762,1.3326984892507034,3.5116352710283367,-0.5046408085946998,-1.516857416883554,3.0891182473267813,2013-07-01
1436,-0.26450501382872577,-0.105908144157385,-0.6793631320830962,1.245204715790572,3.9833953626672334,-2.666398312519905,-0.4075593756328263,5.145637424219787,2013-07-02
1437,0.1936176820141882,1.0597135574722738,1.777761197589819,1.3948396952521678,3.7568322760176267,-1.4108477974372486,-0.8514171827506846,4.812276768278061,2013-07-03
1438,1.2415836871491783,1.2506032024295948,0.5892074764988633,2.030702490804401,4.511119797980383,-5.5783904755763905,0.2835050825694766,7.558497002804547,2013-07-05
1439,1.0591712219123617,1.3692585481164457,0.3983952404510694,1.8076564098327301,3.271990830150766,-2.6616237217235463,-1.2696182697480838,4.453551289505524,2013-07-08
1440,1.201204020166921,1.2908113631386855,0.2220464093916784,1.7878353649077476,3.3765785710335146,-3.1841505883758243,-0.7717412237839799,5.409167029690337,2013-07-09
1441,1.2967835420468996,1.4304604154286782,0.2799274003858468,2.023788893872822,2.6903445288991525,-2.1434398030018462,-1.1502359123239714,5.405179858554721,2013-07-10
1442,2.031052770478259,2.625410200743246,0.6679308497403135,2.3080812290102166,1.270844202431153,-0.6259770582977346,-1.9787606920110576,4.266544923201646,2013-07-11
1443,2.5199261133600324,2.369732555776804,-0.35744787606912937,2.3307571223430856,1.5069462699686615,-2.0546680437031837,-1.2296366952092672,5.5686623776379385,2013-07-12
1444,3.301762216363661,2.242026906045209,-0.9703984730990773,2.3385059526835366,1.8805136252959047,-1.7993212039962367,-1.0433223343811515,5.5938901288155565,2013-07-15
1445,2.6207031380516534,1.0870338022165456,-3.004298443487132,2.3973922137990353,1.0786902372940443,-0.7179889236179112,-1.748333144099579,4.8831464598317496,2013-07-16
1446,3.5764794300773555,2.261778062514499,-0.4545226930677974,2.4080321005883927,2.112499589079093,-1.7911206030304598,-0.9015020800781387,5.828737004264616,2013-07-17
1447,4.229373880996038,2.797325194352678,0.16619659178986523,2.687358157359642,2.0413394732033896,-1.3727068630244692,-1.3994659103086942,5.726157436701834,2013-07-18
1448,4.226539532153212,2.7419505726400826,-0.9333764385451051,2.526847969396663,1.0262364614345079,-0.8327926537281091,-1.3660307314026419,4.575292143377278,2013-07-19
1449,5.465501875040437,3.2616160015889273,-2.3070342269137347,2.4441245889929637,-0.9861448672969858,-0.762148691265735,-1.8351033434328379,3.307649906364828,2013-07-22
1450,5.305828399491739,2.6221798399137364,-2.276675777372814,2.377630083431915,-1.242099678346015,-0.4069838853583873,-1.6331454208235794,3.5983675748933894,2013-07-23
1451,5.276845288781933,1.5926016103777074,-2.8085396784623855,2.4510063144275223,-0.5098236807047681,-2.8168405854826704,-1.2089078057225549,4.396122817579769,2013-07-24
1452,5.788560362917551,2.3644193404948406,0.07599019655998944,2.645024237422086,-0.9141494767040058,-0.9449147891074652,-2.059645062091383,2.8684162287489436,2013-07-25
1453,5.607917214863345,1.1612193086659774,-1.4899758598026556,2.590177105599214,-0.9796274103998749,-0.7594103081620245,-2.2770042888132545,2.3713534472351565,2013-07-26
1454,5.026405885990715,-0.03051296324237593,-1.6608805784242746,2.7505646344731325,-0.520167580527732,-0.30722042602203653,-2.5771834101286832,2.4880843478689103,2013-07-29
1455,5.359422993812095,-0.012295875503949475,-1.0467570880634591,2.769169266185248,-0.22121506625533463,-1.4003963884440584,-2.2831612131845587,2.681547320176156,2013-07-30
1456,5.957080037524742,0.24312640878346795,-0.059112361387375405,2.995916185906361,-0.19759973054735672,-0.5001398263289416,-2.52121271543606,2.0648386170131703,2013-07-31
1457,6.798549255733781,0.9197648624518422,1.7755768967261503,3.4627932156108936,0.4468864112440629,-2.447438842925145,-2.0268917168673246,2.979404193476918,2013-08-01
1458,6.506477190259911,0.32314411891175526,0.3577462659229253,3.3523326947475365,-0.6236576118928994,-1.264200462258715,-2.775234083262867,0.7729013388651605,2013-08-02
1459,6.52164106675283,-0.7272902542330835,-0.8078276629142123,3.2566798619675,-0.30572530647265395,-1.5671265172224114,-2.414261762181372,1.7508112365074697,2013-08-05
1460,5.520605094161658,-2.3131490519788964,-2.202527385687776,3.2687076076979475,-0.009194326864452068,-0.9308091922967358,-2.6614873121507183,1.5474647249351139,2013-08-06
1461,4.868850800556185,-2.614230131618911,-0.8929183541690899,3.268733940330171,0.3508939192240197,0.11494053391955417,-2.951816780961859,0.9732065004203796,2013-08-07
1462,5.2940378803583155,-1.6732864196308943,0.7173542441438084,3.334553204035201,-0.015821946795238212,1.2679760139106864,-3.537105307344559,0.05700705143257315,2013-08-08
1463,4.917747568512042,-2.6336087264165036,0.17830446824176466,3.1315667715614635,0.5133780507351603,1.0326742519564767,-2.8721488427771913,1.022127222379322,2013-08-09
1464,4.9558173034867785,-2.532613642417277,0.5161307196401617,3.3129172160756792,0.18776825715886572,1.5006426151522545,-3.1191883723629874,0.6090086912172739,2013-08-12
1465,5.1808266769126785,-2.544145418212445,0.8666175511746563,3.3765274577819118,0.8561736131354312,-0.39641030861635884,-2.1425304202074997,2.0862777239327683,2013-08-13
1466,4.691339883423268,-3.2790146532784736,-0.24535041048662837,3.4982645236615992,0.053765038602487256,1.0402236102227158,-2.91759511568026,0.8530815946313135,2013-08-14
1467,3.5604048071855976,-4.490612071559015,-0.6186025213501832,3.889693620024993,-0.11999018428081096,3.144027832265654,-3.5416269611978106,1.4736360390406273,2013-08-15
1468,3.1530655528772265,-4.5190292306342865,0.8847921254180066,3.755533397542864,0.3918187118756692,2.825314351085713,-2.891598115962399,2.0685544793992467,2013-08-16
1469,2.3428664361332547,-5.937976106454199,-0.22064382228166562,3.7847840915411957,1.06999837831986,2.286351957910642,-2.578911814895324,3.168166439794331,2013-08-19
1470,3.0727371721998553,-4.034737733880244,3.1768396974006547,3.5862826498365767,1.0259488599793696,2.7877075950895085,-2.6939793473760507,2.2739125488296565,2013-08-20
1471,2.497397601919862,-5.588413062836976,0.06507530957326375,3.6571633753774746,1.241990935841091,1.8112803761940168,-2.3515529840295617,3.531448907435186,2013-08-21
1472,3.6500558389471207,-3.277716676137945,3.09592051933422,3.3727583036845563,0.6561356651357194,2.3677826603970527,-2.5203755113442283,2.117480826856252,2013-08-22
1473,3.617534013881896,-3.2770887098494623,1.6486550258914217,3.201693830218677,-0.14018986873691264,2.779703775750598,-2.4600699498835215,2.3151934738848063,2013-08-23
1474,3.033687328839468,-3.8355730946765925,1.1428681033503727,2.994065928409753,0.03421826531081787,2.8567778517009743,-2.250786166377116,2.8929696943019354,2013-08-26
1475,1.6415855328566176,-5.739822093466262,-2.424913859721788,2.878137225367015,-0.9564574028170174,4.448739591203719,-2.331131530501462,2.8637560302168668,2013-08-27
1476,2.3899458687888586,-3.600768550893877,2.5318754674685473,2.846763351126824,-0.017804083413879207,3.221624590377393,-1.39567322616096,4.113074087872615,2013-08-28
1477,2.1928074301596148,-4.361340786222101,0.5748758566530342,2.5398797735407665,0.23884032138209646,2.231200136799904,-1.0030165945839589,3.969954290723268,2013-08-29
1478,1.6405032562947626,-4.774586243141168,1.6539310162326102,2.2398066530157585,0.8735789376791688,3.0381095381537397,-0.8080378774694207,4.0570146038441015,2013-08-30
1479,2.11064470646507,-4.381910132636795,1.413264924632574,2.412995756049043,0.4912750972217974,3.0496467664187157,-0.9748955812282435,4.2866638690350305,2013-09-03
1480,2.9207894852812624,-3.4804523941989,2.1839560394294524,2.2912334212576124,0.6960461617708715,2.1865750371664916,-0.5147509295423173,4.604969109643401,2013-09-04
1481,3.0176731417119433,-3.6213352193468458,2.024667791137058,2.3166583328283985,1.1750945272668898,0.45833695467412416,0.18856815224135176,5.6005803271901105,2013-09-05
1482,3.0257964864341353,-3.068701618431568,2.266425685902774,2.21261276608049,-0.1521405954316846,2.516708591178573,-0.5155328992509709,4.281801628402652,2013-09-06
1483,3.5105015624153264,-2.7648828623818584,1.7204615838403288,2.1353594687721924,-0.29160131462375694,1.8612066117942294,-0.2163467133541005,4.563979178607218,2013-09-09
1484,4.297148927201428,-2.176359170797722,2.0429692671217583,2.1435946327418787,0.13621015450161508,0.27643824090221264,0.34219933787024703,5.081123814648408,2013-09-10
1485,4.454944701741336,-2.1051744646747204,1.2558528260815092,2.0280361441720385,-0.46760173792526893,0.9207544180429225,0.4245945958784615,4.560420209799441,2013-09-11
1486,3.693322274239763,-3.515529245530182,-0.705970223167562,1.9442252520095362,0.009114462325535783,-0.31225586512605324,1.3448734463192058,5.940856668021594,2013-09-12
1487,4.010265467702009,-3.024312960883102,0.12185841283459127,1.9485514039788117,-0.2902609858747981,0.6046985872873835,0.744683255551717,4.568377154078407,2013-09-13
1488,4.487880572288107,-2.3855493255243596,0.9833069818320037,1.7591458709075838,0.02067831452435817,-0.6508605799425984,1.1562077088811824,4.779695371810887,2013-09-16
1489,4.52204123787072,-2.126977277933694,1.1398689586050614,1.5978067719193743,-0.24411477092166287,-0.2927282388002063,1.0981155822811077,4.03955015928185,2013-09-17
1490,5.706196275444347,0.08808837553944085,2.0131526739618613,2.0143311586461614,-2.493797224588645,2.750506554130367,-0.08932769230971649,1.9827209408265183,2013-09-18
1491,5.964541528116481,-0.9646753091541829,-0.8674604991913957,2.1426266248195738,-1.58232962296332,0.8670830915696969,1.0367304882343615,3.929181465060431,2013-09-19
1492,5.656653249444451,-1.4024426712214026,-1.3787593926204187,1.957969745853177,-1.0001015649723577,-0.41218793420742267,1.9756410428078293,4.417337264573688,2013-09-20
1493,4.983896198236959,-2.292351965103685,-2.0661470292346404,1.9778264490280828,-0.5970110117217179,0.6605057433143818,1.6316299877468734,3.833729124185313,2013-09-23
1494,4.525380547910119,-2.0660456536647613,-0.37611439324717444,1.8906394693840685,-0.21977714102439205,1.265065314969369,1.661223704844824,2.8386986831373124,2013-09-24
1495,4.380599609898944,-1.831071869937067,0.1146028431002701,1.9637980063139384,-0.5535202080181689,2.1295367454177754,1.2616064433249554,2.092444104119875,2013-09-25
1496,5.487087842312011,-0.9178297528095554,0.7332950772338327,2.1170821031195524,-0.19708981602712186,0.05654485354488254,1.6109031429870848,2.5500197917351684,2013-09-26
1497,4.793898903334692,-2.3420541192331292,-1.7392089423149077,2.1912342170576733,-0.31498565803121836,1.2728645512183492,0.9635991398465834,2.180947801042393,2013-09-27
1498,4.3234408292977795,-2.59903700566089,-0.812633577470773,2.276367131394301,0.3707998783715244,1.4659004784851946,0.8783355221892762,2.376071236434421,2013-09-30
1499,5.520985756162805,-0.8523043510004933,1.4786501378551677,2.3208831881242737,0.8485128820312392,-0.03934968958781886,1.2485022421730243,2.391023927890733,2013-10-01
1500,5.078667540486706,-1.302937944543626,0.4829190894988209,2.3614847098878724,0.10119738401892894,2.3992099128718074,0.23575527577384964,1.2992282724100312,2013-10-02
1501,3.8136470019676327,-2.72503911211435,-0.9386195456863992,2.085830800781413,0.5628211758191269,2.674545358504516,0.5081621309307316,2.1097865375990903,2013-10-03
1502,4.448798915945532,-1.5936973452799306,0.696578286385024,1.9044209728834147,0.8566552602263029,1.8341756306867731,0.8640898437816967,2.1825786375455576,2013-10-04
1503,2.7935052319309497,-3.667572263365594,-2.277211681448453,1.7296915986405494,0.6792607890485677,3.2986791514375553,0.14219150137655007,1.9042924878909855,2013-10-07
1504,1.7745689213198017,-3.994654803591212,-0.6401723194973397,1.601571731483462,1.660249776842446,3.5535453800570895,0.5277586690262052,2.583792229304965,2013-10-08
1505,1.488305914185028,-3.9921305019068445,0.3825613930740646,1.57229315981494,2.5157767543507497,2.438242555543126,0.8007209772880166,3.1301124239627773,2013-10-09
1506,3.2546763368732883,-1.0486510089671124,4.34977999304156,1.4834067763637402,2.7390542393820003,1.4145726533203924,0.892459744492743,2.61672510103276,2013-10-10
1507,3.4613239538799228,-1.165489479399306,2.246902313752503,1.4152196646600996,2.2587319494092952,0.6508636909266174,0.9296729623627987,2.9010718715029427,2013-10-11
1508,3.754113574695709,-0.9537863545480582,1.5859904784777537,1.5459301696952,1.8815409726980363,1.2261760033135416,0.30415658893838254,2.673229001536181,2013-10-14
1509,2.201629050293011,-3.3470281963795054,-3.312214984038379,1.2924062090590462,1.4411231852985624,1.4256847566204867,-0.07832401291766461,3.083206655295646,2013-10-15
1510,3.4327243826305764,0.18430724347445596,3.1503942099300954,1.0063124952652573,1.9091161762862523,1.0638898514157515,0.3094426827910171,2.708645367599875,2013-10-16
1511,3.2898060694027214,-0.008146724914881635,1.589756809597212,0.7997532919786259,0.8061001927937587,2.912154111800162,-0.9195765233848314,1.5542523250891187,2013-10-17
1512,3.744695560755435,0.4721265034947965,1.8448410903812742,0.4891211856510312,1.1845716901374659,1.4971015393891378,-0.18733734275198838,2.7088566618265024,2013-10-18
1513,3.211238285613372,-1.1682013984039394,-2.7816104755483604,0.3164633732145264,0.36412109308202667,0.9480986578173348,-0.5202330332262702,3.232972393439918,2013-10-21
1514,3.448387224508894,-0.09771133780213023,-1.159873358541707,0.13557274513084608,-0.3210069094420508,2.3333890521555416,-1.1687600330484762,2.348295527270995,2013-10-22
1515,2.756603070633389,-1.0373182197396376,-2.2821282454902185,-0.16070566621153345,0.01684251410370305,1.318137479291514,-0.8770636160854066,3.145064306730396,2013-10-23
1516,3.287415639309897,0.46724630769115066,1.2672235646590537,-0.07841088715676423,0.19110769024986804,2.0917855493287894,-1.3513946082872503,2.8891881030036126,2013-10-24
1517,3.360679067110128,0.014237798053452962,-0.6977954196895417,-0.31563439000615706,-0.17800799373959045,1.7755109975744143,-1.173147493837432,3.3434857331066654,2013-10-25
1518,3.4389209665255476,0.1112643254462791,-0.39029283644324625,-0.3308514357723531,0.02352118954860724,1.2842700228902788,-1.0582082021361094,3.9041757818272607,2013-10-28
1519,3.579010804631742,0.15914700621799496,-0.8994465116197042,-0.5267225709593168,-0.11334649044123093,0.6004581222846263,-1.0502264733619666,3.8249838806936935,2013-10-29
1520,2.5946939492467234,-0.9594298189753538,-1.4250091133400804,-0.6511444047639461,0.2225151498963058,1.0954602844732797,-1.3803643170084754,4.097512110150965,2013-10-30
1521,2.1741245781472665,-1.3364428975296427,-1.048495978234699,-0.8329327065622395,1.1667834385004756,-0.2602492884146214,-0.8873831128988348,4.620304445486171,2013-10-31
1522,2.407730775696643,-0.8925869441947567,0.15928071030548377,-0.676891732896391,1.526717338752743,-0.7654574872877221,-1.3067185109322508,4.3855189554541845,2013-11-01
1523,2.934191149089691,-0.14614683531420578,1.0937228420191503,-0.6002536485827872,1.3536279822228123,0.1392911839526219,-1.738516854450142,3.7256321807047126,2013-11-04
1524,2.9407092094456893,-0.8918153680857059,-0.6592255106849867,-0.3303440809640668,1.580613889562875,-0.8475138317353901,-1.8858005503656237,4.346115846479221,2013-11-05
1525,3.77261354312162,0.29938537053734354,0.4862197981714477,-0.26173580770083105,0.8937307166546994,-0.23438436746442465,-2.466631346227054,3.4166476060758626,2013-11-06
1526,2.1795695835848248,-2.087447812910904,-3.3731341274432824,-0.4733844961051519,1.2382738429708533,-0.7259842282761487,-2.025444133837919,4.184797600737699,2013-11-07
1527,3.537607072791226,0.5834162638070319,3.2754735363319596,0.09366764045288636,3.0041347812476666,-1.9413337422536499,-1.6680034594130362,4.970988433539393,2013-11-08
1528,3.1542427096028853,-0.5658894949605028,0.3596245389597554,0.28478494548384264,2.1025715217379797,-0.8254093136301397,-2.0712848015099294,4.174498582852741,2013-11-11
1529,2.548786077668808,-1.4060131849558477,-0.1097270273274528,0.278901852880562,2.736546860223247,-1.0986710824760495,-1.8552882027936581,3.7546315636143635,2013-11-12
1530,3.8220314211682602,-0.14566401186977593,-0.06403226011584533,0.38125711679734925,1.8213921667942268,-0.994367825457967,-2.0322860686366018,2.8634725481196037,2013-11-13
1531,3.80669186759521,-0.17104241887268964,0.18886766327859567,0.48688606839086584,1.9059608911236796,-0.34994236398548867,-1.9363764512967552,2.4157903900089943,2013-11-14
1532,4.230992869181504,-0.1141117062458665,0.21502541775155543,0.4451509104258367,2.350560694191546,-0.6117812901222885,-1.391622306892335,2.4916986132847336,2013-11-15
1533,3.0570647984195105,-1.656616784017175,-1.352580144903036,0.4596479767325929,2.7211520472894675,-0.6395912930573894,-1.045606045393261,2.7760497511797717,2013-11-18
1534,3.277886339911202,-1.4795450883190289,-1.2832434668851707,0.7353833465910244,2.590704552615123,-0.10898476579973404,-1.0851692954179968,2.395351141347451,2013-11-19
1535,3.1656483387848455,-1.608126807764344,-0.22196053475044536,0.9909425975746315,3.9603819551717354,-2.3006027699703466,0.005516819248765456,3.951009434891177,2013-11-20
1536,4.2933162083468,0.4287723640265004,2.704242273381391,1.061147348366895,3.562566942361606,-1.5546258265085873,-0.45069707726075714,2.3148986096780626,2013-11-21
1537,4.143243095863831,-0.29954638736446115,-0.3713007343288238,1.0475587128553354,2.8715420463379617,-1.5641684304265695,-0.36376835129395413,2.0088161139853074,2013-11-22
1538,4.085995613230531,-0.7788969023787231,-1.2231188910247597,1.0315431558998878,3.2625886865646714,-1.4918335186990768,-0.580743225256922,1.8126821240875257,2013-11-25
1539,4.04774401340304,-0.6338962453528865,-1.1329554832046769,0.9776611353396324,3.1396560150365014,-1.6306197305869643,-0.45463188684954337,1.8666882048843128,2013-11-26
1540,3.9334423829374705,-0.5758611664796934,-0.24091915119913868,1.0507981814132734,3.6501018625833814,-1.81964480497997,-0.37921864150668116,2.020361752257469,2013-11-27
1541,4.119220434388267,-0.4364324753481986,-0.5144873263166062,1.1784274297521369,3.0542071768095846,-0.6276337161196448,-0.8707739650477643,1.2280997984259343,2013-11-29
1542,4.053231622240915,-0.9053058571720503,-1.0263943744755535,1.2016266060673788,3.594526512315447,-2.120408562265049,-0.07106342163804269,2.3674772200578715,2013-12-02
1543,3.7534791362453594,-1.1220598500007495,-1.3370160196522864,1.3142472782537253,2.604695745381137,-0.13657520047665067,-0.47649705963243894,1.4173313462694208,2013-12-03
1544,3.683403658244484,-0.9669068362974687,-0.3625203173691401,1.490384431392022,2.621252000903253,0.36238491476794416,-0.5196053749174762,1.9146767626627752,2013-12-04
1545,3.597972123629843,-1.186288126212428,-0.33394969907402144,1.5146615902042215,2.6265686493917464,0.13744346336709873,-0.1738584547276193,2.0465521180442323,2013-12-05
1546,4.018630414660629,-0.314138151796205,0.9953101919103295,1.3467716304901978,2.4927279844666117,-0.31128916479561175,0.15575271220197184,1.791760932115439,2013-12-06
1547,4.52469202455315,-0.12291967424556635,-0.1438171014176448,1.2863145334221404,1.2905182629294063,-0.1868079033614477,-0.16755344371236508,1.1954344736941913,2013-12-09
1548,3.9046333256572776,-1.1420847058427692,-0.9410186992591862,1.0764902350979053,0.8854424797187125,1.8155165556775066,-0.6616510616761658,0.8742701755092246,2013-12-10
1549,2.7260445737174033,-2.9142765632196266,-2.612952220083535,1.0170803081783466,1.6447523367703827,1.4710368801778873,-0.594065084844289,2.393893517059247,2013-12-11
1550,3.1595175748822744,-2.1240950049279257,-0.13396086961892897,0.984679308533128,2.6596590080678255,-0.025881878364077234,0.09814400646498722,3.5328729735388658,2013-12-12
1551,2.7223618304071233,-2.506862754599101,-0.0021580936302562003,0.8510652340205749,2.513677205262695,1.2393606113529498,-0.5834981232985073,2.6570433574809798,2013-12-13
1552,3.3577260053266524,-1.5689161961283682,2.170208766259706,0.9676616415594573,2.656285540609929,1.6595015850686734,-0.9143674679703748,2.690973859987153,2013-12-16
1553,2.5462184192600805,-3.2678684713732045,-0.7266769685492411,0.6525301627783118,2.6808643815401667,1.0098470215732698,-0.6971237841052883,3.083430100792238,2013-12-17
1554,4.378294985819155,-0.6439948317578462,2.7975543733722157,0.6437912915853112,2.794567674850667,-0.9472150015187398,-0.09816347244247214,3.631251520818782,2013-12-18
1555,4.062312621325498,-2.115829434932576,-0.5139575151271771,0.5701529744358513,2.6324864327167647,-1.7770778870298058,0.2336788660526391,4.330448103829794,2013-12-19
1556,4.64321558745489,-0.8934889360064503,1.674159887372203,0.30877355052704264,1.98074591814426,0.1429979163341059,-0.6559655042220843,2.1591502852077804,2013-12-20
1557,4.957026825458529,-1.225173786419042,0.5013009805830708,0.4320717443363163,1.8400165358369713,-0.3784147139626057,-0.5031968092255151,3.051714680319109,2013-12-23
1558,5.263721832598545,-1.0622199233450416,1.1178879852170653,0.5983660947722337,1.987537777109591,-0.46772368055526564,-0.4071580691005784,3.4015602653664003,2013-12-24
1559,5.476575601751794,-1.1787651118256761,0.006940264682368199,0.6552460316081192,1.360010930144493,-0.4733291886094129,-0.3036185066688504,3.706900508402609,2013-12-26
1560,5.625566296774768,-1.2347491748414536,-0.038798061980130895,0.7593362951734162,1.1841007302280524,-0.06510515881614659,-0.3804218586357273,3.696665439352305,2013-12-27
1561,5.117045762502116,-2.2322164376643467,-2.1073730135426896,0.8405426350840695,0.873127922877701,-0.13627289372135265,-0.29225211596442013,4.153616937451117,2013-12-30
1562,5.427969111002325,-1.3142254808670044,0.6388212540911098,0.6806881863800631,1.3428079431455058,0.056276256826532874,-0.33607613768375477,3.7688886801959955,2013-12-31
1563,4.050482382679127,-2.9662476989619506,-2.12810407619014,0.4875350935465887,1.2060372349627537,-0.14913546949786793,-0.4768123722523043,3.4671196651804195,2014-01-02
1564,4.357063516530091,-2.060106871361102,-0.07568382451111492,0.45743346845345595,1.5931213059672342,-0.28789631395667487,-0.6664704020271247,2.8321556275241004,2014-01-03
1565,4.0685235729734845,-2.146855548754327,-0.5510693092119456,0.2848812777809751,1.176485728427007,0.1335483707284988,-0.668483824721508,2.50111842055924,2014-01-06
1566,4.898865175768666,-1.0656478340959612,1.1955852663859245,0.24796567122019655,1.7755098084064014,-0.826813779959268,-0.2189249452708163,2.471756764748958,2014-01-07
1567,4.7647181368577805,-1.833508794770877,-0.20513878743252573,0.36139920110372953,2.108675643483709,-1.2251965646599199,-0.29280351727404497,2.6715156235133577,2014-01-08
1568,4.640770354701363,-1.7327309503527437,0.18945755977894763,0.30569463132825053,1.9172737616088642,-0.3676279085474454,-0.550557609472471,1.9520190254175502,2014-01-09
1569,4.536889984266544,-1.3358145540134,-0.03186392219640077,0.2405791304212335,0.9481210949264111,0.5477191186274671,-0.9856164611872195,0.8610648328194219,2014-01-10
1570,3.2636690932876364,-2.719597123008456,-1.8465008706998587,0.12137699984390829,0.669434288345195,0.7932734420786044,-0.9746031053647408,0.9174175646279075,2014-01-13
1571,4.500858734376518,-0.39165543104924344,2.2146394654417905,0.053532985314677574,1.1395144004381188,-0.5136238535525445,-0.3090870440610308,1.3500391930883313,2014-01-14
1572,5.057321585920564,-0.4349629666871197,0.6278158654679902,0.10789038242789142,0.8147769601578595,-1.1479572649634755,-0.20727511395172826,1.4094478875587404,2014-01-15
1573,4.153903146009865,-1.246239773826466,0.031197754842298316,-0.06506525190961884,0.64041889444371,-0.269906532023339,-0.508978260225258,0.5167075405555033,2014-01-16
1574,3.7104091639770465,-1.7967358061215657,-1.2007023087555915,-0.2687472548558318,0.1522022166634629,-0.41439376936474087,-0.49714857498768295,0.3339121921313603,2014-01-17
1575,3.7827549594845222,-1.4742260765911341,0.5376015649416324,-0.27190211257117863,0.6942178323224625,-0.2607820577188347,-0.2436668187291594,0.7522409408436377,2014-01-21
1576,4.189299573759262,-1.2601964018579013,0.5807872204017299,-0.190306292368541,0.5871039529698683,-0.4772263415116291,-0.10027201084314263,0.9284996007867209,2014-01-22
1577,2.8275267440425296,-2.3287842494561857,-0.27354794194098675,-0.06241262097151964,-0.471425473602961,2.5357807337398817,-1.1357695913947263,-0.5527070367010507,2014-01-23
1578,-0.16153000549795923,-6.135892100500842,-5.092025834700459,-0.5714977561278901,-0.049469348333917834,2.914895320674616,-1.0669826800200477,0.953135612253822,2014-01-24
1579,-0.16153250370788272,-4.635515733404867,-0.19956238878206245,-0.7834025926440851,1.1149678243898038,2.128961161334783,-0.37576058709141097,1.611637561970539,2014-01-27
1580,0.6806453085416148,-2.5639913136271044,3.3218964491592713,-1.0795543204480336,1.278622726981036,1.93134219650537,-0.15436048041388617,1.3919879952923933,2014-01-28
1581,-0.683369996623498,-4.226215141663871,0.6522328849719007,-1.3802514423104661,0.7812440722933626,3.3303255975487627,-0.7625276966404694,0.5756878427692622,2014-01-29
1582,0.20589688464701253,-2.9531136464471412,2.426157614148627,-1.640032902502608,1.495432819053982,0.5939945908028562,0.18714071655288045,1.798200065711501,2014-01-30
1583,-0.8767751073735107,-4.725940564693062,-1.3809859424022926,-2.027349066326818,0.7279398078454624,1.5347614638044165,-0.2669016069044613,1.0459923048330297,2014-01-31
1584,-2.3967540887653116,-5.849779428785473,-1.8791005770342684,-2.453764634925872,0.6269262111558719,3.11045893048634,-0.5798012140975559,0.8643852392965288,2014-02-03
1585,-0.9751654889321495,-2.5589347097451975,4.185068685463772,-2.4542387742436547,1.089627024671636,2.301132707862253,-0.21440024828512783,1.593080387613444,2014-02-04
1586,-1.56217991231682,-3.6611882233713233,1.415755966649727,-2.56341278496573,0.6915670164959733,2.3788522475649363,-0.6591773978415741,1.7395600067056862,2014-02-05
1587,-0.38743487096500845,-1.4012205767894557,4.370763605280439,-2.7533353329326293,0.7445306892147422,1.867198432614485,-0.311849670363451,1.900134483965957,2014-02-06
1588,0.3357068118788025,-0.3492992989485479,3.3793102107648063,-2.9407661888323866,-0.5519770366964504,2.0641423350948744,-0.5309932298527856,1.7255800476387684,2014-02-07
1589,0.15353576152764084,-1.16789490140236,0.17382893483736334,-3.1146153768525493,-0.9874821803207161,2.112691975718815,-0.7785399243830656,1.5716340851450183,2014-02-10
1590,0.547254935084585,0.11153517167069907,1.81768110770654,-3.374079773978655,-1.1395041213700443,1.8328863742003505,-0.6232691719909503,2.0227697036191934,2014-02-11
1591,0.6958260656415007,0.21803880481606172,0.9562736948200377,-3.5677258833147105,-1.1381806808589339,0.8126582230239019,-0.2034659291904194,2.699433284308903,2014-02-12
1592,0.8183059462076661,0.5554020053638075,0.4400819479516239,-3.6610808794236847,-1.767047849271111,2.3549117227241623,-0.8147135863046562,1.5865283962144454,2014-02-13
1593,0.7337131845758323,0.9571951252499915,0.44142340758652493,-3.7260470583476573,-2.0691614989361935,2.565259824775325,-0.6965985057410478,1.8864607398380449,2014-02-14
1594,0.9083379090970498,1.1177729133865206,-0.18178868659573477,-3.7753303384574486,-2.2326997205457406,2.4960948651742356,-0.5965089299743892,2.091947308083306,2014-02-18
1595,0.04565571535207127,-0.41122894502744095,-2.7896533319455856,-3.7741662933899356,-1.8400974480617767,1.4930875037230045,-0.11114797354112704,3.4160402370498573,2014-02-19
1596,0.7353023722452053,1.369106173637209,0.6875729998962384,-3.7683609342641398,-1.548429901637604,2.1089650421674393,-0.3708019618204419,2.758874142894391,2014-02-20
1597,0.31470646078347475,0.6355077701702999,-1.3592135897299886,-4.0113634918972645,-1.6735337544835345,1.9842194566844218,-0.3292274045570605,2.5753504520854005,2014-02-21
1598,1.2377096597854138,2.270981985963623,1.3461861370740804,-4.116604386900311,-1.522018825659893,2.464844968414416,-0.5051463283709308,1.9471937392347012,2014-02-24
1599,1.2904090382760178,1.881175417146848,-1.6418905514917825,-4.221450457565972,-2.4780792579750726,1.5074051123976673,-0.06307398565086125,1.844553390174474,2014-02-25
1600,1.1939546267529673,1.80164346926191,-1.3671376254351322,-4.377692133381894,-1.9086690370732837,0.8156636147856567,0.3136578965294908,2.0309199357938423,2014-02-26
1601,1.2940251551367796,2.1070462511638586,-0.9312375617042241,-4.3661652371704545,-1.9463484260335833,1.3769116439729683,0.1701652762363654,1.5397130345905428,2014-02-27
1602,1.8228032892137582,2.855509321293999,-0.0017290659850969598,-4.179712913223396,-2.075987976885706,1.5518602094178742,0.0588301325361294,1.2662190743461474,2014-02-28
1603,0.6472872566907858,1.2771827534512614,-2.640651483881598,-4.227303134594798,-2.5849422502508346,3.3788398409356084,-0.2772628011003344,1.0866373119469395,2014-03-03
1604,2.4503123092708776,3.980102556133502,2.0087117330553714,-3.938000602142225,-1.5666183963628268,0.6306338999405988,0.8585097644607981,2.5471637073956397,2014-03-04
1605,2.888733093375082,2.9117406202125373,-2.2193457522214546,-3.965337530618061,-2.770714405982882,-0.13810908453210283,0.49035894712949757,1.2935465827618058,2014-03-05
1606,3.3098562070483433,3.4797911433688284,0.10498968671210986,-3.4959530396153253,-2.6647155208906117,1.4217431942759748,0.11623581664635674,1.3305851768652426,2014-03-06
1607,3.4151859246333593,2.575265186248738,-1.832067358039429,-3.2817942132956817,-2.679370303565973,0.21743249284054184,0.7939632241932353,1.7694132943545415,2014-03-07
1608,3.131409085811649,2.0054849101347947,-1.3762164277403035,-3.1791519045966594,-2.136962167147954,0.6574032722652423,0.9035903520473652,1.4281609692840829,2014-03-10
1609,1.9649384415049969,0.30959748003789606,-2.411842520569152,-3.07569633756845,-1.7951154025797496,1.282524325849321,1.0018762829362666,1.452904211844162,2014-03-11
1610,2.128988144755991,1.045530785517003,0.02906033437689374,-2.913779285650918,-1.8849319237609476,2.296784346841586,0.8097940179808286,0.560859697712646,2014-03-12
1611,0.5012832749296372,-1.6008998564079535,-3.5939083922677653,-2.9970036131573043,-1.8579600658070952,3.137511823631386,0.9674732269775607,0.5954695735380453,2014-03-13
1612,0.9033305482817445,-0.602821962197807,-0.09194066312942854,-2.8672508725395587,-1.2893450768705659,3.998712525457807,1.080995135106058,0.7666036308767042,2014-03-14
1613,1.6916787345900772,0.23462477669076184,1.2839978857504177,-2.8266547944588134,-0.7906374828435897,2.18210221221222,2.073782656872944,1.8173332523339272,2014-03-17
1614,2.398051543895248,0.9415116017666497,2.404899737051594,-2.8468909186161206,-0.8124709230926125,2.177452598406101,2.183122508445854,1.0924130929165088,2014-03-18
1615,1.4626153808081515,-1.1684865859800277,-0.6260828893740246,-2.6509464078376674,-0.1369994819980819,0.2581549309274842,2.9014014207081185,2.470758791133947,2014-03-19
1616,2.3420527895154932,-0.06419075346075151,0.8540986772096886,-2.6908395897717745,-0.48480225927335957,0.2941949833582264,2.568918353793293,1.3173219472949491,2014-03-20
1617,1.5124808203984446,-1.3966250617840834,-1.2307548036749838,-2.9471845540933237,-1.026728603443954,1.5267678346257496,2.5135525123838143,0.5878160555402918,2014-03-21
1618,1.4005683199885086,-1.156088201143398,0.5401650354077069,-2.764689049999929,-0.582057632789712,1.3046015417187982,2.9259819429475518,1.0364707548356022,2014-03-24
1619,1.6683691861593257,-0.8620235062391441,1.2025551458560164,-2.6363020290032795,-0.6561243544963243,1.2224436074035423,3.116788431907221,1.1652807992876537,2014-03-25
1620,0.6641234950527388,-2.6400154172337054,-1.5102383981421377,-2.707611253688662,-0.8979994001263812,1.5886444240893873,3.345272611833821,1.155275440247155,2014-03-26
1621,0.7707416878227713,-2.145866440480473,0.18330083468179398,-2.6847498045256404,-0.7202060421303836,1.4915335773183518,3.7610640836067373,1.0593410442118119,2014-03-27
1622,1.1679143601463284,-1.528167660854972,1.6468296541912633,-2.5285842718962095,-0.7985476190670886,1.6379824510384031,3.7695723532800707,1.1899092014028931,2014-03-28
1623,1.779119318226672,-1.0241092893859292,2.3579787206565777,-2.5656029605499793,-0.4617045068600507,0.7752737926846871,4.0487949195912005,1.1544147828573592,2014-03-31
1624,2.614634632205539,-0.4834749419496676,2.2761616681536037,-2.4328953216650113,-0.620253533899624,-0.31786873569949775,4.1507718188156595,1.2608050635002046,2014-04-01
1625,2.3739662463002436,-1.298758983528844,1.0565006488848492,-2.3128102959193297,-0.8924552549510743,0.5181355351227818,3.8599326629823962,0.9820875410789409,2014-04-02
1626,2.3855850837169283,-2.067094616015362,-0.8057711245376645,-2.2460668983731225,-1.0746645389181215,0.5180739320750226,4.21849018931851,1.2029562303799297,2014-04-03
1627,1.5954033480098417,-2.8873811831192695,-1.1507242043056096,-2.272545254501629,-1.4088585477119322,2.1501365361284686,3.955377691053607,0.5616588480758395,2014-04-04
1628,0.5272628832084403,-4.176024542411133,-1.6601777340145323,-2.3857037741375695,-0.8573751491460199,2.3384417177948773,4.114312607770742,0.9873674269657944,2014-04-07
1629,1.431382066188856,-1.965228400047311,2.3227769533108296,-2.1154291485007315,-1.238714072995137,3.668293069884024,3.782690034472193,0.35303667501133235,2014-04-08
1630,2.5417967510298474,-0.7814746032051682,2.9243977156615757,-1.9066393541982614,-1.4156877063580875,2.834123812668821,4.1931824655855845,0.9441965519758317,2014-04-09
1631,0.37516944184580503,-4.098513263920067,-2.949655409199917,-1.9986263770222614,-1.9018486317584835,3.8397550948411867,3.9622939944449396,0.9332834907866074,2014-04-10
1632,0.04844529875004879,-4.0119529092722,-1.8877513699626651,-2.09946886226354,-1.3928627728198975,3.5312446140751472,4.567357939772614,1.3815771098803213,2014-04-11
1633,1.0741173072160755,-1.90110709016685,1.573824910398079,-1.9645941979378698,-1.160665920293451,3.0212960839914116,4.578121918900924,1.2950886729258648,2014-04-14
1634,1.103005784430576,-1.2510750237507116,3.415855560554763,-2.1846699524092252,-0.2753501985755351,2.186845782462086,5.391775622693077,1.6230387885046995,2014-04-15
1635,1.4062077453122037,-0.6240691008962284,3.7624508324181303,-2.0980818099908514,-0.6046657660579492,2.533510560956345,5.21076555099621,1.1738508925405344,2014-04-16
1636,1.8024639721276488,-0.971433556456683,0.6631872060594441,-1.9373728976211797,-1.3912906831788487,1.695347482309137,5.521129456995387,2.085464023964449,2014-04-17
1637,1.7264983326883254,-1.1810008412081308,-0.06526237829811664,-1.955584821973482,-1.430284175965054,1.918330702985378,5.4336451248335464,1.7938874551098798,2014-04-21
1638,1.797371827224281,-0.5107113655734878,1.4673652920767248,-2.1072586489023317,-1.0720340104035873,1.3556280873732234,5.463417021132495,1.6656393054377312,2014-04-22
1639,1.4928533939865452,-0.8889851511951768,0.1591695514951857,-2.2295288191150893,-1.4942709975709154,1.7277317608580183,5.308585099965699,1.227238743638612,2014-04-23
1640,1.5202429623504734,-1.01023048584844,-0.1873204358344402,-2.2514476013065043,-1.5123400826341233,2.2169514948152567,5.131762743485015,0.9993362757504328,2014-04-24
1641,1.238924127232224,-1.7623819345401883,-2.1141977456680743,-2.154614066345085,-1.6298044767403799,2.49693637113108,4.893732373580629,0.9379434217792335,2014-04-25
1642,1.5441615642310234,-0.9607272001503061,-0.20883173085043866,-2.1160613411241025,-1.170534409270314,2.295710647223123,5.052559617101188,1.478165150065327,2014-04-28
1643,1.6034279442000827,-0.5487786113319687,0.5573090539514038,-2.2466403714162055,-1.0585764592797438,2.057961833913529,5.011113584819835,1.4134687151698522,2014-04-29
1644,1.6340281418152052,-0.466895911348397,0.7424543505161559,-2.2654177420744035,-0.8140488901950259,2.222017654123954,4.944656938742648,1.2305122307872698,2014-04-30
1645,1.0126574383900342,-1.0163242137506536,-0.40464736750045244,-2.5121185254113407,-1.0608811053331462,2.640302086468176,4.936556752987914,1.008837366534264,2014-05-01
1646,1.188490229693211,-0.4452428464586614,0.12021869353896118,-2.519323000935479,-1.3193067034882056,3.3344616531529523,4.72003304752945,0.7031131884261176,2014-05-02
1647,1.707750992095524,-0.24881380572108028,-0.22464554322720517,-2.197713766542758,-1.1147925949792685,3.3477395277848783,4.396263391884223,1.1804860412323426,2014-05-05
1648,1.0690025529973104,-0.6281556798859923,-0.7093171980660724,-2.3111267037706043,-1.2837487368440175,3.752050055355261,4.273028194540306,1.1376166964746584,2014-05-06
1649,2.1814158984339684,0.7405826507602971,0.5990430847360483,-2.296395548571336,-1.056675690943558,2.0136414002559517,4.808467407778196,1.7967847907331977,2014-05-07
1650,1.229710852844226,-0.7216541707839754,-1.1399754683655303,-2.509523098383569,-0.8036104468821842,1.7966986069451083,4.396299849786494,1.6690198761701698,2014-05-08
1651,1.0232319494899123,-0.4308174224805548,1.0615224093368476,-2.6423756501148388,0.028602706751419932,1.0602493337642893,4.504156401179424,1.7497032514852298,2014-05-09
1652,2.7840675490931375,1.1504141141960222,1.7706684450239836,-2.4615179066105255,-0.9116712078782097,0.3508407969711161,3.9331699658351944,0.8208812401617692,2014-05-12
1653,2.9906175463631217,0.5123400140411773,-0.44980726018513667,-2.483841133906194,-1.6648210392599547,-0.3857517713698561,3.982604985212784,0.4720200424682521,2014-05-13
1654,2.349600767031883,-0.5743961783859002,-1.477273796659815,-2.366100165863937,-2.1359547564027386,0.9966203014103914,3.4922655833212626,-0.2068416782821732,2014-05-14
1655,1.3050470250192647,-2.0474040092843215,-1.8970324887990182,-2.389107136900439,-1.4412532184910711,0.9974461236625743,3.6230605489393404,0.5712909391319645,2014-05-15
1656,1.8268238399646786,-1.1670135078348736,1.0832100186503943,-2.2098047968611887,-0.8567305279009231,1.1657927239057921,3.401150753256616,0.1920699426011086,2014-05-16
1657,2.340412228216292,-0.7435856688829323,2.0683051586357215,-2.164866093814607,-0.683104090030148,1.0253206202708782,3.20211621438513,0.238564738846412,2014-05-19
1658,1.7031022060385699,-2.2045060870209037,-0.36255741526270796,-2.1702594988342527,-0.8766758792830367,1.7841591283517388,2.852934571810244,-0.0814425363123486,2014-05-20
1659,2.500923521689052,-1.0954484703283056,1.044938425930528,-1.993913565466873,-0.9706314505979434,1.118611555311455,3.079572102838935,0.4671725285946785,2014-05-21
1660,2.72350662177573,-1.147385963275874,0.5131273442274581,-1.9728254515725838,-0.9998971587041824,0.7719024479672606,2.8229767093615563,0.3362356051764042,2014-05-22
1661,2.896194428741671,-0.6649776606692537,1.7119060277522944,-2.125127506901728,-0.6904700687524988,0.2241295642098866,2.979277953315603,0.05673256596634574,2014-05-23
1662,3.6825921052625734,-0.46253609619052233,0.9247955777534608,-2.0958937834479143,-0.7789439436828207,-1.2572168270950457,3.192891415162267,0.019424040114560615,2014-05-27
1663,3.015972253751828,-1.6258869087296512,-1.3722257265173785,-2.1822934420042697,-0.979207298466127,-1.0829342477390085,2.9773528498101247,-0.8639683998473116,2014-05-28
1664,3.4760877646118233,-0.8235055890184266,0.4881829352544814,-1.8975017873491846,-0.7904730821219889,-0.82394022968719,2.839127873227024,-0.7266192372914544,2014-05-29
1665,3.425307887405869,-1.0046323899499128,0.1947295141287303,-1.8606724496042832,-0.7741164003111113,-0.8082420106684355,2.733873496942621,-0.9168875591979596,2014-05-30
1666,3.4612214535600696,-1.6243810279164923,-0.43526621370115887,-1.547073701037001,-0.06078512228425695,-1.6185914606777883,2.79900860450798,-0.36632599814535083,2014-06-02
1667,3.4111865977476468,-1.525161534669528,0.19896477057615292,-1.3058769164624497,-0.1795331078791559,-1.0665362128311182,2.385896014241356,-0.30932576193928585,2014-06-03
1668,3.4981167225528957,-1.615498916534324,0.08763758368571546,-1.3412476035966645,0.10748199672782074,-1.3708906251571025,2.5124266673520137,-0.4253623904553957,2014-06-04
1669,4.625290141746394,-0.02087403942796137,1.5379105800361077,-1.3364543780824658,-0.3995852691705673,-1.0704059481271069,1.8828230984612335,-1.6399353959459926,2014-06-05
1670,5.054908124828193,0.5348178052909142,1.4150686230502514,-1.3978550781660422,-0.2945874888008116,-1.6497680175592002,2.3036237693197603,-1.1247255176871713,2014-06-06
1671,5.25990418436986,0.2239396618660168,-0.3619413578202052,-1.3071127513403544,-0.5230634310443988,-1.8142833410579913,2.3610525017792483,-0.9528391512114318,2014-06-09
1672,5.288840109744975,0.047628293188640064,-1.0209379451305007,-1.1639255643217774,-0.513786417282362,-1.5035200725277111,2.312811383968835,-0.75217561572755,2014-06-10
1673,4.67317355546271,-0.7352469352340695,-1.3214532247947899,-1.176041722957385,-0.11338803153851487,-0.7238280995358367,2.1870192096318943,-0.8286519464883061,2014-06-11
1674,4.423785818082294,-0.9906417561188225,-1.4806744350485022,-0.9923968569732904,-0.4329115583421209,0.9944696716780155,1.8992071538826831,-1.1124434609430374,2014-06-12
1675,5.2201624191079095,-0.013715040408299154,0.0621853665488755,-0.9397744247274908,-0.08888188937086147,0.07015112297698295,2.365041142353246,-0.6706901442241879,2014-06-13
1676,5.5729966661580495,-0.2008464117771067,-1.0392220826149667,-0.898495272029221,-0.7175606502301252,-0.1532492483858497,2.5226320998895178,-0.6620288872446686,2014-06-16
1677,5.748958097760106,-0.0413257609023798,0.12091664063285541,-0.723440539179858,-0.22915847140971982,-0.9614528699942837,2.7565432862034043,-0.16246408974621507,2014-06-17
1678,6.488467469149257,0.7873182302570727,0.4439712912289669,-0.7525000622905866,-1.0187834391450454,0.09672598158029827,2.5657472922050872,-1.1637741044669205,2014-06-18
1679,6.835145081433727,1.03850126257097,-0.10328255186492656,0.02985408552121441,-2.2476650652328054,1.2856027430920671,1.6856256391072846,-1.3182827530169314,2014-06-19
1680,6.95291871026804,0.5063500732051349,-0.6358126134062085,-0.06187885175658577,-1.8216020658562415,0.5997036021881952,2.2881440671494384,-0.7714459247556239,2014-06-20
1681,7.099258289486043,0.17344222533256518,-0.8221433943200918,0.18808969562672886,-1.7666537872690093,0.7794116381779128,2.2478643078745653,-0.24126042454435948,2014-06-23
1682,5.259829093163907,-2.169998872178631,-2.978406073755347,-0.09369926557027417,-1.2574126657644102,1.5220299713978391,1.982474114654041,-0.302567811038335,2014-06-24
1683,6.106597375500735,-0.5230425355501838,0.5005726040257835,-0.04084806610436661,-0.9028281111566981,2.076677685504351,1.9837073342237894,-0.46712877228243194,2014-06-25
1684,5.900742585429974,-1.2963753021724012,-1.2066011465710917,-0.11099088074739202,-1.082232221779098,1.9471262574802273,1.9712983922799094,-0.37720039411772627,2014-06-26
1685,6.141990738137152,-0.6929566630761967,0.5769272414020012,-0.06859524765910471,-0.8479263697973319,2.2368319185589796,1.9555250661564563,-0.31190725351534176,2014-06-27
1686,5.757463768866876,-1.2813225681311622,-0.9049628076274757,-0.08932671389159139,-1.5692932066983905,2.889562355684582,1.7291511519366418,-0.2896268122484954,2014-06-30
1687,6.440737263454409,-0.320212377082504,0.9077600790316821,-0.10851258425948826,-1.3587026260711106,2.18735611538216,2.104540118486208,0.17652247367747348,2014-07-01
1688,6.233363587925503,-0.9524677212140507,-0.4553551024809501,-0.10709223361076622,-1.4198637286423796,1.561268345641329,2.2222677498973726,0.41110692676000377,2014-07-02
1689,6.643871167522592,-0.3798957229348265,1.0797752144779178,-0.0533379158853324,-0.9710216749769951,0.8121103953457542,2.482668569010067,0.5333409578900606,2014-07-03
1690,5.349240503828346,-2.8270536349800404,-2.7103199773496915,-0.20889426328599445,-1.053908873463725,1.7430577758450148,2.125252521421792,0.13795366727755481,2014-07-07
1691,4.73267917289025,-3.1072472505947397,-1.4435721296208688,-0.18516268244447273,-0.5249869009065874,2.947221006554752,2.329874381739205,-0.08808579802001054,2014-07-08
1692,4.772998238897422,-2.5649212049945747,0.14149172884593203,-0.15967050183468554,-0.5072777662305138,3.0170266340285803,2.3761536395881637,-0.309613570965036,2014-07-09
1693,3.6575018961254884,-3.7008460617726735,-0.427983211362253,-0.23030361598470736,-0.2659422330240048,3.2877623915642826,2.6022698503495105,0.10273133762208209,2014-07-10
1694,4.320382484292844,-3.1203191051729955,0.11611302350317616,-0.2814197567424392,-0.024520483345997962,2.8168060243213926,2.615825961691369,-0.5027502003080416,2014-07-11
1695,5.534818544856445,-2.168562086424634,0.8601184843391867,-0.1460055528663868,0.5347081402570286,0.8785272204166951,3.213026338620215,0.2634451024285073,2014-07-14
1696,4.68809170707383,-3.3080352894773473,-0.2764449217236022,-0.18152959568271052,0.9117761815281121,0.5494108313773122,3.085098582204278,0.01850876620519354,2014-07-15
1697,4.9726018766616376,-2.2897763849786528,1.569327585574788,-0.06200418796785586,0.4153453352187425,1.102704710314449,3.046326308936226,-0.4258911967874337,2014-07-16
1698,1.9468640471685728,-5.771995780637815,-2.9661372500646888,-0.5231855057050734,-0.15014038194393345,3.54724268403788,2.103594045811573,-0.5206213840471375,2014-07-17
1699,3.2298252886739114,-2.699505993642054,3.394522177871874,-0.8446665438508116,0.9939072033137722,1.8630176079017806,3.2224421572847874,0.25564901380516186,2014-07-18
1700,2.556676120678632,-4.051933307158588,0.4729796860536515,-1.3486282742544298,0.29147743145202976,2.403762174234711,3.2148608427343324,0.1181543907985006,2014-07-21
1701,2.8595917264304846,-2.989841050015734,2.997842647658965,-1.620941699592647,0.8654810538906921,1.4861336467000064,3.8943204535845233,0.4566051787706124,2014-07-22
1702,3.0795853810513134,-3.2241380390544117,0.6730686367875705,-1.7933649645859078,-0.1740245954292127,1.477737444025655,3.7587607409194073,0.2197258549573749,2014-07-23
1703,3.281086389638766,-2.9812430183516954,1.2100841219232956,-1.8802804649497793,0.17899938229349507,0.28515363762827134,4.161596950738114,0.964711316135382,2014-07-24
1704,2.265281016020138,-4.38880625310432,-1.3117512342402589,-2.177009877503999,-0.3834930363865673,1.5019423297481267,3.6954121046513264,0.16962631252536825,2014-07-25
1705,2.3695391930604446,-3.5106369527859336,1.5331665186637093,-2.3216937391459043,0.16163731449867988,0.9107313032651584,4.1574204711066285,0.9664432983382866,2014-07-28
1706,1.5475040161707074,-4.694275500603236,-0.45233455614600043,-2.601183079680874,-0.03357565248072572,1.0489384247958804,4.089441038328903,0.5864140008078654,2014-07-29
1707,1.7087817758601638,-4.100873088179288,2.1679103930604215,-2.5427482621597406,1.024509516148307,-0.2091986096834953,4.372618176369421,1.5526680692245634,2014-07-30
1708,-1.0166661654170535,-7.7841983100199705,-2.8723199277320584,-2.6851421529329924,1.1744126426459167,0.46588899757294533,3.891808980722749,2.1265983521096117,2014-07-31
1709,-1.1348397426574053,-6.440949449342014,0.9067809066794833,-2.879015833721704,1.2906024587715659,1.8854881403575858,3.47446884619831,1.1852834318020822,2014-08-01
1710,0.049297626910655444,-4.116593908889582,4.013891971450981,-2.9221881948676547,1.3533950665482268,1.4462838698010103,3.782527154834848,1.5668162506541548,2014-08-04
1711,-0.9346696314771442,-5.6582553217139,1.456825851923085,-3.1104325546654725,1.7714028219614875,1.089913202326299,3.518861992217416,1.7559867948353345,2014-08-05
1712,-0.5909303820021444,-4.421147420837873,2.557947942721868,-3.1589754142387725,1.1191423591538934,1.679085224290206,2.9726284025700824,1.371411444064585,2014-08-06
1713,-1.185282222506598,-5.226308086943763,0.24997731380410454,-3.4256275377457404,0.9268717074746081,1.6067375151853827,3.155457062611359,1.6277844470818645,2014-08-07
1714,-0.007676874357481801,-2.869153144636804,3.782512923052022,-3.3491479582527006,1.0800098491086099,1.6242644863347122,3.0098499736216735,1.4461418651653788,2014-08-08
1715,0.231039449391065,-2.1960548809428717,3.79431539203648,-3.464884514013028,0.9542295389614922,0.9277629055871194,3.3832771637520422,1.9803993411784557,2014-08-11
1716,-0.22297593856808692,-3.1614330058038043,1.4614178063925045,-3.4822025432083015,1.0523224904937942,0.8346973522730631,3.144183547608578,2.426545283373055,2014-08-12
1717,0.3547239163074367,-2.50646581462321,0.7715047021397734,-3.6463061232952803,0.5821586701150682,0.7753698237392416,2.997139297989525,1.8958890608212084,2014-08-13
1718,0.3434416522928513,-2.327293891629326,0.8980472756368256,-3.782588912382104,0.8789221855504327,0.7145901468702627,2.6982071273075463,1.6284691890623928,2014-08-14
1719,0.6080119279326542,-2.022825327177019,0.2701845389515191,-3.8392257261747527,0.6512824003645288,0.6046610315033465,2.6744418131112115,1.4178960655225479,2014-08-15
1720,1.0907887958866958,-1.0220708378210919,2.1018994884878843,-3.654392368725431,1.3648586006554253,-0.3808406662297974,2.7693343418819114,2.2687007122277905,2014-08-18
1721,1.2338728181184033,-1.4241375968187266,0.2548694711026318,-3.6223701445231904,1.4945320815189518,-0.9246363361116394,2.4782651911627016,2.0080025502343566,2014-08-19
1722,1.0402069046996323,-1.457231824393085,0.2698838855631153,-3.630833361726522,1.730820407282599,-1.0870038231545274,2.4255520050950836,2.120963724487841,2014-08-20
1723,1.1240351071023753,-1.312698193220371,0.35224107106281405,-3.664825710353406,1.7365302199416683,-0.9270415265342603,2.2112613590908685,1.8560923699822733,2014-08-21
1724,0.6253514756543509,-1.8516478195450372,-0.6173263785815725,-3.7262925627170556,1.6689787245699657,-0.6830002249188368,2.017099489282319,1.6203728048271502,2014-08-22
1725,1.1255325220759032,-1.0252349081491894,0.767510635773194,-3.76729471299902,1.9800289283754304,-1.2216205565169147,1.9815124260234498,1.6593296741285877,2014-08-25
1726,1.5927067744033723,-0.5644739315794758,0.9086172266042736,-3.5778374155055315,1.8613283053452399,-0.9672030424761725,1.6715177655954387,1.7458746277985222,2014-08-26
1727,1.2009888007942775,-1.1646943096483682,-0.7277400891024095,-3.6204651779317336,1.3597176517245082,-0.425753754895187,1.3553285349076798,1.2792126083850388,2014-08-27
1728,0.9876588223974121,-1.2121981516119404,-0.639571784209693,-3.749996416222808,1.181222743012092,0.29985449954473736,1.2839552406022425,1.194842599058483,2014-08-28
1729,2.61930367675779,0.2979644550808432,0.09004027278164421,-3.854074598595847,0.40821146966185745,-0.9401450457835482,1.5821978471632838,0.7308564576625742,2014-08-29
1730,2.9077832297073503,-0.10729868547334073,-0.1862678050806469,-3.469030077911183,1.3346898895921455,-3.4308516474780673,1.8467355637945075,1.6835831863297794,2014-09-02
1731,2.5832276643943857,-0.7022721414883114,-0.03414757523240596,-3.2412397070035373,0.8200417328110925,-1.2569605656613865,1.3179556009359836,0.43006030082996766,2014-09-03
1732,2.7138662125729667,-1.5264413856150254,-1.1894652044465834,-2.8038565106914297,1.1167552214554135,-3.5958818034910798,1.685695560284482,1.2269498582360148,2014-09-04
1733,3.128836331921227,-1.1707322960067739,0.44844393731497334,-2.579409445659237,0.8803957964507302,-2.6827736362529024,1.0797142287654724,-0.1561402094139271,2014-09-05
1734,3.0822573595009857,-2.1422556639705572,-0.41289505237543056,-2.493801300259597,1.5403518076899565,-4.273925615098127,1.493187518622579,0.5390932730656859,2014-09-08
1735,2.040028378232468,-3.5734944688762242,-0.3965212666232379,-2.2078025186238306,1.720451328611773,-2.17549338572731,0.8085472526503955,-0.05457554164752515,2014-09-09
1736,2.6575436151961536,-3.164278450223552,1.1556240009109264,-2.0108320592737705,2.285967250454399,-3.0647410311425656,1.2094179088934112,0.524311474852221,2014-09-10
1737,3.3526934713320715,-2.9539804418090343,1.6452889692380621,-1.8270308624744258,2.179232223993617,-2.8560962234724228,0.9900213942549935,-0.10437543872647753,2014-09-11
1738,2.592822221842308,-4.433694281685227,0.7422395693290023,-1.5298479610858553,2.8600607874357022,-3.1865272282484094,1.2369023203516223,1.1000534064761918,2014-09-12
1739,2.2811732320256235,-5.056175487203392,0.4926670447110646,-1.3645145749233554,2.49819115902212,-1.759975305259374,0.8315112263434117,0.39184780930414537,2014-09-15
1740,3.363548376153231,-3.369669242223803,2.727245903100515,-1.2008466424348812,2.2231288821503083,-2.0807217929884048,1.157621258510202,0.7182613341371105,2014-09-16
1741,2.9963448039420437,-4.272487908967576,1.9282297219342222,-1.1937243838384937,2.878743154008106,-3.1285903880633628,1.5261150468262357,1.1386231413832095,2014-09-17
1742,3.346732247148604,-3.8820156335825704,2.6994053865421934,-1.1876886804749618,2.55053184971226,-2.4458183706385865,1.04967802164988,0.32164277190951057,2014-09-18
1743,2.5486638967060675,-5.46583823839784,-0.6108699700620855,-1.2747762951035646,2.228561022052807,-2.855425164572931,1.3654805736142583,0.36009627378309345,2014-09-19
1744,1.4237105161858963,-6.767439662216734,-0.8797034124263874,-1.2972758931513473,2.7287753381883504,-1.7933813953236704,0.9517151178847733,0.33087149987015435,2014-09-22
1745,1.0280428690044594,-6.700132180197066,0.3675572427389899,-1.132138557294522,2.7226870222579187,-0.6330656207987236,0.8173576598347126,0.2639063196751021,2014-09-23
1746,1.7544604058801785,-5.141272789950594,3.9345407531201344,-0.9738476432088037,3.4061312049711763,-1.8286189670271447,1.534479390374397,0.9822759729381356,2014-09-24
1747,-0.6565241082922767,-8.433231938729362,-1.5338643304637394,-1.195540697604407,2.878765066743002,-0.5902814640594433,1.2224258790928628,0.6465343627562268,2014-09-25
1748,0.4023243926033804,-5.758881725497361,3.974659810185559,-1.2491476513469235,3.6039427822627657,-1.6182105526869126,1.793539072525099,0.9175364886281843,2014-09-26
1749,-0.2239697658471492,-6.985438178278271,0.586628172722277,-1.4177163507283246,2.779238590317863,-1.2584050228333332,1.641126401382078,0.651299633239377,2014-09-29
1750,-0.7651514618724463,-6.816000360759099,2.802648976817894,-1.424406559092724,3.8085026443375534,-2.085815877891239,2.1063269669315487,1.125264003665602,2014-09-30
1751,-2.0873009229873127,-8.098049927945354,0.1356171904130244,-1.7070150739085321,2.530541525363388,-0.33001414777203447,1.8384206686281872,-0.17771899296500543,2014-10-01
1752,-1.2841355295628236,-6.159676015005587,4.170649522876818,-1.497345905728319,3.0130342061430504,-0.6501498984330787,2.119806176372172,0.5141554633990204,2014-10-02
1753,-0.892496887658621,-6.100806346936199,2.749080424040457,-1.6372557813864241,3.1681225155975956,-3.1703176230668526,3.005171598942329,0.5908253192749798,2014-10-03
1754,-0.8811202509942321,-5.4359844310121455,4.077967064280294,-1.1099169202332153,2.061222925421929,0.29118511485763315,1.6410042278018628,-0.568421295428698,2014-10-06
1755,-2.724334554766765,-8.112637814159237,-1.5918956227746648,-1.383587578537785,1.1993710068887022,0.1973706474035113,1.8873415697127274,-0.28876064300726006,2014-10-07
1756,-0.8173954896513399,-4.19500877188516,4.765634705801043,-1.3346158986915804,1.2360631597699991,0.16385992265642765,1.7468068377320631,-0.9598417447416367,2014-10-08
1757,-3.6324712941509034,-8.520416482432498,-2.4694034835693293,-1.3750880440019573,1.34713121326191,-0.15006447381332783,1.649276499599798,0.6314396009333129,2014-10-09
1758,-4.598219589134421,-7.97167521413194,1.165810396329562,-1.7365211597416679,2.3348905613347624,0.6793276423599443,1.598556912959301,0.3170709740007201,2014-10-10
1759,-5.630788524141039,-9.042564940656831,-1.4002517651526312,-1.9261005366332362,1.3726544780569139,2.0874718117723883,0.9124646464887461,-0.049054001153856996,2014-10-13
1760,-5.323859866059237,-6.961043245518604,3.9004953812299856,-2.254901327817623,2.6077163142006947,1.2721037237986017,1.126013281623621,-0.6441764335774005,2014-10-14
1761,-5.351707761194629,-7.090037464869027,3.1297248507131883,-2.1136088757012446,2.062412125679817,2.792925428152179,0.7930224080495967,-0.6867962505482241,2014-10-15
1762,-4.641469985635728,-5.3451312959948325,6.027778607380187,-2.019727712775661,2.086361960807042,2.4637037473218033,1.2839994078241885,0.3556243559699916,2014-10-16
1763,-3.9645754093408776,-5.190489863524544,3.6016379133888985,-2.0563617654616637,1.500581407771628,1.30761565329689,1.5376690074845933,0.6446846792699865,2014-10-17
1764,-3.0530425134816737,-3.1777638133336588,6.28959835967952,-2.1497390330705635,1.0623721455478234,1.7882288853368624,1.3392943942483937,0.021196807792644268,2014-10-20
1765,-1.6379745914454913,-1.523853161379784,6.280312483043025,-2.068341145714063,0.57176840228094,0.05681699060699944,1.691935450700619,0.6567320951559075,2014-10-21
1766,-3.3000493135707245,-4.895677120446226,-0.9059072806610544,-2.2649100917016347,0.1765675929234035,-0.729913705254508,1.5648284822397935,0.9772946901942048,2014-10-22
1767,-1.8708927048035047,-2.315160076876597,3.6133084417231967,-2.1209140283191625,0.6859084537013358,-0.7389601076438767,1.556602565464698,1.015723904675561,2014-10-23
1768,-1.6261290881901316,-2.6040377482047568,0.9572506989344995,-2.275396863893372,0.007208141470432,-1.2833807677311757,1.3861968774525577,0.7785443129311981,2014-10-24
1769,-2.0521184236855428,-3.019729759716509,1.030185723284905,-2.3268031742547186,0.43543104164878343,-0.6484812468702316,1.0610666570012557,0.2605546347416929,2014-10-27
1770,-0.7113327454822087,-0.8985469743207154,2.9835347427687577,-2.2295296009370165,0.03246698652282651,-1.1380157992795152,1.1918096419201798,0.4268216349010609,2014-10-28
1771,-0.7777673461179455,-1.9979582139061804,-0.47004925530921154,-2.37476466415377,0.3156874976154459,-2.458627992809819,1.8672999427438308,1.184653692386096,2014-10-29
1772,-0.3590698881725726,-1.5885607113475677,0.1101965218454339,-2.464169552866355,0.6576092142917115,-3.1097256655978693,1.6492125820970926,0.6775739071642303,2014-10-30
1773,0.06830451499598213,-0.4903329166127797,2.400024507336672,-2.587365873193368,1.39267033225697,-4.696617240238657,2.205425193228288,1.242531414907403,2014-10-31
1774,-0.571861745505526,-2.044575409683322,-0.952215990315073,-2.746651928205599,1.250016248640019,-4.157551883918581,1.5203148304998522,0.46708626329151465,2014-11-03
1775,-1.0274525881106977,-2.311685555004765,-0.6501907340482078,-3.023887041886766,1.3670419514390872,-3.678451587948244,1.1309527035538771,-0.10091557262404832,2014-11-04
1776,0.11882319445145563,-0.7790612372731859,1.6867737475500373,-2.976876459880135,1.8287199344840277,-5.3078389523759535,1.8169381634331383,0.7206604063398938,2014-11-05
1777,-0.11764277874785765,-1.1597103563144975,0.9607164845514619,-3.009440196440695,1.9492844235469615,-5.526577478909411,1.6327159933602529,0.6035869582388029,2014-11-06
1778,0.35655712650285387,0.11877119560184854,1.7503303372684174,-2.9015046078825635,-0.025456300539184712,-3.0302093154341923,0.5254864595530794,-1.6519648039976083,2014-11-07
1779,1.0223046957133295,-0.13959091371568347,0.3441011032075288,-2.8312234353962062,0.4996325831807221,-6.380832271175871,1.588962281780458,0.24537119523511303,2014-11-10
1780,1.5136866529789583,0.1432098883880806,-0.17930260531731418,-2.6187824710498435,-0.873473244105301,-4.64126749925753,0.40848762091192226,-1.6348478407698355,2014-11-11
1781,1.4084068267327716,-0.33450332693313717,-0.0033098129985608604,-2.5659611580051176,-0.012062701682814564,-6.0319377763435895,1.1757957729685053,-0.17558403866081634,2014-11-12
1782,1.0371013997166405,-1.128664592673947,-0.9356966925378715,-2.680821033947232,-0.0037674032644949003,-5.787901612088313,0.3354563305496279,-1.288373606222748,2014-11-13
1783,0.9631562272137526,-0.3954684944315838,0.4472587754108931,-2.5602240620497114,-0.8553889059489849,-3.880193793382202,-0.2213650631755018,-2.130821047755624,2014-11-14
1784,0.3255406896889558,-1.3866339655217945,-0.430235710007764,-2.630723754967177,-0.08081783795841838,-4.789167987008637,0.3453683712924218,-0.8430719139910328,2014-11-17
1785,0.2928169644453954,-0.8800374921553062,1.2082484548778896,-2.56073178347419,-0.04713163904570375,-3.8772805195317126,0.016175779978885526,-1.1907511260440071,2014-11-18
1786,-0.01043951107090111,-1.7903235471276184,0.40976373548135847,-2.3784496540735094,0.3971988239970129,-4.234974816994817,0.4183952815878269,-0.19307663919296542,2014-11-19
1787,1.1790082722242707,-0.4218149347211769,1.9805027523413647,-2.1046684894203223,-0.5730726723242888,-3.4511374908295767,-0.016239412298471926,-1.5081092788498935,2014-11-20
1788,1.423118813656709,-0.6032214357272808,1.625599152267077,-2.0267316721008317,-0.6358285531075659,-4.027654554423068,0.3964170933398715,-1.2447999784052863,2014-11-21
1789,1.64167236728353,-0.8815349582965877,1.808938369662442,-1.783245852011692,-0.6376737938806673,-3.9064251191080737,0.08186343234044136,-1.5275239431032477,2014-11-24
1790,1.450794271641725,-1.927020926227403,-0.4831369665376021,-1.707265618066068,-1.1023442265204806,-4.264352282505653,0.10412505882664397,-1.5867130088705133,2014-11-25
1791,1.7791671940279954,-2.081512273287027,0.9906937882487572,-1.469516279148084,-0.8439932003341043,-3.425188649404536,-0.4259799566714813,-2.272361845218351,2014-11-26
1792,-0.5091804675828565,-5.957029923396026,-4.2081367602753135,-1.271740967636559,0.27381608214437836,-6.285297344497007,-0.24942921392620265,-1.4256021889330523,2014-11-28
1793,-0.7061792846156771,-4.520273970109407,1.056886311404329,-0.3488317986526837,-0.655016554687363,-0.6403774307758433,-2.415917883644681,-3.5598896402284104,2014-12-01
1794,0.16220858665303264,-3.6256171690771124,2.7178696395969015,-0.3077499827337529,0.722698013515558,-4.179668180949259,-0.8567648477960979,-1.2230462354289968,2014-12-02
1795,0.7207995468611007,-2.962982149660179,3.624247765187344,-0.18384002597728885,0.009264084054233596,-2.2637765952920597,-1.8084390136931343,-3.2694526206393757,2014-12-03
1796,0.5406626421972383,-3.942704041955167,0.9384258315942544,-0.23037723021817,-0.4338089428018102,-3.1018835183727145,-1.3086012710210244,-2.4962215445658504,2014-12-04
1797,0.8213380948235364,-4.02216608272998,1.3025523688259595,-0.08162452963098962,0.2466194488187062,-4.275278395135877,-1.0183266781126785,-1.9996292443820018,2014-12-05
1798,-1.0319350520425143,-6.884381241939579,-2.5052878774961727,-0.18844311054546944,0.003598836587926119,-2.3098952240581356,-2.229290242734,-3.153335455564853,2014-12-08
1799,-0.1976946635174178,-4.3442146789760105,4.23558513523486,-0.008394054607217616,0.24755635599286094,-0.02839492608566468,-2.922635819606676,-4.245819019870631,2014-12-09
1800,-2.8127881687447243,-8.332156796517637,-2.2455548586611283,-0.25989861978757456,0.3065615989460625,-0.16617347308335623,-2.493522478086822,-2.754921251684457,2014-12-10
1801,-2.56395496060308,-7.00133674883453,2.030647391176221,-0.4210138461371114,1.4578299583825811,-0.2906316297721812,-2.442144754449336,-3.161209419628814,2014-12-11
1802,-4.101260351692981,-8.954017565912224,-1.5703962864064287,-0.47764541608252065,0.9990753763942336,0.0726199305404916,-2.3629244992736362,-3.060982995408952,2014-12-12
1803,-4.192636711496946,-7.806995380532504,2.7482397562288963,-0.4200780533538848,2.5115955939024373,-1.2665693057220748,-1.5956448955849711,-2.4893569305032264,2014-12-15
1804,-4.687750616672476,-8.218993163994416,1.5520584602279397,-0.4228158993283041,1.3221345092499017,1.6846354434177848,-2.8070540961746016,-4.217524779931578,2014-12-16
1805,-2.1815617671589247,-2.978385586095151,9.900829456398508,-0.4042659155476837,2.523310366579716,-1.7738994183999375,-1.2241543567258764,-2.4978973190382634,2014-12-17
1806,-1.4721838899633035,-3.053438691222775,5.753224818430972,-0.1745651066018908,1.3202462863201037,-2.5636053409956645,-1.66726585488863,-2.554494786584384,2014-12-18
1807,-0.847262797581502,-1.94484849411675,5.727529152937498,-0.3429454543030036,0.4179527050538587,-2.1006826820288675,-1.2476780575600654,-2.6805263205196823,2014-12-19
1808,-1.4175814620123173,-3.966751110286096,-0.08868924368254665,-0.5195304663171564,0.07133434869581942,-4.212585710028813,-0.738173438835722,-2.155997864637894,2014-12-22
1809,-0.6930007577899836,-2.169084708142054,3.422418767992696,-0.17051059163067364,0.27086119219676796,-3.667072558684346,-0.8562758629155194,-1.5427177575970326,2014-12-23
1810,-0.9615058830225838,-2.9141588392675173,1.1151814224691643,-0.3476745679375113,-0.014013302917095155,-3.418984079056309,-1.0280797168226679,-2.2955235154079032,2014-12-24
1811,-1.1712987398476624,-2.586294648412815,1.9399792042175927,-0.41896774535543163,-0.23442691710423283,-2.6124635305800394,-1.2999547720886562,-2.6892989788448247,2014-12-26
1812,-1.551266692501846,-3.678501838541453,-1.2195503389475535,-0.6751925119670897,-0.33047471792178784,-3.72074143695045,-0.8430605438588833,-2.2720339660520192,2014-12-29
1813,-1.5226585953725214,-3.4212898414294846,-0.6897475693081156,-0.8446695955058701,-0.8992735254009999,-1.9255061488565692,-1.3135438232263117,-2.7233421691202073,2014-12-30
1814,-1.986407426689272,-4.4658046897176185,-1.535968052539579,-1.3285736692234564,0.14730158681173608,-3.223260363382762,-0.6088084750459495,-1.2275213758782428,2014-12-31
1815,-2.3294506050594577,-3.703729121621649,1.0692466039056638,-1.6493086416768086,0.45270562890450605,-2.7269015888304686,-0.6540856627099405,-2.4437703736556458,2015-01-02
1816,-4.797752255587723,-6.678502469002799,-3.411086186512274,-1.885756458831265,0.03163723992785225,-1.8085060435007319,-1.2185547194351891,-2.8077778557290314,2015-01-05
1817,-5.677690699050785,-6.278673235638631,-0.6622871712283315,-2.1947019793697398,0.48792498432108544,-0.9506303918133656,-1.445071772913768,-3.5086404222251835,2015-01-06
1818,-4.174953061192152,-3.44396326104959,4.238649767004217,-2.3088370505219706,0.9864987026731592,-1.9708879312873973,-1.0090776341033556,-2.524421647182589,2015-01-07
1819,-2.7191409515760236,-1.128176340344944,6.990514896912588,-2.2481779046874864,1.1149870966249447,-2.82770095519483,-0.6474607155251674,-2.310701691947106,2015-01-08
1820,-3.4891892928045287,-2.904804977253268,1.5276100244120685,-2.4699393155258424,-0.15546979550920917,-1.681188556435744,-1.11668796686947,-3.0309186543545303,2015-01-09
1821,-4.159702762831527,-4.144467149908937,-1.5941433785554673,-2.7064703137669985,-0.5887497232966795,-2.0370035560573454,-1.3612256578549515,-2.99692972325026,2015-01-12
1822,-3.7857058455176507,-3.3337843616550784,-0.051954910485408116,-2.79132208314173,-0.3090457598402706,-2.2578772615343183,-1.067479745031553,-2.3594220093298137,2015-01-13
1823,-3.519459855429518,-2.2061695647204544,2.7504240925362566,-2.875823509887,-0.2961657364898548,-1.4056831073826266,-0.8709217162132951,-2.365027185093446,2015-01-14
1824,-4.927160899254236,-3.7866001829496305,-0.04884740201888443,-3.188217662691826,-0.8749489134159003,-0.7785424724025771,-1.3524861492158378,-3.2532024712750873,2015-01-15
1825,-3.0937406433874086,-0.5779106399410516,4.37761838231849,-3.061503733556811,-1.0965751041589669,-1.3947806563004699,-1.1480831874062216,-2.596895493172214,2015-01-16
1826,-4.592603070911877,-3.040061132759824,-0.7812766823739209,-4.002150680462399,-0.9524327992467602,-2.0418880578534977,-1.072910025358706,-3.50116277619191,2015-01-20
1827,-3.781958787953423,-0.7013915004594263,4.864532870885519,-3.2859545454505086,-0.8345869010345468,-0.7734954588324676,-0.7643140075215381,-1.932024381010034,2015-01-21
1828,-3.627289173290804,-0.7309331932984311,3.0198392668948135,-3.442192139874793,-0.9533814597975033,-3.1454071540177617,-0.2935187143227294,-1.445129654992137,2015-01-22
1829,-4.412023387946267,-2.1026539854149418,-0.0033608741599433977,-3.5983899092055416,-1.0377583095214757,-2.8632026451606514,-0.41295401305031626,-2.1822137690379866,2015-01-23
1830,-3.8705621698114596,-0.6971792549351454,2.2907456441988416,-3.7137100890257106,-1.0457481914582927,-2.9000589982425273,-0.20689174028461943,-2.2043159201268443,2015-01-26
1831,-4.608267990949766,-1.4325756922058261,0.5512508557378354,-3.392668734984635,-2.320572131700267,-0.2215067366123044,-1.202665532526901,-2.8591044005189863,2015-01-27
1832,-6.765807213817299,-4.5412252805912106,-4.031390177279974,-3.758786226403172,-1.3758317071141222,-1.706937074107071,-0.566590846391345,-2.2491891670062656,2015-01-28
1833,-5.478120222481894,-1.1788281879939655,3.2566233213309825,-3.6573934794513887,-0.4223456818614425,-2.5227155106202703,-0.05285286889115215,-1.6584557851213,2015-01-29
1834,-6.420227425250536,-2.4955242949086496,-0.20098185222084003,-3.5460259947447965,-2.0388542632787283,0.15318945853335802,-0.7895071043620167,-3.0463824294517168,2015-01-30
1835,-4.698034165596463,0.7579182038028136,5.245263747765451,-3.3569822860976672,-1.7309946161703451,-0.5450229440559846,-0.23454061573808974,-2.5360564001842856,2015-02-02
1836,-3.2568241158472326,2.677577475204755,5.6019095396714285,-2.7222547771295225,-2.8968131389639766,-0.7683287801445974,-0.2230538475682778,-1.3534725163771189,2015-02-03
1837,-4.606791295242255,-0.49736679820103075,-1.778185564497019,-2.9331201011280332,-3.039152034920674,-2.988999564691575,0.31328622853318505,-0.8462337324200175,2015-02-04
1838,-2.6365532966624747,2.916716769345392,3.214627230060467,-2.5464987701850346,-3.6175277702605024,-2.0808556725662624,0.09044527958401191,-0.9953280403860447,2015-02-05
1839,-3.0316006252218926,1.705755017091895,0.8848656135954005,-2.3145064413414027,-2.6337314846611437,-4.6321519718975015,1.1650573009791172,1.0787727963702622,2015-02-06
1840,-3.7821590706644064,0.7308905765270995,0.16695668527184698,-2.2115633960739003,-2.920665978572493,-1.822623415787203,0.013747850599870489,-0.8415922153450222,2015-02-09
1841,-3.2699545057990207,1.348716006105792,0.9503479827181882,-2.293199410426126,-2.214038187576662,-4.4530132939867935,0.9278787475322696,0.5809819561848322,2015-02-10
1842,-3.453918914772069,0.5186947406723412,-1.2370399820693303,-2.3274811337807026,-2.551973410457588,-4.456367212261163,0.7623739339630111,-0.42084349653218606,2015-02-11
1843,-2.2152625867251112,2.6411094565114235,1.9166819778166029,-2.029375837675863,-3.068062868887446,-3.1657907155702008,0.4561512789047115,-1.0440517082519825,2015-02-12
1844,-1.528524935028006,3.553370053698936,2.6587430689818814,-1.7460780098462754,-3.3289076410146974,-3.2374748704049088,0.5017133230919738,-0.6099491844452399,2015-02-13
1845,-1.0801744035876024,2.6165514964062644,-0.3385460997260979,-1.533691482321663,-3.071544448604625,-4.8553881815969016,1.0460149989858247,0.6098312124972958,2015-02-17
1846,-1.724599817136568,1.655906886153291,-1.5811182215796817,-1.6801503252241812,-3.1153173798200897,-4.283332084075124,0.8141930800873233,-0.3783195151742378,2015-02-18
1847,-1.5005828021178094,1.7641650728096945,-0.5232443932404264,-1.4879272567186246,-2.3840065146045983,-4.944496566232167,1.2849553875134945,0.47802805574991925,2015-02-19
1848,-1.470642406017089,1.861829894085369,0.030909856949499943,-1.524548781259791,-2.2694049535077454,-4.652027695408013,1.0920306077373172,-0.5243765719591299,2015-02-20
1849,-2.0676503748585144,1.1533182662172994,-0.4751929898330694,-1.6893244414719746,-1.9961358022226408,-4.039957506846684,1.0503017057031232,-0.923018770711197,2015-02-23
1850,-1.8073645316657867,1.4961254966837683,-0.4728768055982294,-1.7748942148120006,-2.362459470558955,-3.9164556024666597,1.1437927778256174,-1.2437534469728666,2015-02-24
1851,-1.6715113814267657,1.791394685170185,0.11546797859692164,-1.6587378858168476,-2.640051270190463,-2.8420845417904275,0.9491965489262018,-1.247262720359428,2015-02-25
1852,-1.8409518916052925,1.2994880172993266,-0.4470906297149325,-1.5459699682194705,-1.7538465454543462,-4.982204098701424,1.2432214121141822,-0.5028336220296603,2015-02-26
1853,-1.2792385771637156,1.7794398462424748,-0.3769607794294016,-1.5344594969550418,-2.5186554889409214,-4.4052468481544,1.0802610168052107,-1.4180891530447295,2015-02-27
1854,-0.7127310792762843,2.254391813098678,1.1985945807362575,-1.1902851584155416,-1.8755835054937828,-4.914170408295719,1.1602781775783153,-0.4150387675228936,2015-03-02
1855,-0.1847188806768799,1.7675359824257364,-0.6258264107399155,-1.1473717849830785,-2.0831555443549576,-4.544284555648179,0.6492882619409094,-1.03163051153473,2015-03-03
1856,-0.35796113340345836,1.3723118107821872,0.037980821181960646,-1.180947772359235,-1.1224021399659319,-4.538346029071022,0.9440159522067054,-0.4470178898125637,2015-03-04
1857,-0.5621444004479653,0.4202509757103702,-0.46957382956876675,-1.337373334367241,-0.5567739702802419,-4.684128446788322,0.9580985455937324,-0.5162603036027623,2015-03-05
1858,-1.3035333608505113,-1.4752498516771992,-1.8902418484574695,-0.6954548953839916,1.1268024715022247,-6.796069852067737,1.6456134174467676,1.701945968946496,2015-03-06
1859,-1.0695251251377849,-1.1372690801384147,0.8016305782804328,-0.5700733136862577,1.2127996054754397,-4.193875222550399,0.42820742099976405,-0.6578806964338371,2015-03-09
1860,-2.795171879542411,-3.767324036842436,-2.6278065187040727,-0.6394442421547857,1.7806732253922228,-4.343196658327888,0.9122712008397071,0.09003641179020044,2015-03-10
1861,-1.9650682181162493,-2.3461296220002805,0.7846598067960305,-0.4555025326391174,2.636470552303702,-4.555075884622997,0.9293904596302867,-0.7506020399688956,2015-03-11
1862,-1.089317465494301,-1.2405130556107762,2.5559120339288737,-0.14965616658111858,2.5952453398546367,-4.261464325041988,0.6694548223490795,-0.752959188583642,2015-03-12
1863,-1.4929811077869555,-2.596647935643449,0.3869479082853127,0.1851899465267398,3.195910735859478,-4.7639296256438755,0.6941811069989686,-0.3611172120447666,2015-03-13
1864,-0.9769772787370785,-1.9266854348394427,1.6898008158946012,0.3095138553625085,2.8500505942046326,-3.340834098957561,0.04746400488322877,-1.4426428269298281,2015-03-16
1865,-1.1510477452639793,-3.1313162592198176,0.11269353579298504,0.32334364268888066,3.28709321914586,-3.6227207683198235,0.18617522356361516,-1.0979259024695773,2015-03-17
1866,0.48466841534448646,0.4526348841198692,4.376359196822666,1.1380357670093437,1.1365484129447356,0.2579654533762937,-1.0789206732566934,-2.8243171916993592,2015-03-18
1867,-0.44836807762753894,-2.245024093182896,-0.6269637439361091,1.4230378873223197,2.480927087899657,-3.731558709065199,0.2948599384569711,0.35552734296203453,2015-03-19
1868,0.6302601958308638,0.43787573092970083,3.44582033502068,1.811248307772886,1.1571364380453328,-0.4227192588646366,-1.1726762560075894,-1.7016251404418923,2015-03-20
1869,0.022447190034184293,-1.120209807602183,-0.8717740299722465,2.108445235050974,0.4104648647584914,-0.46775815770216694,-0.7951361008797581,0.17421253659193708,2015-03-23
1870,-0.29556630437209186,-1.0759839483549394,0.5797879840103991,2.0750580159629477,1.1660297794813346,-0.056075124022713745,-0.9306803533252016,-0.3737060885881837,2015-03-24
1871,-1.0079675460126307,-2.576694562841996,-1.873514934784917,2.539501088788312,0.8675189328001275,0.6262829918000534,-0.7685813286590549,1.5651907948278765,2015-03-25
1872,-0.510451043291635,-1.4327063811351624,1.7415427435415167,2.8522346766538207,1.6407085735815001,0.770098659513297,-0.7661471708460638,2.0906132847293044,2015-03-26
1873,-1.0973999682563527,-2.719041464493347,-1.1356348937049363,2.6742514256032837,1.6843765292395712,-0.5400582525507118,-0.3338211298045725,1.9806263104925637,2015-03-27
1874,0.2617648432970435,-0.43154899236353644,3.7119353456468964,2.8857872356827627,2.451831893749345,-1.0908795919965457,-0.256191784863868,1.9379701669771285,2015-03-30
1875,-0.8408803591035694,-3.030254515461828,-1.9322243539695871,2.835081605489478,1.7828280737870597,-0.9733192367907132,-0.3592679332802978,2.211355006578645,2015-03-31
1876,-0.40460629452416497,-1.5569565561334449,1.0923591312633005,2.9164197994733376,1.3209063441034776,0.9815758144755089,-0.9421981405781756,1.014276812499321,2015-04-01
1877,0.3236415340867702,-1.0190132185998193,1.129323163128867,3.2620947199163823,1.237234002507091,0.5645608446392715,-0.9177873300081449,1.8968518738416145,2015-04-02
1878,1.166121792518486,0.48976769586449903,3.5474422703600643,3.6245332033955715,0.8308748689861072,2.0644037330323366,-1.318614940623831,1.809477883884421,2015-04-06
1879,1.4080225260022763,-0.6248468453935042,-0.5295984569193186,3.2234045679117975,0.6839735535273885,0.22982251323318137,-0.05504406314779306,2.809818121278213,2015-04-07
1880,1.5621837743526645,-0.6499944270203768,-0.2959816112807336,3.3478530815362784,1.0623658697550242,-0.3931284804190487,-0.21228036918047266,2.401666408724366,2015-04-08
1881,2.254593928359888,-0.3288063841818131,-0.503223448179318,3.6067059445975866,0.8765967648760228,-1.9900712817221042,0.15921924576645227,2.922743924984444,2015-04-09
1882,2.44982319179712,0.42962348607880757,1.5412616583124623,3.7160820037933675,0.18809859888751887,-0.15880948122930355,-0.564577882163394,1.557872482273269,2015-04-10
1883,1.8996319427526698,-1.2930793996647394,-0.8720039678700763,3.6801247604569847,0.7695261667571998,-0.7253434529597615,-0.3358823220766086,2.5563751065457767,2015-04-13
1884,2.788843683796986,-0.3441802241769409,0.2219048943772261,3.8442454742480288,0.1275827173409216,0.30371237145566715,-0.5272113670883327,1.6508660570862999,2015-04-14
1885,3.685096441810365,0.8702239190864924,1.482123158208514,4.061086899785915,-0.253919513922496,0.7152141044688635,-0.31897158366782236,2.2079939961965023,2015-04-15
1886,3.895405663765399,0.5435111165723661,0.6260582318356209,4.243919596472688,-0.34208559544358386,0.836169945156073,-0.50935931743399,2.3097930368540522,2015-04-16
1887,2.5887854857913477,-1.9177105671120211,-2.821763045412749,3.8418292359125537,-0.19058720201534166,1.5819204705160712,-0.4158264881917665,2.3722529337729745,2015-04-17
1888,3.509788373642536,-0.39078362240613956,0.2356176969850017,3.5202548827715656,0.3406722074992652,-0.15088970596460105,0.48089028900051783,3.159051553502392,2015-04-20
1889,2.9130194075295535,-1.5312252396959354,-0.8424754851503712,3.3388291300913178,0.4089098609690095,0.20772701145405897,0.2889731135418824,2.7636958263883926,2015-04-21
1890,3.5364110900141634,-0.4023466551991031,2.506229184864674,3.3278490304845505,1.1404363764239067,-0.9028490497657294,0.6952759586701952,3.108685738123598,2015-04-22
1891,3.5083129910096793,-0.724838916638276,0.4899716802719883,3.2677305939421224,-0.6485197532540086,0.49993676464359904,0.07571030902940484,1.9154860575451291,2015-04-23
1892,3.924029176439843,-0.837626636562074,-0.6629523887051667,3.0034989000820413,-0.6679639041204489,-1.202147675847404,0.7429736961916585,2.0369795698535027,2015-04-24
1893,3.2004630395541507,-1.4663770937336273,-1.269213793660835,2.910297310650426,-1.4971447919470329,0.6252628493405019,-0.16388225982133178,0.8601010303361751,2015-04-27
1894,4.311009801255798,0.18455209531948305,1.9696181561482171,3.1415688539057585,-1.1549907043729177,0.2992840180118344,0.1204997764689088,1.7478734830461393,2015-04-28
1895,4.285569562915939,-0.9177169656738862,-0.22308991096839254,3.463835698471431,-1.397373571089785,1.5238823844804776,-0.12863665377318823,2.0094414665251414,2015-04-29
1896,3.5225829494811873,-1.8430747251635755,-0.8386645147973391,3.3419163185213936,-1.2894351987421313,1.2170719601490771,0.5114939788805748,2.6181171431779124,2015-04-30
1897,4.796341859560031,-0.523816763441787,1.2135891483810197,3.4124133894170936,-0.6410389753327431,-0.6056606561063694,0.8985574439492533,2.717919372411282,2015-05-01
1898,4.447418608568481,-1.1446057399250202,0.2538384029215975,3.342293435075407,-0.882711612166868,-0.5525545842996228,0.6578387467045015,2.3996111564836866,2015-05-04
1899,3.050350420284326,-2.7057093079588785,-0.5099762112671787,3.0219711611166664,-0.9537104523014819,0.9904306178944698,0.3987422626390147,1.9821620061754053,2015-05-05
1900,3.4177458698348704,-2.342863057340824,0.5697288142404625,3.2313652413571927,-0.9628218768270742,1.4129939777733171,0.32585580672123127,2.8632778209465015,2015-05-06
1901,2.5641327260825637,-3.3016210387413283,-0.7362779184135673,2.6857589770721546,-0.5278092995646358,-0.07556652517199103,1.0513093976246635,2.7156561815276543,2015-05-07
1902,3.893008278639832,-0.5393462310143897,3.747024221948819,2.4353711674353464,-0.7378783256775346,0.6946822493645702,0.9327496168230337,1.9065699277040347,2015-05-08
1903,3.121112872239279,-2.492508774079333,0.4017955335507422,2.7573677057082677,-0.25906420812102227,-0.3179400643515315,0.8606282208261878,3.5144661197122007,2015-05-11
1904,3.013776992421926,-2.094823183883576,0.6412485344267,2.738397615933882,-1.382659998364636,1.8494855746532846,0.07978250843882417,1.9862375489545072,2015-05-12
1905,2.916690812130015,-2.084854032811,0.2056165915897454,2.877318830685574,-1.850687981673535,2.3381694378454156,-0.2000950944630856,2.580730951610787,2015-05-13
1906,3.3232955248904092,-0.9858861862275485,3.0357522228035725,2.4668880070593677,-1.1422827163100104,1.9180036521725143,0.21939281305971392,2.544382647944789,2015-05-14
1907,2.614517014490922,-1.9660470807545967,0.21826489777275832,2.0867588277573463,-1.8860240107754613,1.8547592258412242,0.48865469921279125,2.2850045606730047,2015-05-15
1908,3.3434069962276025,-1.4177149986096544,1.3845949843711074,2.3285269324223927,-1.229672907970315,-0.05071681731519707,0.778805114066332,3.4577996453518787,2015-05-18
1909,2.46376196364094,-3.3951690167488153,-1.680415880756375,2.405157641175789,-0.5411247824532621,-1.8023988888801856,1.056669136062451,3.9563100522905046,2015-05-19
1910,2.777910957684743,-2.2881397306383633,1.342788885433845,2.71653521908303,-0.8395182176765307,-0.1778549729636128,0.38546272432652995,2.899356016684597,2015-05-20
1911,2.933535772075878,-2.105056703872083,1.412535609746314,2.4426130414857536,-1.1252347065315969,0.5262994633390033,0.6350662493587625,2.2517615486098173,2015-05-21
1912,2.530618749866806,-3.0249595104350444,0.43648402592564434,2.446580110235413,-0.3972520225402141,-0.5998305097641369,0.9650234158625646,2.867188273453448,2015-05-22
1913,0.5409591876082122,-5.554124718556615,-3.0147700721910202,2.2437287378049087,0.25646791914434375,-1.3264716031775214,1.2271890969923827,3.111981705311529,2015-05-26
1914,1.6467042131449217,-3.036466001717514,2.1841132245346166,2.2262217687095545,0.7715310109024067,-1.1458052579461777,0.9425931366556323,2.2624975468907484,2015-05-27
1915,1.5095507202624059,-3.4412841136770034,1.1669410230703356,2.259418381046766,0.5194784504419312,-0.060238716848726774,0.566112472861404,1.7296222850766554,2015-05-28
1916,1.5316365170044377,-2.9879840940659315,2.4858662553892885,2.2576413354891898,0.6190059477923838,0.994903535830363,0.45427295853640237,1.4272204675096611,2015-05-29
1917,1.7540467036806136,-3.079374425482988,0.9489736621375491,2.1886505701594254,0.702188363719946,-0.9851160668565077,1.136762543618883,2.8071862179316573,2015-06-01
1918,2.0661122843064543,-2.401434178962671,1.9598252109550414,2.8013063962384495,0.16154981512924055,1.2470375611434812,0.27263995073691083,2.4798415257256528,2015-06-02
1919,2.266444858645663,-2.384302385721299,1.9602414884172705,3.0824147338135206,0.7412262885585884,-0.026064534391025292,0.6102142765445367,3.359083743407267,2015-06-03
1920,1.110979180107177,-3.849518534077735,-0.6365449888621444,2.8909410297601585,0.6449819035085641,-0.04573582534793668,0.4684261987628011,2.473836404041452,2015-06-04
1921,2.0633058954767467,-2.6790274000781746,0.9268219687359787,2.940761314164068,1.3016452152257214,-1.4766607692254872,1.2015603756672169,3.434500764830463,2015-06-05
1922,1.4369795577588103,-3.279769664840182,-0.19486526542221655,3.1637477263925278,0.5260833624254843,0.8973752378130196,0.1533079358293643,2.3576593908249652,2015-06-08
1923,1.999117323211778,-2.4432818317463902,2.584654113641399,3.4750949211485804,1.5502000476322144,1.1209048213489659,0.5244041006985422,3.0127581550168334,2015-06-09
1924,3.2859165968910413,-0.8526311537982296,2.9874060033544327,3.64715204689185,0.42468732798056497,1.4568247693677403,0.23184282635075726,2.241604884745524,2015-06-10
1925,2.480661766942597,-1.9897082926025076,-0.1919800537517788,3.276364607712019,0.4448442385609672,-0.16097596639278977,1.149947888913872,2.3306122263720956,2015-06-11
1926,1.8944108367828965,-2.899716579693797,-1.3991756144816865,3.301614336712221,0.6748748651540063,0.42149518740654873,0.8573726193681798,2.0919226054763054,2015-06-12
1927,0.9015280723506541,-3.5083928768307424,-0.7314256471079881,3.350874526222066,1.165305904043054,1.289577618257796,0.7398197147514024,2.252516189407916,2015-06-15
1928,1.6292577063037508,-2.043968096024765,1.5366241829602372,3.24168806689443,1.5163075850121852,0.9627519727058634,0.9839936329184289,1.6627099814444892,2015-06-16
1929,1.415635054537169,-1.9833479123907873,1.9504913817369234,3.298552490087656,1.367056307405821,1.690167669070159,0.7565560967345147,1.7361003689490366,2015-06-17
1930,2.5092660195123817,-0.4338042168018706,2.621613040297428,3.1851060210915447,0.7672360726739204,2.0858764921879587,0.7195927807129497,1.5047588837355188,2015-06-18
1931,0.9085438388397982,-2.9716526373086394,-2.7844532782051274,2.915127202837863,0.6288777067366813,1.3939816583272444,0.9751228353312656,1.4805345861427108,2015-06-19
1932,2.163181774939202,-0.18433465396350332,2.7606581428062196,3.060906281710984,1.6641872704817868,-0.0265604128833356,1.5151249109079594,2.6609571630707336,2015-06-22
1933,2.095632122176762,-0.671362917706287,0.4875778286074066,3.0001528537521285,1.5193127717276576,-1.1949547835854348,1.8318109939456058,2.8130941484927727,2015-06-23
1934,1.7607303394430052,-1.3690917451911935,-0.7874433092374529,2.7250893288207005,1.1422913528220646,0.0004211382149366713,1.033163404519073,1.5033619892195926,2015-06-24
1935,1.0401726220861436,-2.194371244987458,-1.812646449260804,2.569531587959054,1.1773554290405714,0.25922144121322205,0.9127435908754233,1.7697605799620504,2015-06-25
1936,1.201882947988856,-1.5546045836841902,0.02694696302763361,2.582397784126743,1.6275828885131454,-0.08037391157491514,1.0394835260455326,2.2393090467593946,2015-06-26
1937,-2.37365334682372,-5.246290122131848,-5.323236505803142,1.7900545670379926,0.9682575606815083,2.057721240617279,-0.016145709780550525,1.2739951299590364,2015-06-29
1938,-1.0818542733291643,-1.568355186110109,2.8095589928991016,1.5821705968753632,2.420682950185433,0.8390983950732098,0.821371971676186,2.400292416733552,2015-06-30
1939,-1.1998255040363566,-2.3083572195872426,0.5141549332531342,1.1872610030044106,2.5624246545596185,-1.1769460444450162,0.861105560095418,2.3164648929720113,2015-07-01
1940,-1.4628455720206912,-1.9016806815140006,1.9693969282181243,0.7657112791143508,2.260145135051227,0.2377189859904668,0.44865469906043903,1.4157204504342593,2015-07-02
1941,-2.780539993855095,-3.3782149315212022,-1.438482361376423,0.2315424295316831,1.5794592476002816,-0.7247338871342571,0.3223306454953338,0.8266504296700086,2015-07-06
1942,-2.282707390430544,-2.0466660270417476,1.3205046412502397,-0.1316931044491852,1.7621670764470974,-0.8524033961310994,0.6038216390438422,0.7473326250432998,2015-07-07
1943,-4.1776308162987075,-4.608209895546342,-2.6691695062555114,-0.5348445296518917,1.242714992229923,0.3234295929167209,-0.03727174634601671,0.56426743291379,2015-07-08
1944,-3.086235500348949,-1.3992904388774927,5.093446778713536,-0.5916894493635299,2.46366156436142,-0.08529644242809323,0.2938747544528135,1.764997935325044,2015-07-09
1945,-2.3914410609384484,-0.8332402912414332,3.7854135476382984,-0.7366707812448441,1.5210162182010913,-0.17616653318043554,-0.04021280388062365,1.414583627272588,2015-07-10
1946,-1.7910390856364633,-0.19329315142087086,4.294590414962064,-1.0467287859582175,2.2333886035253983,-2.5581249068213636,1.0035093404467896,2.2677022989165634,2015-07-13
1947,-1.6626657905181024,-0.4183757106481503,1.4018532336719531,-1.2508672217553434,0.5479400760006065,-1.9365448341388511,0.3990551320179784,1.5246881319764185,2015-07-14
1948,-2.481235672358765,-1.559436116194465,-0.759198102035591,-1.7661383780610491,0.48632552518416683,-3.256174711113937,0.6561576440397333,1.524131532730887,2015-07-15
1949,-2.171516025187433,-0.7596230538089483,0.8977301478846784,-2.045911852134592,0.7137967970591786,-3.4451209356371097,0.6311124053492477,0.9050446918678003,2015-07-16
1950,-2.214036477011093,-1.0058662723186214,1.2010683644948141,-2.2924620157778497,1.3191744553689009,-4.050125396091983,0.9507243461203304,1.1444494389776585,2015-07-17
1951,-2.919266162879448,-2.2437408718655094,0.13265948391221966,-2.3724573460289693,1.9572264181894403,-4.8985133362865945,1.2128338731738029,1.497188852917641,2015-07-20
1952,-2.76773021566812,-1.9883294037952561,-0.18820294404324983,-2.284827494304853,0.8266607122873112,-3.37724625392704,0.618410943648353,0.5580199589885358,2015-07-21
1953,-3.4804722679951663,-2.8468180547704947,-0.478876486800305,-2.5725454543606787,1.3378211679459735,-3.931794447765859,0.9005484560163874,0.5974788350537377,2015-07-22
1954,-4.0226559558695545,-3.141388554087772,0.03491107479068951,-2.74035746025686,1.2010828867086785,-2.7409859733047552,0.6926281474942896,-0.0762116706423413,2015-07-23
1955,-4.793489758360044,-3.8747659915578367,-0.3807050428593306,-2.7111716916776643,1.0927265160101378,-2.263385282496108,0.5484382896793818,0.24202952359446123,2015-07-24
1956,-5.334494482364875,-4.4873669384458905,-0.4167782560831846,-2.7428206356722162,1.17603307970048,-1.559633652809486,0.19033375890022888,-0.10765730323257078,2015-07-27
1957,-3.7081871195346467,-1.270715663373459,5.104269262820131,-2.6155946907279075,1.313926491704837,-2.14622444674239,0.8379449585876523,0.26350209147253484,2015-07-28
1958,-2.2929137986343875,-0.39501532591254424,4.128213200476273,-2.5649433029123196,0.6477811791257818,-3.3153710782195787,1.0596794767805777,-0.061940328356813235,2015-07-29
1959,-2.4340375742411027,-1.3817501965884427,1.6645528968616832,-2.7258848303357657,0.838184769215668,-4.196955943692327,1.4407376380220835,0.12074087469115716,2015-07-30
1960,-3.2356331866447654,-2.4801892772212852,-0.47669149006578393,-2.8089021521465067,0.002953480379303514,-2.8745402457784586,0.748366665292304,-0.7633394504208123,2015-07-31
1961,-3.9490208340055934,-3.2258411633911406,-0.8860062754279807,-2.984796402455433,0.6317970121179103,-3.721155615353452,1.052352415575143,-0.4957288684692251,2015-08-03
1962,-3.221562581108645,-2.1187906596371935,1.8882782315723525,-2.80695132329475,1.2836400380741158,-3.3443535403851556,0.8279131006169729,-0.4778173921751864,2015-08-04
1963,-2.9439361188472244,-1.7642814914838933,2.737536339642525,-2.6920653064738085,1.6111275101003517,-3.6544469311251295,0.7804833052112813,-0.2626467554147557,2015-08-05
1964,-3.2452115457540875,-2.932492376477884,-0.7067395453423345,-2.589418605302012,0.4615978917819069,-2.7808658460627482,0.30573389369885995,-1.3155859401245653,2015-08-06
1965,-4.021542129147384,-3.5291510727993423,-0.5183382980580655,-2.8845238401001096,0.5908216375448924,-2.719323112358004,0.4933632785349985,-1.6787935950342003,2015-08-07
1966,-2.2883847932406547,-0.6269324605553934,4.601405493360534,-2.4208422233216047,0.520225066392645,-1.5127178511183001,0.3517258701005488,-1.6822744330415063,2015-08-10
1967,-4.0072789271010265,-3.5273831427352627,-0.2617067999911658,-2.591085041306551,0.46623726151391753,-1.1583270525878968,0.4343090413056777,-1.4692774609532409,2015-08-11
1968,-3.4842565509917227,-1.9568502243120678,3.3646891630016493,-2.0192447092449464,0.2371643439339773,0.7507178867416512,-0.2439580810765913,-1.9287610838763016,2015-08-12
1969,-4.000889262909756,-3.533988772406567,-0.2933717422411656,-2.056154456202777,0.3629979780482918,-1.523935791404726,0.6196562235412454,-0.43808589284967775,2015-08-13
1970,-3.587885950694261,-2.5481682306473203,2.6847152434391788,-1.9668178027994376,0.9995812542580117,-0.9818533513761596,0.39634308773100546,-1.2089541583754397,2015-08-14
1971,-3.408244539508434,-2.4723082769222113,2.071439098484495,-2.03380861540538,0.7216708439913876,-1.1573841220274763,0.45629735472421784,-1.1866022375534757,2015-08-17
1972,-3.388218152362466,-2.749494106854804,1.5855756040662419,-1.9369747697120276,0.6209150787658245,-0.35199748438272466,0.16714976750148705,-1.0954607250940722,2015-08-18
1973,-4.887310842379799,-4.903105514072685,-2.554532790559401,-2.0525943383969687,-0.18232670653842112,0.6911175586307042,-0.685916389785359,-2.0171718626385897,2015-08-19
1974,-6.541457948700724,-5.89556423395684,-1.9990322261203028,-2.2090959293624937,-0.3264006407607237,2.9312964317641885,-1.3572245764646726,-1.8497922149757886,2015-08-20
1975,-8.39749251023682,-8.00536391773143,-3.8862617875413963,-2.358240617970219,-0.2835793648206061,4.102034827922268,-1.9894778993558633,-0.873886874273553,2015-08-21
1976,-10.577583283150286,-10.006271977452641,-4.422689840234555,-2.167510456165404,0.2777421063526305,5.337122139586487,-2.910128685866456,-0.2421749816871223,2015-08-24
1977,-9.442945843862972,-6.449159815346458,4.305915232254588,-2.0677295432225384,2.0607592739475393,3.159851372813615,-1.583612874303257,1.5420461654951862,2015-08-25
1978,-7.06505682860426,-2.8498372998482893,9.827326628774458,-1.9476798335383123,3.0609713174212883,0.5553260721714997,-1.2384264447627065,1.937503354966581,2015-08-26
1979,-5.352646887318755,-0.685734178991606,10.434739247047728,-1.7672664455581042,1.3942678634518049,1.293425154974251,-1.7493695534503477,1.0624848406900202,2015-08-27
1980,-5.422296763391557,-1.955525720872251,4.498088096388995,-1.7474749361883306,-0.7051292188858697,1.434211341977692,-1.9822982038378922,1.6130833954506627,2015-08-28
1981,-5.388456372793105,-2.624669278752765,1.8860478142928363,-1.7639993932004283,-1.5158996245844762,1.3696371004126728,-1.895907652843348,2.7058141270743743,2015-08-31
1982,-7.602692271316587,-5.6832841211212255,-3.1622311374137393,-2.0346859736194625,-1.8928551100917053,1.1709327167614574,-2.041178010983918,2.8558335827175547,2015-09-01
1983,-5.375795625310589,-0.8462229195619444,7.399090479677447,-2.0954425528536995,-0.2600586517239686,0.1775262906263067,-1.4065807290403343,3.357631784687011,2015-09-02
1984,-5.823934088936058,-2.607367042096808,1.8864595911565734,-2.350446942979785,-1.348079624250173,0.09470503152069437,-1.6315527347818897,2.7809548913093995,2015-09-03
1985,-6.728265147605258,-4.097150947570522,-0.7353392614839294,-2.599516632800574,-1.555900294740733,0.6459165411853692,-2.1451105309833136,1.9345478551449433,2015-09-04
1986,-4.967549856111995,-1.309185097948768,2.7996873743063766,-2.5599795589946734,-1.6663314689875275,-0.5403637394598568,-1.987353044811322,2.8490194601218723,2015-09-08
1987,-6.535369564100054,-3.85987838699346,-1.2184255696770672,-2.9639809366692655,-1.395388868820981,-1.2945589296638194,-1.6599505487390647,3.081838516919597,2015-09-09
1988,-5.203084006126861,-1.000132698006284,4.617974867793111,-2.852199953982374,-1.218864167218649,-0.32658036856877665,-1.9779449109888274,2.7433701864975886,2015-09-10
1989,-5.370830103561406,-1.6458025040048234,2.2170196670224587,-3.2123473649976075,-1.6958016472036026,-0.9574173062279235,-1.8636278883664228,2.855118475256101,2015-09-11
1990,-5.808874622273075,-2.6073609035000684,0.23599684172756236,-3.3458116849122463,-1.760541925346888,-0.6962248589899479,-2.186412192772742,2.4290555461910124,2015-09-14
1991,-4.8264723439558,-0.7718568329173812,3.5291385268617947,-3.1514740856975156,-1.308745182829734,-1.9462350553681094,-1.8053015898387472,3.8403530634636867,2015-09-15
1992,-4.161004663162837,0.47788170267900304,5.023631282453763,-2.9462574054815134,-2.208588890925374,-0.3411962564347352,-2.3690077896512474,3.038556057919912,2015-09-16
1993,-4.991162075238867,-1.0625604770612496,0.3888415925582716,-3.0686987221684925,-3.5197494806011678,0.3186464400881837,-2.62146092147337,2.3568193396621897,2015-09-17
1994,-6.38693995351454,-2.841456583051859,-2.2572828697163976,-3.307941780219855,-3.0878438476281516,-1.1196913792362664,-2.062290711959075,2.8979824907439724,2015-09-18
1995,-5.121541057436679,-0.6478125589096746,1.9145871825755998,-3.097531875657496,-2.355153755110254,-2.4549094560822065,-1.4497037597876279,4.020611545067062,2015-09-21
1996,-6.170808154091164,-2.5259987374546444,-1.637825571445017,-3.2552370309964687,-2.5419722381659073,-2.452626076436216,-1.549315048463717,3.0233595938923075,2015-09-22
1997,-5.233736322112735,-0.7208251389470217,2.0388573279291577,-3.2897194210859766,-2.186608425472636,-2.3989459397568007,-1.6324119154313783,1.7008598675321775,2015-09-23
1998,-5.62652950023201,-1.4282831427443266,-0.6807098059951606,-3.2828971383187793,-3.6122623070872244,-0.4966639882971639,-2.280447448364795,0.6178722552985971,2015-09-24
1999,-5.619480132195134,-1.2305924983008159,1.5233825384345376,-3.279798896941351,-2.110554911348157,-1.234028089140775,-1.2848215429751981,2.2806314019227543,2015-09-25
2000,-7.920849855044585,-5.099970548937687,-3.9637768833321587,-3.3095460667131644,-1.4716263141952917,-0.5214368153791442,-1.1715885728068347,2.1350753557280515,2015-09-28
2001,-7.1718993394746775,-2.312457978476659,3.28791416876125,-3.2571262940225605,-0.37265759422504996,0.33258021792164,-0.9901060892163603,1.6866457586514787,2015-09-29
2002,-6.02483749180144,-0.7875138999616442,4.194796717516051,-3.3257288482385046,-0.24302372349632187,-1.0046620759515361,-0.41461478157368276,1.4956190805344005,2015-09-30
2003,-5.661533991599106,-0.4252651633907247,4.271882340596808,-3.2934354500027907,-0.24956645742357467,-0.9532044059549942,-0.34704608129604975,0.6846607588640325,2015-10-01
2004,-4.957977942931204,0.71075391698124,4.179369726165833,-2.939887393134648,-1.3902787434485875,0.5034040186828639,-0.548123478497479,0.10098275014804631,2015-10-02
2005,-3.5085612054456634,2.343320908999061,4.3178735924754905,-2.6710868530006127,-1.4999080427301674,-1.1891646767616573,0.14008974538894675,1.7136668075618657,2015-10-05
2006,-3.0268676775078234,2.404283457086772,1.9197973149267604,-2.248867162961142,-2.97362974387348,0.6162073572705988,-0.357896245655224,0.45461098676476125,2015-10-06
2007,-2.593237861717907,3.227550609220618,3.48720609494985,-2.341058606093083,-2.07396912541515,-0.8835227081970872,0.6845528337854255,1.6551344112821909,2015-10-07
2008,-1.8638251303590432,3.3471839663202587,1.303344092417261,-2.142418889222531,-3.0506236800199362,-0.9590837205510683,0.6821335595929597,1.475198340441993,2015-10-08
2009,-2.5600060967081855,2.1782263269789905,-1.2154059874277154,-2.0775454904005435,-3.6239154263816555,0.22078234650571177,0.24124253034873339,0.6994902129625826,2015-10-09
2010,-3.120330989482234,1.6836059171137725,-1.4759818619047669,-2.143110972561078,-3.307902146274146,-0.3851100311266418,0.44974672828877804,0.6540281058255704,2015-10-12
2011,-3.7766837726642235,0.5021030720251807,-3.368268124088716,-2.055151967424269,-3.3888532285442476,0.07166713746390213,0.27963757709656095,0.873340738984425,2015-10-13
2012,-4.112528031414588,0.948149258282452,-1.4542877643752947,-1.9760679880631813,-3.7521154933153342,2.5647635405291296,-0.31482754946659275,-0.32259557295985547,2015-10-14
2013,-2.788136273061426,3.2162750102586535,3.220065213710939,-2.0679137634245346,-2.2333118244379797,0.08811032684175019,0.8769015097683498,1.0847426515649323,2015-10-15
2014,-2.641390923546692,2.6507363470773226,0.9915595913515913,-2.19128425803804,-2.6017199752774283,0.006726868493574571,0.8023292392827776,0.5631798000978523,2015-10-16
2015,-2.5773169610542506,1.7723969690762469,-1.1113690148841342,-2.2756646150554305,-2.59601781266279,-1.2003423479094197,0.9835089837445133,0.891842977498889,2015-10-19
2016,-2.516238445549811,1.7121093715036135,-0.9218293374720676,-2.257164796602454,-2.8886998189594286,0.05736408557407941,0.4758626876645234,0.49435376332618164,2015-10-20
2017,-3.0023692185299558,0.654894022629016,-2.1503599888686447,-2.3732703660853223,-2.6522615716850053,-0.37435399212017234,0.6217414283787329,0.2378090346851268,2015-10-21
2018,-1.8174097819435528,2.9653593903457773,2.833849281735243,-2.229869080348844,-1.6419770680847454,-1.8681554516392525,1.2435715578428397,0.2203025844959209,2015-10-22
2019,-1.3444433414639125,2.5681486723540328,1.271625314210973,-2.085785250101164,-1.448555343902011,-3.2417024122798903,1.2745754848328235,0.5845505744213747,2015-10-23
2020,-2.412359256792851,0.7267893935416985,-1.9740347082900513,-2.223491980360556,-2.1897326244699356,-1.7434932868190387,0.3604089523979088,-1.0434054175023642,2015-10-26
2021,-1.886866904410425,0.7640232050346789,-2.3476030359436955,-2.257453736254738,-2.8735913372613933,-2.3589641510012798,0.32783526791654816,-1.328180967480882,2015-10-27
2022,0.027065771827852768,3.723419407282209,3.376692902939031,-1.983077046250516,-2.455470329409417,-3.3678441452413583,0.7353918345350915,-0.88230891957982,2015-10-28
2023,-0.32475216068887824,1.991185176610362,0.6725636893139285,-1.4484127866437633,-2.4020210666595982,-3.259431140503013,0.4624483484445392,-0.07376233676795275,2015-10-29
2024,-0.3905153884273186,1.7136871727371847,0.6785908804218654,-1.3471804868823427,-2.728894859936502,-2.086263501604847,0.20348654727284723,-0.6734508975544852,2015-10-30
2025,0.5486873280027037,2.2676005011024634,0.8297880357418734,-1.3694006826695169,-2.8154834094622188,-3.200987133637121,0.4637140007665834,-0.12653848575554294,2015-11-02
2026,0.9036410715142702,2.067611505524299,1.3457307205890485,-1.2087403795150258,-2.49005193750871,-3.334144332753289,0.7530428531491392,0.4942859792077788,2015-11-03
2027,0.19322607921226767,0.2621139700257374,-0.6579092332892194,-1.3940704973284246,-1.5623807256450961,-4.8456557832751015,0.9173204829720357,0.9080981668816277,2015-11-04
2028,0.012629078104063461,-0.15152003834685368,-0.4814177245263866,-1.3339064705683927,-1.5738203182374761,-4.364403824775298,0.38504750463382437,0.5231880280118669,2015-11-05
2029,-0.16528173366622187,-0.9249586718578349,-0.6938130686351293,-1.1897715295853297,-0.5704320117975316,-6.315531007892769,0.7409800600576897,1.3209389386850816,2015-11-06
2030,-0.784486543514693,-2.0453917875433354,-0.7230187133568113,-1.018699380633364,-0.4633783643189394,-4.152504088170393,-0.5345129727344041,0.4020786333402256,2015-11-09
2031,-0.24238335567862498,-1.1335234476211942,1.6888202875978329,-1.1390414333028904,0.0043754186962120245,-4.935337156879128,-0.06285940403603663,0.7205769921396865,2015-11-10
2032,-0.7263659242685273,-2.7064588300630392,-1.442315784685011,-1.026047039938618,-0.48714498709668674,-4.666571050330492,-0.680995195278869,0.35939500207141195,2015-11-11
2033,-1.8964873312203945,-4.286991047102439,-2.069686912157295,-1.2455591525570564,0.20262977905458132,-4.326183877138229,-0.95437193136962,0.48942015840947856,2015-11-12
2034,-2.7525312945378952,-4.565438642539424,-0.2814276028718479,-1.3622864793138825,0.9033736663969024,-3.732268013500695,-0.9542154530150543,0.7527080422269441,2015-11-13
2035,-1.3191953580503897,-1.6071651212100009,5.134377096331264,-1.3001996809995682,1.174541958231377,-3.7095997270357715,-0.8170148856214976,0.6635150386789426,2015-11-16
2036,-1.8930946390045824,-3.37481345939003,1.3507683694681885,-1.3826336657078557,1.2617868760113493,-4.422562690204037,-0.795462291100057,0.8698228652652038,2015-11-17
2037,-0.35948994139808765,-0.8529358802563455,5.363766522052037,-1.4239882567959778,1.4585930166127892,-4.584908572028877,-0.8130260687936731,0.4668082164372441,2015-11-18
2038,-0.6590989358653818,-2.82116252667862,-1.0484841721900808,-1.174765352945095,-0.3387769094398466,-3.635418263717048,-1.6427382145934062,0.09667668112483635,2015-11-19
2039,0.42879358481317215,-1.5708943591546647,2.2133990233189893,-1.1840678415681125,1.167852331686417,-4.7587935385999485,-0.8628956343471381,0.8199976583410538,2015-11-20
2040,0.29553541569740044,-1.9572740447877615,1.2924922065459064,-1.323767026070347,0.8791725198287242,-4.4291220344058,-0.819736545520887,1.0672469020963709,2015-11-23
2041,0.6222374318100357,-0.8862420956942297,3.2888022608310705,-1.2758560331902993,0.3519431859274479,-3.143900093444296,-1.1836100409150632,0.6413566754772086,2015-11-24
2042,0.3568284445058756,-1.8945518784825799,0.2363452881224279,-1.4717414851633042,-0.0408221900895446,-4.167589452672869,-0.8653211883309143,0.9445145801586786,2015-11-25
2043,0.09323077430020062,-2.2218588305078857,1.161604618407724,-1.5945085248115383,0.9650464208736412,-4.436612127134716,-0.6816121106951354,1.2084584903942888,2015-11-27
2044,-0.28662812437339213,-3.12512067613791,-0.8955730575814039,-1.7671133965801082,0.4797260958632438,-3.748725141868838,-0.9469933195991549,0.6716082111419265,2015-11-30
2045,1.1258119402243876,-0.8345807606512377,2.6008438797452706,-1.7854670506089676,0.5350102427561917,-3.249394092989112,-1.1146106841377805,-0.11151418717183831,2015-12-01
2046,-0.8189597068085935,-4.018826880375082,-1.8342041406185852,-1.7611614609480377,1.1460114906608128,-3.8877669056184585,-0.9221802020176179,0.8798771454180864,2015-12-02
2047,-1.1620223173470365,-3.237205509085978,0.8524486508150435,-0.24872461226896816,0.4506388876569115,0.3078438654500964,-2.8316826450566692,1.0982671175628866,2015-12-03
2048,-0.39965409143692726,-2.1511329199498803,1.6005963303037434,-0.2506094079993011,0.5902932878939662,-1.7799948358392852,-2.049191835099346,1.48819567203847,2015-12-04
2049,-2.375285358801904,-4.932445036624635,-1.8975058338435127,-0.2031928257024915,1.0371575074535997,-2.226364466347137,-2.0650273608535827,1.4462489329306196,2015-12-07
2050,-2.5281057533666322,-4.83142792652154,-0.12193552941207768,0.033721484719562274,1.2849081270139142,-0.5196502399268942,-2.485604698906435,1.4598860067685506,2015-12-08
2051,-2.5041869225772184,-4.399482274261173,0.5984850265285642,0.36893396677856416,0.7567515853394555,0.5447172884237651,-2.7700305018677445,1.4571601437794994,2015-12-09
2052,-2.450300501172122,-4.149103535591834,2.1089011826684274,0.5349508083083748,1.727285335256141,-0.3656630968494617,-2.1888180330873905,1.793150768281606,2015-12-10
2053,-4.934848234639638,-7.497200178867692,-2.934398024873997,0.5073739170915565,1.167464619543494,1.3365498181120807,-3.0064035401723794,1.1513268502528955,2015-12-11
2054,-3.8211135291780143,-4.871369529458638,3.005114103037375,0.7111659101844208,2.37721145962638,-0.7247166954451163,-1.6860173538650947,2.905191818389642,2015-12-14
2055,-2.270241064237877,-2.517493635150021,4.822435143632801,0.7371960790071812,1.650679710861503,-1.0118357427350348,-1.9159983427378748,2.1594610323500363,2015-12-15
2056,-1.8465439783759388,-1.6329360641766089,6.617679785532624,0.6809786616640394,1.9764577713765707,-0.7923743110051268,-2.187629659793543,1.3426308157734888,2015-12-16
2057,-3.427857419624913,-5.415171686419615,-1.7702098159851427,0.5989277154669452,1.7669262632688139,-2.836767821524832,-1.2127513126304963,2.5332111704901896,2015-12-17
2058,-4.699344025201009,-6.172520158247405,-1.823144860403335,0.7092178176644213,1.029201284292554,0.35344649925562327,-2.18900691457254,1.3057906096264902,2015-12-18
2059,-3.487611951988124,-3.8319638946357726,2.4966837077327986,0.8151212041272998,1.404573734949832,0.3962563219734489,-1.9750099020267433,1.2974448557564608,2015-12-21
2060,-2.1584544986213796,-1.1329613196746007,7.481303610959619,0.9104715448715405,2.087184999120426,0.06279671850360907,-1.4211917762846091,1.7406351203453623,2015-12-22
2061,-1.004824651215457,-0.3118618690960624,5.795482700766397,1.1513904255046707,1.1656847729372304,-0.6399945719770547,-1.0940119497329879,2.235265444527192,2015-12-23
2062,-1.8227129629034489,-2.4378623419211385,-0.5823794561849605,0.9482038962227799,-0.07960334691906293,-0.423784498032107,-1.3359260453140172,1.9021710028875987,2015-12-24
2063,-2.2270711165340296,-3.530084008771689,-2.4344815243064524,0.8998674723758131,0.48060494652717267,-1.0286073714835653,-1.1622321139745573,2.448789824525218,2015-12-28
2064,-0.7788651817034393,-0.36093907072483133,3.7416254011065115,1.217665981024599,1.0863492697401613,-0.7993588622041065,-1.2800105865571352,2.584087784422563,2015-12-29
2065,-2.075077465983574,-2.3237172872962413,0.12769510176631188,0.9524078353043668,1.1144733799662137,-1.5623680911723996,-0.9571679490782473,3.090631016361994,2015-12-30
2066,-2.670915893211425,-2.7324636167044387,0.007788407067702293,0.8844650272175791,1.1955244724269372,-0.7668362392293216,-1.0274473058898153,2.55943231914192,2015-12-31
2067,-4.037031844325262,-4.589945154941304,-3.618686465958375,0.7041553366998397,0.18855351093572834,0.3570170615371571,-1.4354084887209821,2.0186968164214076,2016-01-04
2068,-3.5959517848801767,-2.928355964462239,1.073440392689117,-0.06354927530576022,1.39318857107095,-1.0311583280486694,-0.5017554711150142,1.8557025100247158,2016-01-05
2069,-5.4800467070925425,-4.887694405075316,-1.645950549071302,-0.40067585408758183,0.9279936637587638,0.3714915861910291,-1.1020050901809482,0.807231055949086,2016-01-06
2070,-6.826603900091234,-5.589426182507072,-1.153294370850883,-0.4708412006519026,0.4432761517546846,2.5943167101921385,-1.825079278587165,0.5996336301289051,2016-01-07
2071,-7.574245775591324,-6.026298675313429,-1.4564366301700293,-0.9419386970352965,0.658856105650915,1.4749615714088293,-1.1240852350250194,1.1153606418265012,2016-01-08
2072,-7.296881932329129,-4.626828064184827,2.9987900179999176,-1.178664160497649,2.063499221105644,-0.3892525158095472,-0.5667736859916457,1.6349802795640784,2016-01-11
2073,-6.940978559878376,-3.6510878649502225,4.435049587218403,-1.4710950432463814,1.8401075788125476,-0.11657473403683655,-0.5491054034209452,0.4918086111499452,2016-01-12
2074,-8.227012676537774,-6.27259353372746,-1.0273661010411717,-1.558216484959752,0.7264493624704412,0.6491432707338136,-0.8858340615852865,0.15629477909128103,2016-01-13
2075,-6.251150854272926,-2.680743534808094,5.6184787052781,-1.5614359299777985,1.5109006446490714,-0.5620595625408031,-0.22286856549340492,0.7142960683525599,2016-01-14
2076,-9.127222541540858,-6.946013315440337,-1.9740327075769875,-1.9482608208831507,0.42449744160587055,0.7005207754408224,-0.7917149405711118,0.1812280465233687,2016-01-15
2077,-9.133193849461323,-5.358148545744726,4.168000485543202,-2.100340103050819,2.1415073665440074,0.20543474815442714,-0.2645953864993899,0.816294886735424,2016-01-19
2078,-9.922461320790568,-6.97648096643003,-0.38127089436985856,-2.440593993113126,0.3510214769065986,1.3158201393201725,-1.16269691523307,-0.289593099238654,2016-01-20
2079,-8.180543989065495,-3.414100402431823,6.6365158167429374,-2.339592869181168,0.6801668430897548,1.6526200757525364,-0.9931437021741968,-0.19376678949730547,2016-01-21
2080,-5.989211098896048,-0.4930332880098753,8.621550287839163,-2.3461738427110554,-0.0867356316655842,0.10080577075600511,-0.35782747982784296,0.6610638511035645,2016-01-22
2081,-9.022300835756774,-5.548981718766009,-0.41975029487016746,-2.632389918862788,-0.9141486434817466,0.19297499631934373,-1.0486332207735158,0.6828474620907986,2016-01-25
2082,-7.2572570239028416,-2.017752313256492,4.689808918712642,-2.7327452766372407,-1.7121952991541312,1.3616683128493292,-1.2945465729903538,0.26494019695954535,2016-01-26
2083,-7.7951862537005265,-3.5266275890730774,0.8567903073343297,-2.8318306371903224,-2.241121103755834,0.7933867374403135,-1.033242782009282,1.4917447595096576,2016-01-27
2084,-6.426248029843888,-0.6163740338133235,6.781294791892844,-2.7548178117538717,-1.7560053308676018,1.5065628521162082,-1.0057267156722483,1.082493497786583,2016-01-28
2085,-5.976022781232077,-0.44649108982868047,4.644622517618526,-3.212132197176631,-2.214642655048758,-0.9143447152467544,-0.2848658117369735,1.8233432203270648,2016-01-29
2086,-6.904083544661779,-2.4508941057424884,0.1629707539654071,-3.115027225220598,-3.1474200581527145,-0.12827789678344653,-1.3734672791455558,0.9262262028520765,2016-02-01
2087,-8.824622846028124,-5.554545883339901,-5.890089379795517,-3.3969404810679724,-3.8342983226484417,-0.19454376527163414,-1.6277894165787825,0.7369077814619056,2016-02-02
2088,-6.62429788981301,0.3976876022703434,6.18458680816321,-2.5746180703947554,-4.267501009230598,3.0705486118585537,-2.602272497401333,0.2534192082489131,2016-02-03
2089,-7.366097895878642,-1.5376076166887849,0.8921344854843931,-2.7854126715187824,-4.604310145797278,1.9733886777131435,-2.276306109537,0.815339599938121,2016-02-04
2090,-8.39810871236238,-2.721690887575459,-0.062226585728798293,-2.760296653728478,-4.136081408801141,2.1132784404408396,-2.3651320287955224,1.0568613062390053,2016-02-05
2091,-9.604966837911945,-4.348942411431931,-3.998051324065172,-2.9939746357854626,-5.005983419485512,2.30617169004384,-2.4410525211392358,0.6031406223256457,2016-02-08
2092,-9.64829574346839,-3.4455558100117507,-0.9218294968611376,-3.024548301585528,-4.397208311182953,2.4930087676425554,-2.6730603198476754,0.4883390519243022,2016-02-09
2093,-9.391358038505578,-1.9878968412770226,2.9881201333894087,-3.238407094176824,-3.8599033127086653,3.4223872509900803,-2.7812409328321683,-0.2901928576991247,2016-02-10
2094,-10.290736398823212,-2.34310056011116,2.891141321172741,-2.9524044114506895,-4.5842613683132605,5.833553484539635,-3.6181543843186375,-0.9546087192829347,2016-02-11
2095,-7.622600532040136,1.2301839747294419,6.414402941143643,-2.817898906633905,-4.13005854945179,2.111045844739184,-2.3070563649187394,1.2478611739674932,2016-02-12
2096,-7.114429874017723,0.6919341452762563,4.107520526551139,-2.7240794402128765,-3.385970227233887,-0.6104991766079321,-1.4705198924535872,2.2778664203254597,2016-02-16
2097,-5.12512520604045,3.5377064837406462,7.409938623735446,-2.458846271745523,-4.282347045882185,0.6452425793619164,-2.1807312321271035,1.0003317885297096,2016-02-17
2098,-6.489181248964489,0.6749121116008643,-0.6444450882499202,-2.6961280866888204,-6.1309315814839636,0.9550564315005149,-2.5823267297618737,0.2731809785958535,2016-02-18
2099,-5.9142275749731015,1.6414365787530425,1.1506701238387433,-2.694154782180201,-5.7250774401876665,0.37116787250884903,-2.282505421889805,0.42230271105134926,2016-02-19
2100,-5.057336626636962,2.9176351210662745,2.765968203978772,-2.8003772514659206,-5.177074763265468,-1.5490241079554088,-1.2171727807795585,1.643443392681507,2016-02-22
2101,-6.968441721331606,-0.06432078831617513,-1.4083238239589952,-2.8700075622905477,-5.046765225158401,-0.24866436460179514,-1.9656388185118998,0.8500369943247403,2016-02-23
2102,-5.934299279373889,1.332401852267663,0.376795950651907,-2.902526657447069,-5.289554931684819,-0.04108350940267574,-1.9815374515446766,0.3070514403682271,2016-02-24
2103,-5.418842802047743,1.9579138123749775,1.0040176803920655,-3.0012834656406975,-5.5090323364618445,0.31187270245885707,-2.098673015903123,-0.06953862155327345,2016-02-25
2104,-5.126036437539669,2.0792286587007123,1.329264293988003,-2.9380542156749794,-4.554057674808208,-1.6699602992491434,-1.3783569218848921,1.2433923170716576,2016-02-26
2105,-5.51186420070538,1.637811441005691,0.4944487773143703,-2.993528602062522,-5.187676698925822,-0.19482429953088326,-1.851855236407935,0.5590009253602193,2016-02-29
2106,-3.62045535770862,4.697387748178094,5.437175855878767,-2.770321158911103,-4.513229761004112,-1.4181707294623673,-1.3037752821329176,1.5725051739941107,2016-03-01
2107,-3.7034143978546408,3.31712173055403,0.5466222741397161,-2.7316162404929925,-5.8102456788331,-0.7186886002150278,-1.683644673949359,0.39411157258179513,2016-03-02
2108,-2.917479904892054,4.730672577386848,2.792907569637322,-2.675041923458341,-6.192618103027883,-0.399449577070424,-1.6937200377963215,0.2508689362185977,2016-03-03
2109,-2.4404628170428295,3.9118658704486924,-0.3525134387197952,-2.884683547901259,-6.6270668531042745,-0.9179700357594816,-1.2788193207752419,1.201751172960771,2016-03-04
2110,-1.8238899079978974,4.4296848003767275,0.729574493511044,-3.032303256232799,-6.580662161876149,-0.5964966091345735,-1.1052851104994381,1.0395684879461777,2016-03-07
2111,-3.8205161550390607,0.9625293761621038,-4.875121630613183,-3.264249849122153,-6.598902901918471,-1.632386165175082,-0.9349705705897141,0.9956887857898683,2016-03-08
2112,-1.8005916670200206,4.215552033994016,1.7775422588959808,-3.05161973314169,-6.040707437587178,-1.7359524829696673,-0.581874099975296,1.2188104257958137,2016-03-09
2113,-1.7930260505582651,3.325872342395716,-1.8299814468187618,-2.7809668552296354,-7.4117098674994,-0.44401757025592986,-1.342789419922741,0.20253612032791762,2016-03-10
2114,0.2133110825427901,6.638852606617937,4.9676078539734885,-2.6623033369381677,-5.886687371199487,-2.363334009927231,-0.3110955147121107,1.2986401313197695,2016-03-11
2115,-0.6781940994185208,3.5424364089730798,-2.7094853608560783,-2.8408817238911985,-6.46041373697096,-4.1954346013895805,0.015616164419015473,1.501691973534276,2016-03-14
2116,-1.0195056452529832,2.8651470186081296,-2.314951201430594,-2.6648498960295237,-5.826751664413063,-3.099496643951757,-0.21581552422945222,0.8616110004325367,2016-03-15
2117,-0.10920677855308179,5.063811394835175,0.7710758060627476,-2.4029838636581924,-7.223565706891611,0.14336499548320686,-1.1409979416503346,-0.5966549547831257,2016-03-16
2118,0.42280009220313464,6.255804419475556,3.8014711511550914,-2.331819542735972,-6.563489912927178,0.3364040370464339,-0.7263667450632346,-0.18173766296200172,2016-03-17
2119,0.3184407174580485,4.882703978445582,-0.03464051736214251,-2.3490475847136,-6.5481169791167435,-1.4806557278203984,-0.09524208507382328,0.46058494435164654,2016-03-18
2120,0.4893996821727472,4.315936467989231,-1.4144615179165725,-2.109290299653741,-6.205275211414223,-2.3636421568011237,0.38216839700382,1.7574943126398352,2016-03-21
2121,0.05638660355558125,3.099124544339175,-3.246636820055264,-1.9847509026031258,-6.055205096517958,-1.3576153233683397,-0.21718488610394177,0.7821245230341549,2016-03-22
2122,-0.9404495831481212,1.9081240836368185,-3.6913337605560237,-2.001457232768798,-4.849301129906683,-2.6849481827354023,0.3887441805165031,0.6283484323033219,2016-03-23
2123,-0.8813995981809032,2.9468999852709405,-0.11207135270299746,-1.7443077779649392,-4.2835753640040775,-1.654620828773513,0.139664598268966,-0.1648735348939389,2016-03-24
2124,-1.470287648993351,1.9972243665290166,-1.4819694967261323,-1.6448453020924967,-4.070137619845801,-1.4441082679913628,0.18289336171111936,-0.015871087040957264,2016-03-28
2125,-0.7684468093685497,3.9242619366650207,1.8851439013158298,-1.4661481834611272,-4.526636017555373,0.38859380844229013,-0.5608319506288809,-1.9148713981657597,2016-03-29
2126,-0.18247416829004,3.78693600320961,0.29684318710287144,-1.2101317659311512,-4.214587978173311,-1.4314842102463423,0.1522989787510707,-0.15870078993702064,2016-03-30
2127,-0.805424644534641,2.8135320835661015,-0.5983416033689407,-1.33254424912401,-4.1473685871900035,0.035448994364933935,-0.20377486133499384,-1.096310959935905,2016-03-31
2128,-0.6941865105974898,2.6309221536565364,-0.9262888437704071,-1.3075549835268014,-3.522928253881183,-1.2668536860148414,0.17870531904119474,-0.4861103050717884,2016-04-01
2129,-1.2475260259015273,1.6502505907174783,-1.2472867017213645,-1.1655587083793126,-2.8586959076382406,-0.44412394258989923,-0.41053686305236786,-0.9927729230226465,2016-04-04
2130,-2.0659616188787555,0.6461423017102024,-2.1990060157066385,-1.1615083669255108,-2.7182017330850785,0.9722565759439701,-0.6969384803823303,-1.4615043263555978,2016-04-05
2131,-0.4275343456763757,3.7983318178055447,3.377290305177688,-1.0011087559586598,-2.1856058949312356,0.6339626117635243,-0.2814451017644054,-0.8022706751985207,2016-04-06
2132,-1.7524710144322957,0.6541465258721312,-3.69234261861825,-1.0980950430489438,-2.9988820419599014,1.1856426277583674,-0.5826925264428126,-1.0651573031719503,2016-04-07
2133,-0.11115754516901898,3.637267681872326,2.2988911724562033,-0.8733154419005599,-2.2583151477811922,1.678697778667517,-0.367097981260344,-0.52662649788752,2016-04-08
2134,-0.35335973613542515,2.333368181344948,-1.7141894577297379,-0.8531397821750755,-3.0212108871018506,1.842849297286885,-0.5146333490847766,-0.4493473022233197,2016-04-11
2135,0.8159051340371012,4.691012329314228,3.4843114857093997,-0.7703805571051945,-2.08520961784813,2.0706601546752186,-0.04300020357970424,-0.09306356857874329,2016-04-12
2136,1.182958550818909,4.25966164605749,0.6908825758519125,-0.9305459072532861,-2.21566350557377,-0.46230932044806083,0.6374396535795219,0.5220445202070411,2016-04-13
2137,1.711483896279185,4.048700885443217,-0.5889993574441545,-1.0409963146801062,-2.3274825021402203,-0.6029402655654664,0.5206758505601113,1.2119789856780143,2016-04-14
2138,0.564846594699267,2.039710612879395,-4.098183047438189,-1.0765831390072196,-2.6496655188682103,-0.06893821463486266,0.07084085816903116,-0.4082878337871678,2016-04-15
2139,1.7495244906313046,4.102324073508806,0.9043564058425357,-1.049943359099645,-1.6345812525029921,0.0010522215607244908,0.20739385442673167,-0.03384622595211821,2016-04-18
2140,2.1114087910166868,4.270123083189692,-0.16160914314653235,-0.8117431512531801,-2.666015001922803,1.36356693802355,-0.29217668763190063,-0.48919812725794737,2016-04-19
2141,2.639715089229306,4.536886453879077,0.35073242022231266,-0.6969245016415222,-1.9130312547801416,-0.3280772400193777,0.5970174996442471,1.2476905437427037,2016-04-20
2142,1.8049275057700003,2.651893452350044,-3.4647486871692803,-0.6887857156307061,-2.5482735467188733,0.10474292881122277,0.0894656099257833,0.8891754798298345,2016-04-21
2143,2.5725318003625097,3.7128638497712956,-1.1670726956776076,-0.9013191467285278,-2.322905232729183,-1.2830855262898653,0.709235913835416,1.403986193759423,2016-04-22
2144,2.2966714479289676,2.465531640394545,-2.700755244474043,-0.8181951001671239,-2.498916175180412,-0.14182657531440984,-0.2320282470280923,0.6645402603293081,2016-04-25
2145,3.117774157768279,4.2171661858804494,1.2782174102107124,-0.8349872323609684,-2.452397552073394,0.11134593371557899,-0.19407717829479457,0.9015904715171943,2016-04-26
2146,3.2223515292687304,3.6921425616512584,-0.6647226662611601,-1.032980527272519,-3.031149628781634,0.4706803196191382,-0.14973747861986483,0.5428574758513961,2016-04-27
2147,1.8555234908766924,1.9563545304865733,-2.7262420978279898,-1.1305031642981926,-3.5618050012416074,2.121587115652239,-0.722123653732001,0.5160143506092677,2016-04-28
2148,1.4368428012133616,2.0231318248279804,-1.9600615269617019,-1.1424256511876292,-4.12082688470003,3.122587531749289,-0.9668124232869911,0.5556564308750946,2016-04-29
2149,2.117091400476925,3.0506112305289887,0.4421323702355862,-1.1252364715094785,-3.3284042452902876,1.657242605871991,-0.22966022681710144,1.8620999410459027,2016-05-02
2150,0.7706362071963254,0.6096413711097953,-3.7449754931906787,-1.335503195043239,-3.2863514294903484,1.6176105222583919,-0.32744927088351744,1.3761464961715855,2016-05-03
2151,0.5636114073707177,0.9196750763702062,-1.6506277959466502,-1.6418140870260707,-2.6012911668134695,0.9980189837361028,-0.039793353251444966,1.391578647720588,2016-05-04
2152,0.2898971921445659,0.6730014716800672,-1.4024226216830766,-1.7659210160955212,-2.3233976851311415,1.3034160436559392,0.09292530679861981,0.946553899472431,2016-05-05
2153,1.6900312485514768,2.3124508821732106,1.1751949654584142,-1.587524001658778,-2.3258215739922052,1.0726771800122161,-0.06781510999615277,0.5963745980942778,2016-05-06
2154,1.595864593057872,1.029475514383354,-0.4898819999167272,-1.55955333052646,-1.0898398331110133,-0.7891034652657254,0.6697888139275353,1.1676958678693996,2016-05-09
2155,3.081511132865174,3.1512942816382994,2.1597860660644796,-1.4386341459532475,-1.5024873656277902,-0.2097414868986378,0.362319857485614,0.2824347515814142,2016-05-10
2156,2.0702345628346492,0.8532871286653686,-2.162030099210203,-1.2961786143152285,-2.4241872091938474,1.7125719390992584,-0.10298373976681527,-0.005544882369130921,2016-05-11
2157,2.5171381470894723,1.4961632430901073,0.9136153496631771,-1.1843810159240555,-0.9250472827806576,0.9924394537821059,0.579352617463579,0.9471083834059294,2016-05-12
2158,1.022131194643454,-0.6722595686843899,-2.7537832957155235,-1.4005679885929323,-1.4330819407784214,1.3024916281529704,0.5204225282409297,0.496249121168649,2016-05-13
2159,2.4594901504974764,2.078696966528318,2.4746158933353453,-1.194689973174533,-1.108507623143551,1.5098381769286855,0.6130699577770627,0.7034571914430983,2016-05-16
2160,1.0797253750244022,-0.17269040728792925,-1.7380850016690927,-1.2540090295619077,-1.6771886885208604,2.2693499274487094,0.4672313667465916,0.4847062392188001,2016-05-17
2161,1.506926527591711,0.2240926375167421,0.9667563072689338,-1.1487908316340283,0.29535620331671175,-0.1403504766934366,1.0577127064670007,1.672396150205652,2016-05-18
2162,0.7851846288078392,-1.4312882846498247,-2.7365469212379425,-1.1367476163278212,-0.5108745804820698,0.7607625786200561,0.7937118358653926,0.8092478871281364,2016-05-19
2163,1.7093621716837555,0.8012090684742368,2.2370259620169137,-1.318268452003309,-0.05117061296208239,0.30946295355626835,1.1337727650781435,0.6511281999241572,2016-05-20
2164,1.4867769739927537,-0.48635975155432803,-0.838242215693138,-1.2911829061288203,-0.4279426105453056,1.0494913515920932,0.7648198682425926,0.11428405288152271,2016-05-23
2165,2.8849635359137107,1.9663681964025743,3.350556767919854,-1.360800575996617,0.38847723340255713,-0.9180020911726912,1.7480799132554221,0.9037345268906632,2016-05-24
2166,2.9459386816975934,1.2658555882195481,0.10013914711902068,-1.2789430279008127,-0.7679967010296666,-0.5928064209132948,1.5185889422319845,0.5456043013692735,2016-05-25
2167,2.4234254539068476,0.7727870396552722,-0.21478050128546172,-1.4409941756792048,-0.5511743230811064,-0.5597546852174327,1.7669916306552573,0.45654322565264926,2016-05-26
2168,3.039730130213786,1.1234387837057627,-0.6956517888538529,-1.5770810329016764,-0.44296568315719154,-1.9714261212973303,2.027963006554047,0.35948251236367895,2016-05-27
2169,2.2090179176164764,0.3019327616931176,-1.3918513780758515,-1.9396560737046538,-0.2525406715741465,-1.9723705855915092,1.9591974283111078,0.11827492584102067,2016-05-31
2170,2.2307958948182733,0.8411448523386037,-0.2617621986224264,-2.0217805717135335,-0.3301955986532521,-0.9443093865270556,1.827630643391573,-0.3839483465446066,2016-06-01
2171,2.655355637703399,1.1722674540079536,-0.3913499474053184,-2.1696182690364285,-0.4857934591484786,-1.8331433556176873,2.1767389895607416,-0.5367779145370453,2016-06-02
2172,2.101946316890359,1.0322249686371228,-1.801605366213154,-1.6696497330193238,-2.7463717192272084,1.5932466619302166,0.6049632135452153,-2.552234288505494,2016-06-03
2173,3.1133123892589745,2.3611038980160486,0.5899964126984303,-1.556711920247894,-2.069751536742924,-0.30384050509954447,1.511405714288016,-0.4341578566624547,2016-06-06
2174,3.6775867489627228,2.399612610305968,0.17589246621407023,-1.4571541485407977,-2.241790785154431,0.2595206751785561,1.4751195525210563,-0.5497550566447587,2016-06-07
2175,3.84457877977509,2.4554915686327514,-0.2726905514562812,-1.5459505387458885,-2.995571814726988,1.0921081249718942,1.1827000100297016,-0.8408115067969768,2016-06-08
2176,2.61766400392368,0.3823599871374379,-2.667286231567493,-1.7398771242298359,-2.5923957193816087,0.6198297729368654,1.3418269084971781,-0.5549449994138107,2016-06-09
2177,0.624518715197995,-1.7012186420511206,-4.316000082611332,-2.0853724161977136,-2.0164157537163128,0.23959682184125225,0.9638347259740737,-0.5220957283394841,2016-06-10
2178,-0.295798746952606,-2.0999317746102264,-2.9119958822947773,-2.233837537868234,-1.7418867727264984,2.121178029058707,0.013907996848141865,-0.9216118969545473,2016-06-13
2179,0.046115881023721404,-1.0581495252249065,-0.038971241318457465,-2.2428488902321324,-0.8786497150641526,0.9722381860963377,0.5965642767987411,-0.2393300701209886,2016-06-14
2180,-0.4665036088910701,-1.4762107828734636,0.4491780533848729,-2.4369919800563253,-1.0332349784879795,2.8410806805883286,0.30556048776389827,-1.4257832745405454,2016-06-15
2181,-0.4021221369136059,-1.3670434518216008,0.5214293682381692,-2.683161975453123,-0.6271260964772222,0.49276786092157004,0.17764825267643783,-1.2405610784965602,2016-06-16
2182,-0.07517201489252753,-0.6321213407720632,1.300098497075049,-2.4235500528695035,-1.8288780708006633,2.795362135930866,-0.4647200359291457,-1.5408643594314269,2016-06-17
2183,1.113428839989545,1.032034664146454,3.0945330438464413,-2.208609076494273,-1.8195454100074815,1.7806646806325914,-0.203602995196285,-0.702001852325898,2016-06-20
2184,1.060783799212248,0.46837509247455394,1.8586072089383996,-2.1654854260176366,-1.2377083060520626,0.24671721935273666,0.3548793686045342,0.0674017005344533,2016-06-21
2185,0.6911920991144155,-0.6617504352163269,-0.6783637169611352,-2.179973217532478,-1.6729175928529383,1.2144837552762644,-0.3404941253426869,-0.2737280287703749,2016-06-22
2186,2.350466266843065,2.2748729814949034,3.5331215106181086,-2.0049254110936343,-1.5914865390782935,0.904965250680683,-0.16494852300842922,0.0067923274642961995,2016-06-23
2187,-4.530518824127569,-5.803050377258412,-10.276429758696624,-1.9492755202915715,-2.4999090335269485,2.01295514730909,-1.501164843724934,-0.5769775375140118,2016-06-24
2188,-6.007574428025695,-4.293941500353243,-3.7213338642674776,-2.2863440474595738,-0.9992344969290301,2.081073042421856,-0.9000451064015388,-0.963054782720742,2016-06-27
2189,-3.8335335419289986,0.7080142184004211,3.8080133757155705,-2.447946612061858,-0.9256440693461926,1.5920257361825543,-0.48036928757011205,-0.7239778217994748,2016-06-28
2190,-2.414529465087643,3.432456510888986,7.1702302916976155,-2.329123588409298,-0.7572304000285547,1.9698817173096876,-0.8302936833330788,-1.2056310569058417,2016-06-29
2191,-2.5275551742561877,2.867837946180665,2.995754421848199,-2.607694811598316,-1.6188141341244262,1.100769957337349,-0.7474488071212165,-1.1995361210617688,2016-06-30
2192,-2.8034024455211917,2.4198451861369117,-0.9121585882555808,-2.7598532271856198,-3.1741317862599994,1.8525861087657352,-0.9483626151985977,-1.3641455552413175,2016-07-01
2193,-4.532372356312693,-0.38178033074803824,-6.699395098890426,-3.147893183554428,-2.9063197396972362,0.33871269064539483,-0.6679832774287063,-0.9391388193849037,2016-07-05
2194,-3.6563095862483532,3.75459311211345,3.762489122132458,-3.3135797184367193,-1.6612259450696762,1.9287894313451956,-0.8956428910668762,-1.4478811949322452,2016-07-06
2195,-4.184187217690811,2.487074082729223,0.20713679767515253,-3.439250870631591,-1.2834564799560122,0.302824202462102,-0.5640909851136963,-0.7830833225431095,2016-07-07
2196,-3.293339572723167,4.405186402944717,2.089168199226389,-3.6936238811122086,-1.6008380346068902,0.8011823103288784,-0.9049840571815785,-2.150661688444151,2016-07-08
2197,-3.4191719801728295,3.243017477333831,-2.025775454495614,-3.6336311163787633,-1.659646890855531,-1.132598386675566,-0.42263231505226956,-0.6085881426206556,2016-07-11
2198,-2.1222980298012604,5.593749473624154,1.8135466092978558,-3.292127624974111,-1.5892651791836305,-1.020271413338317,-0.541959628966346,-0.3950471117713729,2016-07-12
2199,-3.320453754520811,3.655365573579359,-3.4952027759171465,-3.5137610876280534,-2.725110392835415,-1.2300477933185872,-0.7435772669784252,-1.034883799043358,2016-07-13
2200,-2.3904960741344166,5.7879599460430935,1.35685813339587,-3.29257646962895,-1.9399525056266107,-1.067557510806933,-0.8245530731810491,-0.509749925641312,2016-07-14
2201,-2.5866424726469037,4.627657832979802,-2.233123220934395,-3.2377878340750743,-2.1525129889700434,-2.1205273130046223,-0.5038127578460453,0.21816364842421987,2016-07-15
2202,-2.5803523450587647,5.3567501235336294,-0.1447658428949659,-3.3223538000153665,-1.8261927884984135,-1.5588574205225818,-0.8244663428236406,-0.35065353238100216,2016-07-18
2203,-3.290370354935075,3.9969020211545025,-3.438358597195971,-3.6417439438747063,-2.0001362401120306,-2.341356989210341,-0.6646629476332417,-0.4268977738358973,2016-07-19
2204,-2.94490260960805,5.0357946398352755,-0.41889274794226067,-3.7599676645238316,-1.1311895270416303,-2.5171591409218226,-0.5571113750414768,-0.28236221023062796,2016-07-20
2205,-3.883054217331795,3.5735022044003415,-3.6249516860104753,-3.8225155814067504,-1.87028088573649,-1.1818209860210263,-1.4474157946499944,-1.1087098241100029,2016-07-21
2206,-3.3019259264815677,5.332147938188935,0.38161432172054593,-4.032190674218656,-0.8694115987177514,-2.43303089670988,-0.6963124814903361,-0.35382992124858875,2016-07-22
2207,-4.33151277146761,3.162565796401797,-3.482586251885359,-4.116295696335459,-0.9437509525872405,-2.1240721225533203,-1.121849248047642,-0.6309200312668529,2016-07-25
2208,-2.361127456326566,4.905631263694235,-0.9909000008310187,-4.496805227277601,-1.1080371570726517,-2.3594140885728105,-1.2501241942598313,-1.8135112889952678,2016-07-26
2209,-1.7251835115951568,4.994918409236343,-2.3291451930684937,-4.628556791241149,-2.327160378178572,-1.8451436255640077,-2.1234282352394014,-2.862694496541583,2016-07-27
2210,-1.5449561904992006,4.6643168455936,-1.1345799770229679,-4.566698127448863,-1.0985055420641165,-2.4632019099783866,-1.841986047809433,-1.9415256913599963,2016-07-28
2211,-1.117859892876354,4.9282108540235985,-0.6394292007963905,-4.14906059121011,-2.1212700386998615,-0.24218191393161737,-2.721423402393371,-2.9483547795078073,2016-07-29
2212,-1.9755348672783475,2.822810754872736,-2.296473326539772,-3.846735910988468,-0.921864652487434,-2.0451399051138854,-2.3184464150454933,-0.8839537474294397,2016-08-01
2213,-1.833605672540539,2.4124783244332,-1.6783182392934781,-3.2740380317948454,-1.1147664527316128,0.13217010523580824,-3.4305388626545628,-1.4192395362321322,2016-08-02
2214,0.1342245382067512,4.1594915596033,1.057419986877774,-3.1260317627363525,-0.9893730622938549,-1.703103862413875,-2.680860336004451,-0.3973097759865281,2016-08-03
2215,0.24701317606577003,3.3006160230001034,-0.06694463006360678,-2.990607993302095,-1.2916635621215034,-1.103748635054692,-3.0887758479729315,-1.1040935619507075,2016-08-04
2216,1.4763702373598082,4.024635661290616,1.4828925217123172,-2.741844608917779,-0.5896054522396948,-3.5760095333648585,-2.195736677787302,0.5215626375701335,2016-08-05
2217,1.5794775118857516,2.8721146938816107,-0.5084242696545459,-2.4629651519386195,-1.5318380454973526,-2.126543486068675,-2.946525557913678,-0.4631449000450128,2016-08-08
2218,1.2550834900983572,1.9304541114936686,-1.4278355874013744,-2.4981463893868114,-1.8922163048205962,-1.8744990553998098,-2.9908495100149888,-0.6551747080048559,2016-08-09
2219,0.5777067059574664,0.4269435737462573,-2.1136537379742624,-2.4561542952032265,-1.8594963729048617,-0.521545273060442,-3.617524522072718,-1.3178855830178737,2016-08-10
2220,2.034387487858606,2.053566830339398,1.5507101027997148,-2.098630123139974,-1.4016375108739223,-1.6894894090413026,-2.8504039478181578,0.1045195737445615,2016-08-11
2221,2.0350409168889674,0.9946762647951348,-0.3909387553512852,-2.0112323479037997,-2.014988240573803,-0.8336163305337063,-2.989466102088216,-0.47716584338886037,2016-08-12
2222,2.795825562520173,1.7725147302230118,1.6877083690723944,-1.7603072028519993,-2.0296713034322673,-0.8078831434813705,-3.097951084692573,-0.10142091311973345,2016-08-15
2223,2.325103944081097,0.009483488056078933,-1.7354509105098848,-1.4205305119778469,-2.969846690462937,0.5856059236136976,-3.7079812829802354,-0.2724005623323654,2016-08-16
2224,2.68419166939045,0.4225649466711991,-0.2559945748748964,-1.5138460483186897,-2.718022017838363,-0.20961944169860974,-3.002489813370232,0.3225274490887845,2016-08-17
2225,3.511919429418408,1.5231495556729446,1.4186130921568305,-1.2186530408751781,-3.4341185151312272,0.9942082244474031,-3.221399462654239,0.12486269349601703,2016-08-18
2226,3.4341096993018376,0.5357470399084805,0.2044005516088757,-1.0576051830628304,-2.81396805325618,-1.0103936609527167,-2.4196345419850163,1.3492592703911799,2016-08-19
2227,2.550701344473713,-1.2439994096202218,-2.1835966141577106,-1.0344443927764215,-2.84191216494786,-0.3917160848772843,-3.046573528835568,0.4415422635528007,2016-08-22
2228,3.2407673157537995,-0.08364728981002642,0.1793740602167078,-0.9283678858130091,-3.0894354596292954,-0.18897576003336153,-2.9418854744455105,0.4752206263340377,2016-08-23
2229,2.283731485741212,-1.880627575693725,-1.6946033568717949,-0.8624823059394258,-2.40077216833717,-0.8939277471368108,-2.833737625425767,0.8153969357110663,2016-08-24
2230,2.8294341447351252,-0.9143049681967326,1.3235058527257177,-0.6755527827213155,-1.8481931291119,-0.4322939630704377,-2.914478955188791,0.7266057980945242,2016-08-25
2231,2.5834704619885978,-1.6554575129014433,-0.11026901284071437,-0.549686753409327,-1.6841914789502548,-1.2643130189122596,-2.6535440423763546,1.2745000215552296,2016-08-26
2232,2.9014755604605127,-1.1103481926183054,0.8420807683779655,-0.775488701791376,-1.6198339887024724,-0.9621846474583665,-2.787391370983797,0.07493999511460675,2016-08-29
2233,3.0719432295490665,-1.3394017357026697,0.1669340414518765,-0.7876448274452569,-1.2762710246430657,-2.1722041002554735,-2.2501421073841494,0.8313760189024815,2016-08-30
2234,2.5188649736082978,-2.092709136930022,-0.625554245688835,-0.8883932494258482,-1.1489208300607872,-2.1512766362550644,-2.6930845927271667,-0.06789561775161318,2016-08-31
2235,2.3413225246051135,-2.185550696108029,-0.3140360328211182,-0.7818270871084454,-0.8807959574302499,-1.4112433039953372,-3.0756301059797915,-0.6311096177727403,2016-09-01
2236,3.4590394737692884,-0.166389517996379,3.5470263407024847,-0.7980138283678498,-1.2046721804648302,-1.6294765511765512,-3.948724579522903,-0.7307495646086332,2016-09-02
2237,3.108034456008781,-0.4671823668092931,1.7045595882077225,-0.44443010041968506,-2.036167692184632,1.2231139624874552,-3.7775629838639033,-1.4517319845059276,2016-09-06
2238,3.1943540174794323,-0.8274887257117307,0.882159085193023,-0.3350155950080914,-1.3831587370952318,-0.3012147873726399,-3.0179908141469745,-0.19959543451833545,2016-09-07
2239,3.630102029157029,-0.8947428894909064,0.4276631938971338,0.19891270675465322,-1.2683301910189155,-0.43655407239848015,-2.904519531310881,0.8514902174497905,2016-09-08
2240,0.7640156067069116,-5.253807531402693,-5.350558323592106,0.36834236629483924,-0.0015062791333260437,-0.46433732486864815,-3.3757545212873734,2.84693611729144,2016-09-09
2241,2.5159722114525733,-1.0271402306401747,3.3504492376730197,0.35066127987447354,1.0085993520402883,0.32438382592142423,-3.4241944253542957,1.7923044190136739,2016-09-12
2242,0.48638416827263053,-4.738496471612774,-3.152049900425906,0.602848542761517,1.551757169252311,-0.4575198625070049,-3.593428929309058,3.5451436249338313,2016-09-13
2243,0.39695057020528457,-3.4586974785526916,1.2138976916360789,0.5783513162323389,2.545483425022787,0.8960791809253313,-4.146703833670035,2.465634717201333,2016-09-14
2244,1.4907072294836072,-1.9650575636139493,1.8548278980321884,0.5287361195307647,2.426851754035737,-0.6149744242936982,-3.4676441891221987,3.8227317910133,2016-09-15
2245,0.7660586197873821,-2.784911230115403,0.6727818906619709,0.36532707050440166,2.997242676000761,-0.7402600763151381,-3.5069155518841133,3.11973689873965,2016-09-16
2246,0.7922348565201354,-2.495805989451792,1.0499914597113178,0.3523913109842346,2.9711099439206397,-0.31860948995583505,-3.855079418386856,3.3514243909373667,2016-09-19
2247,0.5281983795510824,-2.467638644433562,1.1325340189505202,0.19261858091557474,2.981414117617736,0.09274987844650356,-3.927091496714432,3.4351041708012087,2016-09-20
2248,1.8805788607788296,-0.0289775020029662,3.0947036092470936,0.43487641989896697,1.9460517390742333,1.228212388181354,-4.229302895862507,2.6856001868880113,2016-09-21
2249,1.825516365138008,0.20737171659281742,2.694377720720336,0.26150507071208723,1.977982105861616,0.6535527778041644,-3.839094234142345,3.31832898120628,2016-09-22
2250,2.2679672191371085,-1.2173998187863786,-1.3522390433611744,0.26295935667637055,2.2952404198858334,0.3247677910340571,-3.7433309974635764,3.94922301447282,2016-09-23
2251,1.766358668225151,-2.5763180491723734,-4.026058537171286,0.26026617063157637,2.0583014828139374,1.442241008585918,-4.144931376045498,4.386033255245317,2016-09-26
2252,1.888147821707493,-1.1252427566656502,0.11457886724822687,-0.0030148898613688536,2.985874287085102,0.6353331080488082,-3.707059247160518,4.195131043186372,2016-09-27
2253,2.8428523385799744,0.8762328540893755,3.460593570915899,0.2407799729561705,2.700350166346558,1.1862020365265633,-3.6034648398939275,4.294365727458645,2016-09-28
2254,1.3799400402337552,-1.582187555548031,-0.9439706022157983,0.1720260995955182,2.287507618753523,1.6157118380702897,-3.540639398445896,4.945658365391929,2016-09-29
2255,2.499873421230898,-0.03389802121829119,0.960841407647433,0.217944544295576,2.4260593824205423,0.6130856961794892,-3.240214147365223,5.541396822586917,2016-09-30
2256,2.466772076220702,-0.9932711341540409,-1.74669635672246,0.23078685334901186,2.2725987728533896,0.4158960331900053,-3.060990679714756,5.982095057108696,2016-10-03
2257,2.2147456224863946,-0.924026214544684,0.7683384464026242,0.37511403426582435,4.112981468827649,-1.5422934591803206,-2.179518932651337,7.165904444538379,2016-10-04
2258,3.047502480928113,0.11102548239683865,1.945910905233905,0.25075406939236233,3.843227249939143,-1.0768533023328726,-2.5257605802926224,6.386046051800513,2016-10-05
2259,2.631160698615132,-0.7066767951837534,0.32463161893307785,0.23841289003618846,3.93325907301055,-1.8088738940340656,-2.276648733609738,6.8016813632781465,2016-10-06
2260,1.9567692851899705,-1.6617098073154848,-1.5946539838407228,0.0275350533364446,3.484341584885891,-0.9173583094184558,-2.8273709141217647,5.93137502538478,2016-10-07
2261,3.4023340822022172,0.6653182629069287,1.643695223512997,-0.14071345310440583,3.079067846921909,-1.6088313506710652,-2.2769367094250987,5.887319859582565,2016-10-10
2262,1.4558786522608698,-2.742418129061004,-3.6300460254240576,-0.2063920262202613,3.449702446924106,-1.8492757753304248,-2.1245059228835883,6.424064666593851,2016-10-11
2263,1.7533939741885127,-1.4334925588837706,-0.34047047500212374,-0.5349970207655366,3.521425236031628,-1.613356342238371,-2.0608146962595426,5.360242831379421,2016-10-12
2264,1.2330064037127546,-2.003847434678261,-1.4358980025673729,-0.6247310416521168,2.7925948897667614,-0.3350739345926244,-2.320148567211937,4.610544748572368,2016-10-13
2265,1.280240051899762,-1.4585544819757905,0.9988130212698749,-0.5377431259665937,3.9808213814276217,-1.5235852549313391,-1.5910170253198477,5.615307685004123,2016-10-14
2266,1.016238438685763,-1.9378434462703316,-0.29171283925831687,-0.6465843738124994,3.13312868746228,-0.3918541123387728,-1.9785391913306916,4.642552490642966,2016-10-17
2267,1.5437932309872928,-0.6198369205960592,2.0650114921708984,-0.8438644746344398,3.1011149669889844,-0.5550690930633799,-1.634594863695137,4.605784585892265,2016-10-18
2268,2.136215372473686,-0.3138607813965342,0.8417307703809256,-0.8184490212234234,2.3036873274616707,-0.525055580164589,-1.5937700928466847,4.332097631224083,2016-10-19
2269,1.5742330242381972,-0.9946641643311429,1.0544844188477969,-1.0700228482326748,3.0550992430894746,-1.3294101097022748,-0.9741642217234123,4.800588051283224,2016-10-20
2270,1.4144163081407293,-1.4369721558176778,0.07799543670014798,-1.1655402425473784,2.8514593703939157,-1.2530586804492005,-0.7808623452718279,4.682676294006713,2016-10-21
2271,1.982099687955621,-0.869417046201073,0.8102784958902781,-1.2217148973118688,2.8082852961826217,-1.8990870946404375,-0.5026298362041027,4.682873503676544,2016-10-24
2272,1.6871470068092778,-1.565135086090823,-0.8340427573181443,-1.2990190292460628,2.1596697934292983,-1.3978515893178218,-1.0290678982155232,3.4355906352099677,2016-10-25
2273,1.4536238494364528,-1.8665624084995114,-0.29576149627051224,-1.2412767855036964,2.7718811876816396,-1.8129560141844814,-0.6701421573551191,4.515788446410312,2016-10-26
2274,0.9242745200509118,-2.8342962405626366,-0.8172391654737353,-1.3160201416344954,3.212725989266167,-1.312835095925752,-0.9034657294264999,4.675700768028288,2016-10-27
2275,0.8843160293911185,-2.734228528965586,-0.5924688449479938,-1.2104123881131388,2.8689939796380983,-0.6193022846544368,-1.356514945662997,4.111198105241754,2016-10-28
2276,0.05641528129474179,-3.6040641282861294,-0.47031216613751253,-1.473383530855794,3.4702440164645383,-0.5577689940154099,-1.5943348772943446,3.5908789790521345,2016-10-31
2277,-0.4100642386905215,-3.8241158523005883,-0.015635992588613083,-1.3950377918385617,3.0037044679844853,0.9148152452302086,-2.1872500391085192,3.337586276631964,2016-11-01
2278,-1.2466140277895639,-4.688974613300973,-0.8939765117135606,-1.717308096183203,2.6364640832984363,1.612991632074732,-2.478670291100595,3.205816472718423,2016-11-02
2279,-1.771926904469416,-4.732057982333256,1.1846126211651602,-1.7454814467200455,3.0600836339471895,2.5677165426592903,-2.8182917097737117,3.643879334964784,2016-11-03
2280,-1.916317845797844,-4.744665266775975,1.5441841842782296,-1.97219623769974,2.854722088347545,2.97756795260113,-2.886281247513041,3.044771444235103,2016-11-04
2281,0.6413658916698916,-0.883825157916592,6.527051632656624,-1.990208216202818,3.2525561556834646,-0.6882796456941473,-1.835611490363267,3.9430579966528283,2016-11-07
2282,0.10247734923886219,-2.8454048931600227,1.8249101145491462,-2.2033696509221152,2.6200185827773996,-0.7680675225140642,-2.184013597027631,3.702830081605652,2016-11-08
2283,2.2278835689230716,0.742751169132579,6.641803297676193,-1.4620287424444447,2.329051476379798,-3.0529641226796294,-2.0314580328327465,4.6630233277740585,2016-11-09
2284,1.8213934690970797,-1.8073713845860397,0.2457892009698554,-1.2967018019531005,1.4264708340077374,-4.717192156736665,-2.158555193756414,4.575612967148553,2016-11-10
2285,1.766978453673101,-2.017161167221638,1.503119565021813,-1.153741577457623,2.1586927141539354,-6.000199048731788,-1.8744153615325034,4.016572538674628,2016-11-11
2286,2.409928030066478,-1.7401445688532304,1.3237328906148356,-1.0874747586740363,1.7984456252325538,-6.644912593626171,-1.8908550870286658,3.450718265397148,2016-11-14
2287,3.512777035958564,0.08928038730527235,4.0428119347378555,-0.7522048741551814,0.8438909113881105,-5.045114913299437,-2.3754125574687492,1.8108079956890122,2016-11-15
2288,2.219063974172922,-2.932460156086421,-1.5519870309664174,-0.8302762631125081,0.5588314055964864,-5.657130554920263,-2.301234702245138,1.469575988007001,2016-11-16
2289,2.7558165952076643,-2.1350798273201947,1.5269116652663706,-0.623188102163144,1.5554609412232776,-6.7749156692796335,-1.9445630162227958,2.196309448117955,2016-11-17
2290,3.033594163194448,-2.679332409859939,-0.4697123508939461,-0.4601784969270376,0.9400395002205092,-6.977967082499211,-1.7435419957374592,1.991145886618543,2016-11-18
2291,4.078651041843083,-0.4713341896104352,3.994260250592114,-0.12877844794725327,0.5064691979777148,-5.139508340690597,-2.2746505592830952,0.7213470421410295,2016-11-21
2292,4.000437819727903,-1.381685828662784,1.4350673115979258,-0.0845539636481267,0.28620168167379856,-5.849343958223121,-2.0130168385141656,0.9768026005017467,2016-11-22
2293,4.117084364017947,-1.9172533163254344,0.6404732669984499,0.04254674725301958,0.8419045990488877,-7.577701003231102,-1.2836951427737557,1.663763397192286,2016-11-23
2294,3.946946569987169,-2.548864553906757,-0.9856786823868524,0.0838257510923559,0.40019583237021716,-7.644176911274562,-1.4479375297933081,1.1542237263274084,2016-11-25
2295,3.3086954865871405,-2.8503241624724023,-0.2118641786425176,0.2094854598910394,-0.09686105517677515,-5.407277082014932,-2.215492065574108,-0.18879216348311983,2016-11-28
2296,3.1755324538314995,-3.0214658550491094,0.09864466468888818,0.13750576437027331,0.19097949956131352,-6.087151123409209,-2.017858637700768,-0.4973780519149256,2016-11-29
2297,4.6662868824535675,-0.9700466087344068,3.934948010456171,0.8592662275501362,0.18695186082560453,-6.403861739646048,-1.4183472244219382,0.7943498415277891,2016-11-30
2298,4.742296598314998,-2.1006000165087144,1.2640952533838776,1.1289632409505856,-0.3758200480407058,-6.412196617139303,-1.5575322114544754,0.8182435063640904,2016-12-01
2299,4.822501906128797,-2.0919896415232446,1.3865657895988943,1.1294401392835542,-0.9689211560778814,-5.673896053434467,-1.6848255768934268,-0.29749482127714894,2016-12-02
2300,5.911764140575846,-1.0463919498187013,2.5315184793715595,1.2437585765906631,-1.1942690494861168,-6.775839813846425,-1.2979124904150965,-0.546864918394049,2016-12-05
2301,6.208670588647498,-1.325619247003367,1.85121031222083,1.3070810114112807,-1.0722134841530084,-7.65169720549096,-0.9465042929389491,-0.33650830347000144,2016-12-06
2302,6.460161104166341,-1.4776092104338994,2.2261039097040003,1.3383990001386834,-1.1967954402013077,-6.654165523224845,-1.3449008936874756,-1.1355624687605794,2016-12-07
2303,7.5697204843112615,-1.505077923910851,1.4675784747149352,1.9644568583635167,-0.7848769913689028,-7.410168598037262,-1.1424732140255878,-0.8168924432650211,2016-12-08
2304,8.06773225013841,-2.213610910867708,1.1049965825120658,2.0994489774590046,-0.44349692552875897,-7.7081698804827425,-1.101440899741549,-1.2105848237329033,2016-12-09
2305,8.128979450295777,-3.0037359992564268,-0.2749788623277047,2.2872118047045977,-1.1022281123139142,-5.4746304150445715,-1.8407968892131334,-2.0351609185654187,2016-12-12
2306,8.78043219546986,-2.474137714593863,0.9650297974637707,2.1549992583833153,-0.8333902480916102,-5.706816844447931,-1.6385430105554757,-2.01887808165477,2016-12-13
2307,7.216557137031953,-5.1232865594643044,-2.425194070136132,2.3039073505092906,0.05348588126732476,-7.1902390461471,-1.4468959245713877,-0.8713024860026397,2016-12-14
2308,7.686160793645389,-4.061262168694694,1.302918531610715,2.244080137370378,1.2975545463735378,-7.450535781577062,-1.3115650996413108,-1.3645488774570407,2016-12-15
2309,8.011592620732479,-3.814198752880317,1.0141135738301876,2.5970831006064707,0.2467422707838057,-5.682191915562654,-2.1495599666765877,-2.252138009309879,2016-12-16
2310,7.9415640957284666,-3.803884561258324,1.3204416725543004,2.439027379874726,0.3368081887269764,-5.207724641534043,-2.3284576797504974,-3.1586107452151078,2016-12-19
2311,8.311508455130188,-3.6827398024471374,1.5814927651653479,2.4711241511896085,0.5723561018826764,-6.019809721142509,-2.2464326648429283,-2.489470993932608,2016-12-20
2312,7.743853544721875,-4.497309342295049,0.8296130166264498,2.4299229569578293,0.5994121782025198,-5.652521541886821,-2.271749147567802,-2.4047252389603937,2016-12-21
2313,7.760000448997431,-4.813080179616778,0.6398471947371814,2.55130712528745,0.7222362595861324,-5.289192996660052,-2.3431026051125783,-2.2069713283054035,2016-12-22
2314,8.292698264478549,-4.1805831495597685,1.8097356890668987,2.555021861594271,0.5271369068771442,-4.279871728783105,-2.869720946645823,-3.0026646489105095,2016-12-23
2315,8.335693545733953,-4.42522297823559,1.4925275085479233,2.686139798636593,0.43069842927103574,-3.8350038718411863,-3.0293351216423514,-2.5845674743280997,2016-12-27
2316,7.303491415311215,-5.964897820654645,-0.8353439398790968,2.4240066209409994,0.43911420693518133,-4.128753683408307,-2.8871586294595355,-2.374999100359204,2016-12-28
2317,7.5471048674218935,-5.236469778782328,0.6386554399574152,2.604619027713523,0.06592226609458993,-2.455285010816672,-3.5120074716909584,-2.9167018628678134,2016-12-29
2318,7.242637106645857,-5.753288423534715,-0.0034547338689610496,2.2544429546438307,0.5355676001952886,-2.4254000906088136,-3.0099036276234115,-2.346706684188205,2016-12-30
2319,7.730195965301499,-4.197793149494943,2.483360748881368,2.0501430385948907,1.0846473448839677,-3.3388584179118745,-2.582548247200704,-2.670455914026475,2017-01-03
2320,8.445192004653588,-3.0290163885978596,2.7214137136846963,2.0507524880997674,0.27644244118049144,-2.302439321805095,-2.895061144416586,-3.0359894257515614,2017-01-04
2321,7.273991435009936,-4.1706239420400495,0.18574284040020755,2.1161152515677224,-0.768936239061577,-0.006771026646894047,-3.4226250515600722,-3.719371487928605,2017-01-05
2322,7.3667763640103665,-4.034547125183795,0.616107024245111,2.1637593432504656,0.26424048612233897,-2.165462462105288,-2.3859199048447444,-1.6292877807345576,2017-01-06
2323,6.245087529737649,-5.049583284053425,-0.6899135045994406,2.0416815929882306,0.023035447079867016,-0.9245511809109469,-2.9410214626626208,-2.3933438489379903,2017-01-09
2324,6.018373559123789,-4.575785820988921,1.0831079607747853,1.766684907293493,0.5650001709641782,-1.2243783131569508,-2.613657741750117,-1.860565760943196,2017-01-10
2325,6.659497440952244,-3.6810303718513313,1.9500889181914527,1.7839134068970584,0.09457488175992981,0.3237780533280049,-3.0168106478678007,-2.709012403052304,2017-01-11
2326,6.7697434758292525,-4.514704016669239,0.6336815627013168,2.0734326745897786,-0.3871301538076345,0.7531072511248871,-3.805329366726879,-3.0517995917466303,2017-01-12
2327,6.775147981226581,-3.8288612099766124,0.7815332319769412,1.436099009679479,0.5816728176335236,-0.053402184296988446,-2.7817379398089965,-1.5930848111180995,2017-01-13
2328,5.992170487136761,-4.381960489235645,-0.9237917671365002,1.6274222441586794,-1.4120346253033103,2.05209989725656,-2.941911202601761,-2.3049751457708627,2017-01-17
2329,6.057604055735427,-4.320617798633484,0.48872061192918886,1.6316470561767205,-0.10399124837207621,-0.09161823704337108,-2.2087785954950956,-0.7157185805963444,2017-01-18
2330,5.562209784874448,-4.841269756752441,0.6217994556776335,1.652317592364572,-0.24590181286379034,0.7286253374128405,-2.5071617724068562,-0.9657117737717019,2017-01-19
2331,6.194170780658962,-3.4717655725268397,2.956116710538259,1.628591830906163,-0.473723919146152,0.8684241459908821,-2.262614548066814,-0.96468784482781,2017-01-20
2332,5.187338996092496,-5.006893518490075,-0.2462863852266975,1.4181468766415486,-1.3076988208000093,2.1105126548123723,-2.6069138007515824,-1.6539651393214714,2017-01-23
2333,6.297590489568947,-3.0512630463192085,3.11312761452571,1.4383572245025975,-0.7674256941829046,0.5651694374697077,-1.8080301919950146,-0.5623314215217422,2017-01-24
2334,6.762635777705116,-2.713790971610342,1.9722695736963691,1.4516986501473033,-1.2853834423724646,-0.301910970763342,-1.7630479664249095,-0.18446025846387787,2017-01-25
2335,6.4893012573699425,-3.04555803618626,1.3936638112008206,1.2647986558948572,-0.8743486738305607,-1.2948934267428251,-1.0115695621553313,0.2797612099820182,2017-01-26
2336,5.871575613944082,-3.77854302561134,-0.48759504841797835,1.0458624964119023,-1.4971263601893172,-0.4244461370597871,-1.5108979304878418,-0.9038382127421833,2017-01-27
2337,5.03969591347041,-4.753272371301718,-1.7631150159305211,0.9366532655501916,-1.531171965217152,-0.09317891578820497,-1.7684014633389933,-0.524743062091959,2017-01-30
2338,5.20998490333769,-3.6662489152793243,0.37382481071395374,0.8576931987648896,-1.8406604376589983,1.2138392415535983,-2.1622886480049983,-1.351220272980499,2017-01-31
2339,5.7783628766803865,-2.747378246541863,1.7727195863463923,0.7707491623265958,-1.3941276998797605,-0.08750024656618965,-1.4186009005736826,-0.006097563157136332,2017-02-01
2340,5.566114800676268,-3.260867955637134,0.6461499381952112,0.6606762352206433,-1.5326070194312202,0.5339858356706995,-1.5971373993205429,-0.38006756470832675,2017-02-02
2341,6.400917369216829,-2.102546223416551,1.8793153402724727,0.57165260693983,-1.447804650453267,-0.13245354280254368,-1.3267447837140685,-0.07534697030541881,2017-02-03
2342,5.660613255228908,-3.3913033344494328,-0.9863024083761769,0.31975133100975167,-1.8907530651097026,0.38543235701038164,-1.769432811773016,-0.7654630481259574,2017-02-06
2343,5.04567198452361,-3.5742640601149587,-0.46621976556639383,-0.001490804886890652,-1.216461443996903,-0.3511412793981738,-1.255861894131209,-0.33581123785658445,2017-02-07
2344,4.666974154188379,-3.169673931214325,0.1567566930678128,-0.2511008246741282,-1.8361945460759057,0.7455524039689131,-1.4707059832023384,-1.165212336210375,2017-02-08
2345,5.619077255379305,-1.444349856861591,2.8184496119923566,-0.14047010288608383,-1.099664876885078,-1.0186630320826735,-0.6267338321132939,0.2644619174379901,2017-02-09
2346,5.339008876013935,-1.8431710382470405,1.468966170681439,-0.4679874873091138,-1.703161467477743,-0.15433938844233813,-1.002972759036441,-0.7419128259713702,2017-02-10
2347,5.493520437209261,-1.8026705398670222,0.7825222991143692,-0.7418106535002722,-1.3927219450317057,-1.5178143682236858,-0.606817649249133,-0.1953066215289997,2017-02-13
2348,5.780185948008965,-1.5340150557917192,0.024063184804249134,-0.7944850121661592,-1.8255363986352542,-1.294985687763742,-0.7821302416950451,-0.38862328158184767,2017-02-14
2349,5.981424726110648,-1.43176456206418,0.1706978166598015,-0.9889428445475777,-1.6072755921100823,-1.316994330543714,-1.3770021096448888,-0.6253061721633137,2017-02-15
2350,5.483454668426576,-1.584970141807152,-0.09014321984348832,-1.246632861414543,-2.1856736068529887,0.08857921003467611,-1.8790235120113181,-1.4435751854543755,2017-02-16
2351,5.630642239255342,-1.3937647668153146,-0.5538706295008016,-1.53684542770323,-1.8459120219677603,-1.4537672176850398,-1.270207229331342,-1.046757981903132,2017-02-17
2352,5.874480891256763,-0.8889045489092078,0.19727203668752896,-1.6560157769697297,-1.7455551896686068,-1.2568753616266117,-1.4513741802511286,-1.481385429977504,2017-02-21
2353,5.441660271382167,-1.5559351810450073,-1.1390046294860268,-1.820694503215795,-1.8225899107542851,-1.3144364367595285,-1.7524519778328693,-1.729294466192373,2017-02-22
2354,5.115432503629409,-1.3339645747676423,0.036017109086892325,-1.861174202596209,-2.052752010471644,0.22930122301576722,-2.2314622788668728,-2.456008172224166,2017-02-23
2355,4.396890080253687,-2.2732943194466766,-1.3586407855590064,-2.1121583377732045,-2.0323796602785897,0.24584014745382915,-2.0945113055103577,-2.630280879752902,2017-02-24
2356,5.090596954775851,-1.2614828543569279,0.911796903493826,-2.0533336786948393,-1.5231015016677607,0.09286906351891272,-2.2273559214670735,-2.152574199619097,2017-02-27
2357,4.370759615338986,-2.494147367547227,-1.0995855136982264,-2.0973026579290055,-1.729986872183537,0.518788926059691,-2.4308643409514405,-2.1911558183869886,2017-02-28
2358,6.53079261597407,0.30338581497597766,2.765244839193656,-1.761935782062946,-1.2361295885296306,-1.5317277498979922,-2.3006908599126645,-2.1029737590181585,2017-03-01
2359,5.40645226885552,-2.1503358435663262,-2.0499154844897993,-1.6786861829102515,-1.075361007860395,-2.52007731704353,-2.0062292066498784,-2.1706807038661027,2017-03-02
2360,6.008998997128781,-0.5513453820059548,1.2264762542594656,-1.6756326850241638,-1.1756035906855271,-0.6283888189275245,-2.7742405535977235,-3.583029313057305,2017-03-03
2361,5.608311135490759,-1.929785578991912,-1.8815932885976663,-1.5779243486323338,-0.8315065990136439,-1.7676820667836335,-2.4473877449526116,-2.7595273491926315,2017-03-06
2362,5.050429693076519,-2.4501362728831078,-0.41255175938671346,-1.3163748412772533,0.34943120217709256,-1.3233713178642268,-2.7295020704910185,-3.0573970467508595,2017-03-07
2363,3.919722163733538,-4.144033873209792,-2.517153620250356,-1.1504667384841765,0.9455996958665159,-2.7921876128301615,-2.919882173245523,-2.90701155128212,2017-03-08
2364,4.378126219449234,-3.0079910233530187,0.7786055069228993,-0.7747575948621634,1.3675211862722434,-1.8274295547120545,-3.5083216932788717,-3.4186989649639257,2017-03-09
2365,4.46954734879108,-3.0374686682638683,-0.1139552458267427,-0.5504818469577785,0.7803842197991945,-1.2781050059088652,-4.043718301728614,-4.416173142226582,2017-03-10
2366,4.7506426515094375,-2.464963939251728,1.8578631472491414,-0.4382152302726438,1.4370821643828853,-1.088226048307763,-3.9778360021554593,-4.152942038384007,2017-03-13
2367,3.5551153899219408,-4.507397301758113,-1.515486936509904,-0.5936084494429894,1.6994502278557546,-1.5399159348645983,-3.733680630896012,-3.7264869825526112,2017-03-14
2368,4.978784977601076,-1.241469705016284,2.8085315751245714,-0.031079087336235402,0.4865893005590567,1.5077279548341882,-4.818986965470325,-5.629342345971609,2017-03-15
2369,4.649851350918304,-2.3508827446727096,0.32331472948269846,0.26100818831926437,0.707887041150456,0.7500804026318628,-4.440559908049316,-4.374067639275704,2017-03-16
2370,4.713010293164476,-2.188678467671637,0.6512398829702399,0.288203952247381,0.9714537204915167,1.360504584702402,-4.2944007719909365,-4.676693031062227,2017-03-17
2371,4.296021276133774,-3.0815317767586397,-1.6055121094666522,0.31382804187893526,0.8411464953563886,1.0444633698650856,-4.028884086788817,-3.9434407439389294,2017-03-20
2372,2.253619038502615,-4.995848096407302,-3.338126884309884,0.39909293573660837,0.5534492558513276,3.1604591215599505,-4.477579277287901,-4.222611812004188,2017-03-21
2373,2.440015581776576,-3.7583149967580827,0.26057692740978916,0.30698145445646424,1.3420338166816617,3.2921351972983137,-4.1614052925117955,-3.8320547625973655,2017-03-22
2374,2.380329443640456,-3.6358234215373217,0.814023473163458,0.3496660845874994,1.8645596876225845,2.8735292127133363,-3.9440036460154535,-3.5510421631780464,2017-03-23
2375,2.47415284128205,-3.3976751441779998,0.7849681125613178,0.22420290989604033,1.8477647351144157,2.6437362515531877,-3.624038589100942,-3.1767947989749277,2017-03-24
2376,2.4727265013708313,-3.3714087790978127,0.16268127673409338,0.30142161700816855,1.2533253178128678,3.4010880754649864,-3.983574085936318,-3.644267619574992,2017-03-27
2377,3.3888618029721433,-1.7350927208808602,2.4247896516761194,0.3379994946922786,1.7175604092303711,1.9312882811024392,-3.259514859606721,-2.6804979699560953,2017-03-28
2378,3.46275146099084,-1.7553104185719621,0.8353621468468453,0.3240087189950481,0.9176933957544257,2.1996535483918906,-3.2598821723050464,-3.042278424312028,2017-03-29
2379,4.0067638955336,-1.3267602066282327,2.219149056432902,0.3039804140612405,2.0208930839707957,1.2047451273643217,-2.6556818284626376,-1.5640943765247133,2017-03-30
2380,3.5422425490843197,-2.752781597935125,-1.3794897415562297,0.16644109626146777,1.0652193358980933,2.1781572312854576,-3.304423871922921,-2.2921703180316833,2017-03-31
2381,3.101701433356142,-3.0332549020461474,-1.1210843287871772,-0.09447691669916933,1.3089143648691892,2.5398213085284915,-3.2780937817928137,-2.489099619593085,2017-04-03
2382,3.5333785660001418,-2.1181085420932213,0.4528163858877648,0.03141776114194975,1.0638397367705483,2.5155486802877327,-3.0566078427114105,-1.8733749716693353,2017-04-04
2383,2.5512606246888176,-3.329040403985694,-1.0759899109644797,-0.27160436327530774,1.0360883184811143,2.6520547928959304,-3.036664465956381,-1.668820718876959,2017-04-05
2384,3.5991661553823304,-1.8739344689097654,0.9344967201826363,-0.4831384249988409,1.0925593155338804,2.1287956131499772,-2.6283286251693987,-1.5093455604815733,2017-04-06
2385,3.080081042236098,-2.6395224971647573,-0.7522933928464898,-0.6927435160279196,0.8279585916308458,1.9971383403160758,-2.538547476995016,-1.0368581851743939,2017-04-07
2386,3.1543454762236647,-2.3598149531754316,0.11052970930624235,-0.8282335848343493,0.8921737245853932,3.012949050018428,-2.807363011887863,-1.4391531367903376,2017-04-10
2387,2.5915916597717987,-2.7251730677668817,-0.6625741842303023,-1.024893468699502,0.3063530170962988,3.956621923275378,-3.08978706751025,-1.672559548919049,2017-04-11
2388,2.0380140729243053,-2.9382541050397704,-0.6656356084630781,-1.188942915374004,-0.019360409352754265,4.490096882865289,-3.2123590490401837,-1.5102063692998011,2017-04-12
2389,1.0261438111120447,-4.258101393900088,-1.3649316569794183,-1.8150192228415605,0.533079341495144,4.005277978773719,-2.8066267189618235,-1.0149339808355047,2017-04-13
2390,2.1492944385488615,-2.0130188122472594,2.873681289934239,-2.1467191048797423,0.5760984207196651,3.1892753501642797,-2.6486371553189065,-0.9983014525429947,2017-04-17
2391,1.6227569225445724,-3.060995535877277,-0.1738224586756713,-2.3907209817285735,-0.7229293588751913,4.176419585490343,-3.198953784875204,-1.975627603630713,2017-04-18
2392,1.1704504046970308,-3.559543674762102,0.12991071288745965,-2.5263082118534537,0.08397215644344733,2.1658129638072836,-2.640803862007367,-0.8772470126822351,2017-04-19
2393,2.8442906866270414,-1.6977745029279325,1.3926887686020983,-2.6939297591719886,-0.6874905191923549,1.2658882609693474,-2.6467162225267398,-1.5507678526790212,2017-04-20
2394,1.9484824492819621,-3.0087265592852113,-0.15820446902044422,-2.772568030633656,-0.749506131251553,1.1694944643851626,-2.6177185308320756,-1.3864092041553242,2017-04-21
2395,3.761255870992354,0.17328296759156683,4.473697184215522,-2.674177947997571,-1.0866108083316275,0.8087932041625946,-2.451160077483999,-1.8245060787009384,2017-04-24
2396,4.033664331225559,-0.306351390741667,1.8763588562274958,-2.589743622126817,-1.5460915921304648,-0.296793494359361,-2.103978765990972,-0.7989475002524031,2017-04-25
2397,3.1472869427079195,-1.3726806256779525,-0.43066278073539804,-2.898582871745577,-2.1169518920571533,-0.10955831062448124,-2.05799318938663,-1.4329525734693715,2017-04-26
2398,2.90065915257116,-1.6708782568190066,-0.6021947041775259,-3.0960918028168076,-1.897234476072749,-0.46145474617974286,-1.5532571675477675,-0.6934126483432257,2017-04-27
2399,2.3270341316472507,-2.188451341963915,-0.6660308534350592,-3.1183316415813005,-2.0281110612931155,0.96591722658681,-1.9740670129921167,-1.4243739287424337,2017-04-28
2400,3.015669002513608,-1.3358742115320654,1.029283988075564,-3.0794256974586056,-1.1323197346471205,-0.15749117986522382,-1.238350320625923,-0.6311196236015171,2017-05-01
2401,2.4804181334824227,-2.069200020884115,-0.2953458135336426,-3.254902943935841,-1.342517873042267,0.21568336416729467,-1.5138907637167645,-1.367315384810173,2017-05-02
2402,2.494863058215768,-2.155166483751852,-0.5056987758468292,-3.294998562072021,-0.9145181281969038,-1.1298793163325183,-0.7189029511154833,-0.6766109004566251,2017-05-03
2403,1.8466247585413658,-3.0812632444303043,-1.2803868217129777,-3.0665205878873336,-0.793756594004987,-1.1016560952002201,-1.1794733408877032,-1.1510213816002208,2017-05-04
2404,2.6561354199052394,-1.2764452551457166,2.1535706999225717,-2.8964160764233333,-1.0324816666671757,-0.3640463062420836,-1.199023787791294,-1.547923270464417,2017-05-05
2405,2.7923885220794826,-1.5927512176851075,1.2299566238518316,-2.729630472943413,-0.7506439047197963,-1.321781267400958,-0.7004850655467262,-1.0331008400976378,2017-05-08
2406,2.5687728766714546,-2.211166087325984,0.4336606515552821,-2.7201804182712768,-0.3934945363383632,-1.8487232873573842,-0.48883731944217185,-0.9696302591387934,2017-05-09
2407,3.2914869729832144,-1.3738790551703013,1.1107318129198043,-2.5132721349219156,-0.8339483961294628,-1.3305663186755163,-0.6928696622865188,-1.2746296269943302,2017-05-10
2408,2.799840997973381,-2.0402115504967377,0.06911538185914153,-2.5680243069645696,-0.9570531925836204,-1.1421505140416688,-0.6645964521381544,-1.2883930167576148,2017-05-11
2409,2.7320981204717523,-1.8140843673405416,0.4381392608189652,-2.5869566169360767,-1.2521256353673165,-0.5625536494318448,-0.86820177782475,-2.0797947733041147,2017-05-12
2410,3.7720775307277132,-0.5247397149416919,1.5760681126445912,-2.4306853055105324,-1.6130308512495672,-0.9309832184382029,-0.6968895297336298,-1.649822441808727,2017-05-15
2411,3.252428128388543,-1.331610510907311,0.13974917423683292,-2.3863038814630246,-1.869688176356592,-0.13509929493398076,-0.9334010408046415,-1.8882525930315541,2017-05-16
2412,-0.2926568198402088,-5.275777234197398,-4.7603953185530905,-2.6231506206368995,-2.552080675303023,3.120724643301297,-1.7802696034815302,-1.6606098995853567,2017-05-17
2413,0.682654553376298,-2.6286249771665378,1.4159500504366211,-2.8879736798437916,-1.111241893132106,1.1864062435550364,-0.30118666655200155,-0.47049205504296304,2017-05-18
2414,1.3894444192248143,-1.2348047300925598,2.762935931277606,-2.7973638597648396,-1.9954479853192542,2.1779488529572033,-0.28537320919276943,-0.9002411284385211,2017-05-19
2415,1.7760347392409808,-0.4089679359554583,3.9196196492609645,-2.8437490986716427,-1.891770028250244,1.6013183470986543,0.1680873493772545,-0.4596370666866655,2017-05-22
2416,1.6785923048083433,-1.429097907307117,1.2279689773266336,-2.810425913271819,-1.9746078655098969,0.6520461728220796,0.6070304784175969,0.3683533456004184,2017-05-23
2417,1.3698392768406398,-1.9565775614335426,-0.09153733864740925,-3.010681677720736,-2.5360030319862004,1.283552501671538,0.47268229329339156,-0.3143173062262828,2017-05-24
2418,0.8899355242749213,-2.7641283753355896,-0.7366480626875662,-2.986122900916765,-2.0652626195012544,0.11353003996942573,0.5352665415867305,-0.05162525443373772,2017-05-25
2419,1.2363094255487035,-1.3595414373082384,2.8799237331119283,-2.9380670483949016,-2.1132832222405415,1.1912241981375837,0.4397268210836713,-0.5037934821988829,2017-05-26
2420,0.6561769651504318,-2.930193824564012,-0.657337829225951,-2.9836333349324957,-2.469448174142127,1.0201452036893093,0.41200685040994467,-0.6153081549075717,2017-05-30
2421,-0.09616057185479783,-3.199332174725812,-0.0527746464283339,-3.1768903203680625,-2.5851060476080416,1.6656719903047064,0.4486167318689813,-0.9384571335642046,2017-05-31
2422,1.0634261159547511,-1.6615942064279294,1.976754847083149,-3.2039127582286473,-2.481774612666362,0.9211984812924743,0.7099971091559172,-0.7265449961502808,2017-06-01
2423,0.7601623210853401,-2.060889375197594,0.9775160298466833,-3.3164855947819603,-3.2077934684526235,2.2336244891457233,0.0607099925295127,-1.8872731081635894,2017-06-02
2424,0.9840480582505032,-2.0555800272549387,0.7471335828862673,-3.408751757630067,-3.0624076731423333,1.6522395075042624,0.4309839176614897,-0.723760205116987,2017-06-05
2425,0.8548814172501161,-2.030084000471719,0.7272726773779707,-3.4072198323810223,-3.717407256784669,3.205574471381844,0.0034514016847012577,-1.3560927005496102,2017-06-06
2426,0.6023612234318876,-2.781483897231127,-0.022693785266388704,-3.434505493642789,-2.8484318608386507,1.3279597955242592,0.6310237818804534,-0.18195339434524804,2017-06-07
2427,1.269611714832769,-1.747052749777937,2.1867482349760796,-3.4586217250864864,-2.662204382464801,1.1187319905250412,0.6458958686312664,-0.5352685545310548,2017-06-08
2428,1.4514336621601174,-1.9794410625032983,1.8955564771272537,-3.325781957263596,-2.608686433131365,0.49004040588854686,0.9463118190646455,-0.10771838497525368,2017-06-09
2429,1.44708670749935,-2.5928070665533944,0.7797865053576994,-3.3112866327315396,-3.0775134319072115,1.226153057301489,0.46687974691997014,-0.9242209400898951,2017-06-12
2430,2.4413603484812016,-1.5374709509616702,2.2405290081012565,-3.298733783770985,-3.112651402890472,0.8175851727791709,0.7298647042646724,-0.7557323100134645,2017-06-13
2431,1.0189042500637073,-3.697031793692325,-0.7008213168890522,-3.548515378328512,-3.0187806205572154,0.2629523302536672,0.7030368104724593,-1.2937181538686437,2017-06-14
2432,0.8094982219923125,-4.0392913486489785,0.41059739491805475,-3.5461212982309402,-2.113529738245646,-0.6780673771032252,1.1634672487338376,-0.5630208850049403,2017-06-15
2433,2.669752382718925,-2.5271896675923857,1.482004364648592,-3.0079598939672767,-3.022361399030527,-0.6448952453915869,0.5127022891847263,-2.4103975017766692,2017-06-16
2434,3.2754424125111514,-2.6180410488511674,2.041906857636142,-2.750609838821947,-2.003788231555462,-1.806583832574927,0.5034884596869185,-2.2866021989211145,2017-06-19
2435,2.5100902078173974,-4.753643239874134,-0.6386415151648743,-2.646153540777246,-1.5022401191418702,-1.1570303646248177,0.08450800677996595,-3.0106063985009754,2017-06-20
2436,2.121907107595549,-5.361012171872831,0.2231081490856645,-2.372011929093654,-1.0088940236679416,-0.9296900469770685,-0.25140901296038015,-3.1404890473351768,2017-06-21
2437,2.57986028935333,-4.975994644461754,1.1144765526152258,-2.1697870826612093,-1.2879944196972115,-0.07759124338515305,-0.5220880127672097,-3.669246807947282,2017-06-22
2438,3.3847726811021124,-3.788658630483736,3.9419419585572415,-1.790316601343545,-1.0520375751535334,0.5022784290023092,-0.7441666689660688,-3.947392053576528,2017-06-23
2439,3.6039698798433544,-4.4647897738529165,2.174395698760304,-1.7280383494493075,-0.9488462266320871,-0.429629647688401,-0.3286705972513494,-3.616900869834157,2017-06-26
2440,3.141433405817545,-5.388350423160743,0.9278641320952126,-1.068719225571248,-1.5599607497821477,1.211781818231716,-1.3104861686757463,-3.2747014004684765,2017-06-27
2441,4.488092349488729,-3.492702704795601,3.2950623268077903,-0.9724033752888712,-1.540404412115758,0.2803194509165389,-1.1494767218615087,-3.212856772302089,2017-06-28
2442,3.932285858515507,-4.786382938126478,1.2981671594906727,-0.7265301997551916,-1.5017963740085818,0.5894243743460108,-1.4903276702766146,-2.487220266901616,2017-06-29
2443,4.338253716364171,-4.200290849289395,2.8132100588836595,-0.5756560606904838,-1.0426385195647112,0.4414815160483872,-1.1335500139589634,-2.0477939556544196,2017-06-30
2444,4.851486941156522,-4.467313471574278,1.496847116516838,-0.377090866732205,-0.6408669678641732,-1.49709874517431,-0.5713531408014678,-1.1513846947429593,2017-07-03
2445,4.207408760098418,-5.414596552021262,0.4314133882270425,-0.4244484210012058,-0.6425251897020746,-1.188073084079463,-1.2874007833198275,-2.3193591790854593,2017-07-05
2446,3.8003108104044494,-6.183343628099729,-0.12411106952628574,-0.18524404507193012,-0.49676246330350315,-0.2399004568230219,-1.9503534281585888,-1.9627949682733612,2017-07-06
2447,4.418238395664832,-4.932577426271448,2.6192525772149926,-0.2564927101539182,0.23660603774344788,-1.8193470677207895,-1.3032349434339854,-1.4294227189870479,2017-07-07
2448,4.283872457743708,-5.387441353942277,1.2033437952978132,-0.22252644966284704,-0.3258881628466156,-0.6897612269271668,-1.8111860605230237,-2.0453707328667265,2017-07-10
2449,4.447678241638345,-4.654634953777605,2.865117977915909,-0.1615733581184565,-0.32332409395074546,0.07740291382000292,-1.8702417117663166,-2.090006952151133,2017-07-11
2450,4.894120446795697,-4.2267934625880965,1.9863172319536888,-0.26709783358992195,-0.7721798684011255,-0.18612777024032878,-1.8777092091976364,-2.3376953470844564,2017-07-12
2451,5.25625627658906,-4.065490743780765,2.03760327572841,-0.06967328311499796,-0.4370476838831189,-0.5438890375239552,-1.7510497151249593,-1.6556292133979422,2017-07-13
2452,6.036144558230429,-3.3395047919031198,2.1778672342769236,0.11972697425295634,-1.0855300000481773,0.44578557726769025,-2.0999159957559304,-1.7792299290075564,2017-07-14
2453,5.60149175778892,-4.0923444851866835,0.583126071808755,-0.0029407529478437623,-1.3031754442500916,0.034284074061400945,-2.0216588548125394,-1.320787936606227,2017-07-17
2454,5.447004167561557,-4.149947607853749,0.3269179903364628,-0.03617126378441656,-1.7574985788282516,1.3799135350822924,-2.6022754578349487,-2.233913140000133,2017-07-18
2455,6.067228992995158,-3.30104818915748,1.707765100932958,-0.08994932586465085,-1.3632697795599737,0.7073190508440393,-1.9401350647500013,-0.9993508947676677,2017-07-19
2456,6.171588303745324,-3.5007713593230023,0.9516974020426336,-0.04968407414083272,-1.9752743626550804,1.079022307658754,-2.3582925895050324,-1.432130365589759,2017-07-20
2457,5.970048471490976,-4.100359362940525,-0.38359016804104834,-0.10056042162620757,-2.293058292052045,1.0961039937029524,-2.5503280706288676,-1.4308366635998735,2017-07-21
2458,6.132201935265873,-3.8093526153306048,0.8803564315694303,-0.11735032852690438,-2.1636379064703557,0.9852631075173144,-2.5920689676773763,-1.010040052462811,2017-07-24
2459,6.740464767017842,-3.0250038500845213,2.4699422143676237,0.023205621292763077,-1.8474710763562825,0.23140121979152378,-2.400836736823063,-0.06523315359545984,2017-07-25
2460,6.519491877159966,-3.4770043579933514,1.5026762023704823,0.08012491651146239,-2.6117876277464083,1.8906573326608311,-3.1100005489684146,-0.7325794431645631,2017-07-26
2461,6.5150196520429215,-3.9874773037364633,0.4282778952811805,-0.06785769741993083,-2.4603225841636527,0.6278054199994931,-2.5690255808815516,0.2167903135647276,2017-07-27
2462,6.235676834745979,-4.48480532184356,0.13400288953931133,-0.037880626797123416,-2.883642393624157,2.2808211693674108,-3.225447311077489,-0.7068247224746477,2017-07-28
2463,6.686887182623739,-3.8703892283666077,1.2839535597635043,-0.13050059249171705,-3.047842295265486,1.7959164977154791,-2.9041118871373497,-0.46101704035939767,2017-07-31
2464,6.631194426218844,-4.103798019381874,1.3030756804084438,-0.26108463525265685,-2.764147766750459,1.2474581222670307,-2.8044244558914846,-0.7937365871189812,2017-08-01
2465,6.46343303561147,-4.60844131164082,0.559347782891656,-0.3616542976367851,-3.0001292894212415,2.056724777202278,-3.0074989709290443,-0.6564436905472788,2017-08-02
2466,5.824051515362551,-5.3794995009044415,-0.866272494940719,-0.5555178884862954,-3.2264930969869194,2.728965039803893,-2.9581210158954185,-1.1281169020263087,2017-08-03
2467,6.9036578860496105,-3.775417799492277,1.836656904997732,-0.462751148167804,-2.6073597098472323,0.07469742294638565,-2.1276131367139053,-0.6301254714468891,2017-08-04
2468,6.632747781931407,-4.262097545016358,1.1627990442551042,-0.6064515311570351,-2.8908659506825654,1.2109991085414102,-2.75759080722591,-1.710223686701831,2017-08-07
2469,5.961881972400594,-5.2205222686195,0.5383738352851761,-0.5683678798697667,-2.3929315136451,1.519961850569897,-3.065603882608166,-1.1991961135001852,2017-08-08
2470,5.438752517532533,-5.437547951281251,0.36465539014803566,-0.6981292434154787,-2.9036721051582255,2.63199593234463,-3.707060147650494,-2.22726770671441,2017-08-09
2471,2.012718441211743,-8.977587063290322,-3.4006091486624053,-1.2560099618385026,-2.224108807394015,4.217795070598032,-4.299948868194392,-1.0758118699037564,2017-08-10
2472,2.484654911060096,-6.310737413798341,2.744801695073125,-1.54439420589767,-1.4535214116844857,4.6125309674342025,-3.9871613638544434,-1.0965702770258408,2017-08-11
2473,3.034309918752347,-4.848397713410986,4.556214100410437,-1.9129464715084805,-0.8365411651666568,1.707765620749926,-2.8712734300007177,-0.1985893032373473,2017-08-14
2474,2.6633385969403713,-5.449255046620724,3.0754791901635614,-2.0099411004257473,-0.8719962766383007,1.4605528683170381,-2.7802886242328846,-0.45850609589719704,2017-08-15
2475,2.9101494693436214,-5.637094719716094,1.0768071923665292,-2.1220498720206282,-1.4389787002041015,1.7175706863933673,-3.044459603037646,-1.0009527832118414,2017-08-16
2476,0.25218755845344554,-8.474795041015998,-2.5739539108044385,-2.521610552658966,-1.6598800805964204,3.15858792823352,-3.24286240990723,-0.38365091996071504,2017-08-17
2477,0.9330345005587118,-5.577428343444636,3.6908198715457523,-2.7477879021827603,-1.0587085718130416,3.140000692203926,-2.5321561294569075,-0.12906480021439765,2017-08-18
2478,0.524631694996643,-5.384284181893345,3.6661053341507124,-2.9980548240568834,-1.1616187879027007,2.622841863214795,-2.0855206329666367,0.05682972937970032,2017-08-21
2479,1.326303629667377,-3.780000055535006,5.376992970794729,-3.2455842685907164,-0.9106282002915296,1.3746906791009592,-1.4130943011926518,0.296838241087419,2017-08-22
2480,0.3626820823367478,-5.5336998403553235,0.4321090893724691,-3.510131287549244,-2.366685528130173,2.953259125080178,-1.802099824930318,-0.26495189480492914,2017-08-23
2481,0.3456324913981281,-4.940335069200538,2.0177312562340486,-3.6707968792811836,-1.59294507715056,1.7155062995288208,-1.037648475293387,0.6525934492470377,2017-08-24
2482,0.6001791543107958,-4.045308245269407,2.1858028996950085,-3.751128893565023,-2.549820049233413,2.8307331235310658,-1.1620598539156652,0.08822440653973468,2017-08-25
2483,0.34177774542565076,-3.7213213585278178,2.970848267115259,-3.8132370331339502,-2.249252929113617,2.8506021437632088,-1.097145467194375,0.30651047601426623,2017-08-28
2484,-0.05537113614299536,-4.49315943511735,0.843493796608014,-4.053662700173437,-2.2071617013314433,2.191195495412371,-0.6838832870689341,0.6724365478569143,2017-08-29
2485,0.0011606536049019384,-3.719368926572338,2.2002956038629113,-4.33877492511262,-1.719867614405343,1.1354397662934934,-0.19108086910868566,1.0052380259991205,2017-08-30
2486,0.5261155435117981,-2.6614274603413643,2.5391663384944874,-4.151989996773823,-2.8187526401312604,2.616916043528328,-0.608059712711401,0.2002196937138399,2017-08-31
2487,1.0330180532349638,-1.9778432017333585,2.701057818460305,-4.061825409386176,-2.635970898863184,1.3335588029237515,0.049578571237272606,1.334755137389315,2017-09-01
2488,-0.3956727476201801,-3.8328796685248414,-0.9450170648008153,-4.167098238228,-3.9286923663490274,4.248134615065148,-0.7536861344127488,0.20418067855633198,2017-09-05
2489,0.42930878098577363,-2.250912663967944,1.8316403364467702,-4.0491979704209635,-3.2208095503384815,2.56905980793603,0.675191093966992,2.0729284847030467,2017-09-06
2490,-0.11939469413322225,-2.5943933949012035,0.5613561735943258,-4.088213652001032,-4.359638126953932,4.310007910480505,0.2570956847334178,0.7694857637598069,2017-09-07
2491,-0.4141834111563844,-2.8058666560613985,1.1553845347990777,-4.173948590424708,-3.532366150647592,3.2143248998897493,0.542626849405342,1.5901323035570945,2017-09-08
2492,1.4830087236370397,-0.8383309953381117,2.850225837583824,-3.883575614788671,-3.510321353701075,0.5222915244916041,1.3020017847487462,1.8618708981593937,2017-09-11
2493,1.6507324458173918,-1.0473861004099503,1.768205363010361,-3.8206407119069974,-3.9490512086022123,0.6828279529469876,1.0845584507809862,1.5750175250807428,2017-09-12
2494,1.9598295813481525,-1.1137393993780655,1.8665478523536263,-3.8064168862913212,-3.4482982279932495,0.5161554768729916,1.483817155189667,1.75549675287881,2017-09-13
2495,1.9570778521924614,-1.1429392954720061,0.8431738616719937,-3.799844962532594,-4.359518607033871,1.4470701133700574,1.157643223935354,1.3497141797178622,2017-09-14
2496,2.27569220826259,-0.9084172511833283,0.8258163284242434,-3.8105913426040883,-4.326764260569483,1.0210667746620814,1.3871168296411804,1.5712459420830043,2017-09-15
2497,3.4947239790934423,-0.055684716703433085,1.039131908009355,-3.622476303137665,-4.573263127241361,-1.0571324687030064,1.8454681673787565,1.6651953155441248,2017-09-18
2498,4.031288416723184,-0.11779694823722583,1.4899629087943358,-3.845374826699708,-4.9823170451793635,-0.6707045971842375,1.7573787050622105,1.9510384506295981,2017-09-19
2499,4.287008604288436,-0.4103136462130707,-0.08551778490524357,-3.3983993057998654,-4.546489617317616,-1.6817730061357006,1.961302804531297,1.1642808014195576,2017-09-20
2500,4.046916829726744,-0.9849751655512624,0.07474675553201578,-3.1961333275272397,-4.302213245846728,-0.9553408514482918,1.754173294209504,0.8107070228499471,2017-09-21
2501,4.249462790657553,-0.8371291094854898,0.4855731728610026,-3.185923084458032,-4.478912830000901,-0.8955100784560224,1.5664182375975084,0.20422831360023522,2017-09-22
2502,4.187643358171769,-0.9871281082488397,0.4344015760174857,-3.0508696785242315,-4.803721742284171,-0.3703498493793419,1.5640264275122737,0.14168200646323492,2017-09-25
2503,4.387346239023797,-1.3676818206866432,0.5663275320951002,-3.1089826567853973,-3.897615148236044,-1.8224187781817238,2.1523974938085706,0.594439958782631,2017-09-26
2504,5.20404914599032,-0.5682238979236502,2.347535426759612,-2.80206140506024,-3.4204739670257527,-2.994294696525488,2.3771339998324588,0.8615546648269368,2017-09-27
2505,5.4168171729967725,-0.9666261208613451,0.9457629219982954,-2.710383748454266,-4.08199067668284,-2.4890777071191037,2.086286864193368,0.12241456890556576,2017-09-28
2506,5.506314938880145,-1.2067385667771908,0.9193192349394447,-2.5971813718079946,-4.056405371663656,-2.1897111496927653,1.9287378231657608,-0.33736136392479926,2017-09-29
2507,5.341187201520965,-1.8618942617841825,0.45218922226981145,-2.659438145992313,-3.478944353041862,-3.483419986120237,2.2799653871777337,-0.0018925931298537368,2017-10-02
2508,5.504965964795632,-1.9275677254658132,0.8636918272694208,-2.567775243497557,-3.553843953232126,-2.7460906005645107,2.1259407492293882,-0.5536016249134638,2017-10-03
2509,6.290862889348709,-1.8614744535090788,0.08947595664483195,-2.4644706763215187,-3.8297385142662996,-3.441451952045182,1.8475226761548016,-1.3308352764533002,2017-10-04
2510,6.868248598882905,-1.147076398867246,1.7470013543628857,-2.4410277245976526,-3.4764407883767063,-3.9081219332592676,1.918248758231511,-1.4177990387856096,2017-10-05
2511,6.373104223795333,-2.580381259513738,-0.8141532339550503,-2.445544723405668,-3.554188016712047,-4.044072446028234,1.10124813016571,-1.893020218804467,2017-10-06
2512,6.377891142149309,-2.2760913173131216,0.07272244694929371,-2.4686428463531134,-3.80537263680361,-3.1182023171243927,0.9344604206881392,-2.1386839672926703,2017-10-09
2513,6.735191117981052,-1.9675886590246496,1.1187469507290144,-2.1871378112574784,-4.086956918059032,-2.0800950522130286,0.7183078423174435,-2.4341819694669296,2017-10-10
2514,6.637780666167884,-2.3489486667599744,1.2823393157126695,-1.9542623812355129,-4.007150182259292,-1.6549148576894623,0.693063699386323,-2.6233274676674294,2017-10-11
2515,5.934605570110204,-3.4931278168068682,0.2395821342563333,-1.93102322669017,-3.575817448755769,-2.020768756052987,0.8987045653995095,-2.4222361403102486,2017-10-12
2516,6.253264032828367,-3.125106189768129,0.9654259909145446,-1.8189220844766754,-3.786544583365709,-1.4659888351111294,0.5853594707726311,-3.111804654124608,2017-10-13
2517,6.429394255550271,-3.5724255352433194,0.6724941913189869,-1.6749036785477716,-3.2025277182526724,-2.137630244102776,0.6874924733040927,-2.792144923643959,2017-10-16
2518,6.150282510450011,-3.927312580666203,1.1935883300893222,-1.628946876935392,-2.823769461831381,-1.8526152813618824,0.6464825437143276,-2.983235666773762,2017-10-17
2519,6.4816831289252335,-3.810354655726544,1.7467208662397162,-1.3905417082126525,-2.538368198882234,-2.2644209082562288,0.6007485132673174,-2.8058147778926026,2017-10-18
2520,6.282227838757979,-4.518667477929853,0.4325564731397202,-1.2792621976688843,-2.891684344647276,-1.344825237162382,0.10225233840346509,-3.5328911938433905,2017-10-19
2521,7.07268194418749,-3.6897274671781757,2.0329392489492184,-1.105564027014321,-2.3279116371248545,-2.8571072283951837,0.4296116799740415,-2.8577998239627296,2017-10-20
2522,5.851975798289743,-5.323120173032586,0.09072275205162246,-1.2804906999096424,-2.4455046027822154,-1.7912457268970785,-0.10126336604991454,-3.2793685671802484,2017-10-23
2523,6.449759922101052,-4.352639927339835,1.9458167956191437,-1.357433589234265,-1.7520957491639686,-2.744336273168978,-0.0009200393324365092,-2.7846939648614906,2017-10-24
2524,5.638195764989738,-5.259278506339342,0.38979710690267527,-1.3055738975952922,-1.9617956977371827,-1.7308232716962817,-0.6192003195776129,-2.908458501021075,2017-10-25
2525,5.56252397437175,-5.099939801772789,2.015070480234331,-1.364334090015393,-0.6608589226441574,-2.8901060673624297,-0.1299566479521711,-2.0053482506897913,2017-10-26
2526,6.201462988486611,-3.95083579105028,2.92882737826327,-1.4999988208038828,-1.2364708768903903,-2.2469804961768673,-0.6465347716335653,-3.029095205727891,2017-10-27
2527,5.39204744650247,-5.102839959494039,0.9128315018748462,-1.4609146858819257,-1.6025416114027422,-1.0350580529188307,-1.061081011259072,-2.844258423320723,2017-10-30
2528,5.720218113996722,-4.612120081856349,1.670298157963527,-1.484264617859601,-1.3911998526555862,-1.1890823418190353,-1.0027744242147527,-2.488375635143525,2017-10-31
2529,5.646869481914728,-4.912043062785913,0.8427216306999549,-1.4579145979158965,-1.4745324517275955,-1.2381843469496585,-1.0025311102790833,-2.046809205213908,2017-11-01
2530,5.978441037431024,-4.595245749502252,1.5094798126193523,-1.6984079219047152,-1.2864233300146224,-1.409728014404573,-1.0089628557879127,-2.1423782692030144,2017-11-02
2531,6.047828527082002,-4.413478903226149,2.05493056056448,-1.5637031014745912,-1.2414910337177787,-1.2240632354321346,-0.8946450033509027,-2.0356114570421058,2017-11-03
2532,6.777828823120464,-3.7217237339049896,2.2004697998392375,-1.235537982061643,-2.061434510117061,0.2245523781238245,-1.3673569232744387,-2.782713555993248,2017-11-06
2533,5.993832271808399,-5.499446237074242,-1.0780489171645389,-1.218818065282027,-1.7071499415499856,-0.7713954541123869,-0.9100001374528752,-1.913862141595116,2017-11-07
2534,6.6889942106364995,-4.946886145823356,0.6972499890233315,-0.8617778732664371,-0.8747895215624261,-0.5416606160624624,-1.0990168851366948,-2.0378582315739653,2017-11-08
2535,6.269656651346454,-5.633916226771067,0.08639990296768792,-0.6212532201808054,-0.9538405908073966,0.21053289982139972,-1.489794061354826,-1.8570126818817445,2017-11-09
2536,6.384929257968744,-5.39220951909938,1.6981908757359583,-0.2517478174092396,-0.23205416102959045,-0.3520954231167754,-1.425300281439934,-0.8766427008908698,2017-11-10
2537,6.212100651919945,-5.898716763403466,0.9501322040784891,-0.26453297769242917,-0.2738142080386444,-0.18732804459336933,-1.6760462272253789,-1.3000373446413314,2017-11-13
2538,5.41347111121761,-6.732010840101763,0.20491762288045717,-0.1772163300612599,-0.5049603704477154,0.6049590369454367,-2.2167192135083047,-1.80279641312121,2017-11-14
2539,5.424035666329701,-7.187142712725908,-0.5643619044957071,-0.2209970162854029,-0.1312589354574724,0.7708580316886776,-2.3331533636051245,-1.831757528988656,2017-11-15
2540,6.634830794953823,-4.754523969065672,3.883517455251585,-0.17912728353688842,0.31326344347354984,0.15239349998891044,-2.1667107020495657,-1.7161463066087952,2017-11-16
2541,6.646701128206605,-4.991809611263485,2.209653262462469,-0.0396922243458759,-0.7428408487622858,1.393137850349306,-2.4611178474560167,-2.4076970991522355,2017-11-17
2542,6.458982093206526,-5.182650810561125,2.4408227524436565,-0.13649610933995746,0.05684772204043184,-0.4713702284733223,-1.4098815560862972,-1.3075933234155122,2017-11-20
2543,7.359837982029784,-4.435435523752531,1.878099149826106,7.901682574876676e-05,-0.9062614168387283,-0.05577157133265664,-1.8597779767220406,-2.4274816121680693,2017-11-21
2544,7.268768494485934,-4.478486282637996,1.401355130183103,0.2406450928549362,-1.5494967154409056,1.500055453750629,-2.1167702108697215,-2.4763273211743893,2017-11-22
2545,7.728732576157861,-3.995359092399602,2.020332920215224,0.356337928552027,-1.5268847403253691,1.0852972211653151,-1.8043885676126765,-2.1274012048057904,2017-11-24
2546,7.065548406086913,-5.161574971085126,0.10407898874760392,0.3069144855919875,-1.4564194783370843,0.8976965803391472,-1.7544870269580535,-1.8278826439138254,2017-11-27
2547,7.8460741745761435,-4.224138519162293,1.4330778019587258,0.31517091448086704,-0.961308921089677,0.1098363691913527,-1.6340475446428493,-1.9134909643788962,2017-11-28
2548,7.8164991658308285,-4.6816440385995195,0.5628126289961102,0.5612211845637283,-0.7897537797227039,-0.6062418979183669,-1.6650930496046672,-1.3455676902631721,2017-11-29
2549,8.070237889404336,-4.340585289730308,1.8784162664019166,0.6875656229765408,-0.572676923819848,-0.08461081573580129,-2.1368429402032962,-2.077685239130569,2017-11-30
2550,7.680787811410901,-4.985613911829233,-0.14181182360673045,0.5908050407176011,-1.345919154058761,0.5340296608921512,-2.234103332052661,-2.644332656294501,2017-12-01
2551,7.911492589953582,-5.132459408598333,0.28358603586709524,0.6728233712408105,-0.2887759958526803,-0.763326112654391,-1.9157158793027758,-2.132123066274023,2017-12-04
2552,7.376360556406062,-5.72175289404421,-0.08557668078595053,0.6408970205713622,-0.1989480991607501,-0.41998085493529574,-1.905414218292758,-2.5510202765532672,2017-12-05
2553,6.980093850618773,-6.187689193579497,0.49748217881170315,0.5038474584253698,0.7258075183484777,-1.0259721444969974,-2.0368583169676193,-2.9840790312950345,2017-12-06
2554,8.169834058004868,-4.84647022951605,2.162492330032948,0.7837626818516443,0.859083497628606,-1.787010409940641,-1.8586102053775977,-2.9225294833259863,2017-12-07
2555,8.422305052993739,-4.458636743637628,2.293670527890971,0.6898317335913373,0.39264877881116067,-1.4777671000136572,-2.028250282225659,-3.5955759062468378,2017-12-08
2556,8.683719766776433,-4.44659603377679,1.5914876496713042,0.7130522108714497,0.15972146945647023,-1.8987552991098424,-1.9944767192852932,-3.7097632442692077,2017-12-11
2557,8.26398664666066,-5.270196185509245,-0.04355369698926519,0.452260905444631,0.019655571792707466,-2.082656386053633,-2.205425293780854,-3.9069558233945036,2017-12-12
2558,8.04011969161407,-5.08925622715209,0.41136129194029825,0.5200460622667247,-0.5731645838579522,-0.4848297278130043,-2.9063240817436116,-4.977475948619866,2017-12-13
2559,7.655605532528499,-5.641737070312477,-0.10669253037633779,0.39747343416877495,-0.326649172212901,-0.9176631432459538,-2.4261423936175537,-4.453167182045501,2017-12-14
2560,8.666480004538178,-3.9683249846328605,2.5584411615735134,0.3746093654591181,-0.2529985424257704,-1.6388128717650643,-2.232577283495545,-4.9784653017772955,2017-12-15
2561,9.058180885980944,-3.9769216229737854,1.8452184605498703,0.6026920424205355,-0.35951177322589434,-1.3434075264332925,-2.620997897409026,-4.801436376812322,2017-12-18
2562,8.683233329959412,-4.832264277998327,0.46234503672274047,0.8424855287370328,-0.22302503756220352,-1.038516799086025,-2.977911152696957,-4.114308836499574,2017-12-19
2563,9.186423324990919,-4.068228506228831,1.1437763384066322,1.075523910008237,-0.41093086481735225,-0.7035180248932122,-3.1508046343829483,-3.7629553601330445,2017-12-20
2564,9.292703866367663,-3.9178398400267227,1.1813293302762657,1.0236064233723805,-0.3419860486846945,-0.5737849064954321,-3.1628072906083893,-4.055515931631655,2017-12-21
2565,9.16855471907213,-4.369762092629668,0.47385396896388626,0.9326672041441133,-0.01734158366137109,-0.6667884207678159,-3.272593929654906,-3.8833220633745444,2017-12-22
2566,9.141694603717678,-4.192261735276148,0.7355234838953002,0.9607441213151586,-0.3406610169524541,0.36128111189659906,-3.525035357194486,-4.119823010838581,2017-12-26
2567,8.68390147233046,-4.763746180185676,-0.8725944684139633,0.7182944282635506,-0.9018197444549819,0.6981255951734447,-3.5102207249901847,-4.603361859935257,2017-12-27
2568,8.900505844846872,-4.225313740220656,0.7321477615827052,0.8701081562314059,-0.6895892222460702,1.1726964086559095,-3.504700434707351,-4.381549187146571,2017-12-28
2569,8.183466448187286,-4.882076680011634,-0.3252483772466928,0.9370313496596929,-1.1646804378455267,2.2615353966589153,-3.619994480072815,-4.339649547601275,2017-12-29
2570,9.05681352185002,-2.8076689966115804,2.7359386103437187,1.303220885917871,-1.2909379452300052,2.6396734991967006,-3.3374987587691547,-3.948888098746592,2018-01-02
2571,9.381883888223726,-2.631647927052714,1.192119587052043,1.2040927855792543,-1.5450276080120942,1.3471124509245538,-2.5942810493345894,-3.4498315187939785,2018-01-03
2572,9.651249109818515,-2.1558295712353397,1.0775196248866932,1.2520576040736735,-1.9500862447755594,1.927669500232289,-2.8069826565477727,-3.597678054652123,2018-01-04
2573,9.53631409653599,-2.4937020723387313,-0.6146698173873538,1.1436703042583545,-2.239405224436074,0.9998331536461752,-2.486881044422705,-2.8924355418471537,2018-01-05
2574,9.7894055750218,-2.357145791720982,-0.5972547404154923,1.1182605994722294,-2.159433488021608,0.871185071556968,-2.1378546851935756,-2.5799125439154933,2018-01-08
2575,9.636430176155592,-2.647449752513512,-0.36283840263660433,1.3475667326953173,-1.711733033262167,0.9778232669483572,-2.2493148634061657,-1.75816445453244,2018-01-09
2576,9.42110678962423,-2.5607692657592067,0.5223276110683933,1.3826307608556694,-1.69397134477938,1.709283430369163,-2.4315711653414884,-2.1171569203614475,2018-01-10
2577,9.87077429727658,-1.9137189886236783,0.6445579539141226,1.3840811169275622,-2.0979464928182185,2.140464156872743,-2.5741098510663214,-2.394517190563226,2018-01-11
2578,10.294335712574613,-1.542130664161013,0.1491182272495985,1.7507511828008817,-3.028743742394414,3.5890192610150287,-3.081492796329209,-2.624900443360362,2018-01-12
2579,9.03012682482244,-3.342729965488564,-2.453886829873894,1.5876655162049975,-2.6835555970000335,3.2786476336011763,-2.854176707884768,-1.5311385278434002,2018-01-16
2580,9.782260271209033,-2.0914010082473093,-0.1375249817108148,1.6213057857934279,-2.056614192940703,1.7934303186870686,-2.2920373799914846,-0.974927377518805,2018-01-17
2581,9.235425709707243,-2.897860592395415,-0.9389849530217562,1.8749536886408993,-1.7574697528281322,2.262935952074305,-2.496081229441803,-0.4416931215427085,2018-01-18
2582,9.60781123205337,-1.7942767995409268,1.5615612414679232,1.901805743838952,-1.3245869847214002,2.2311903640460775,-2.4852841016309224,-0.8215548293167436,2018-01-19
2583,10.322692058848926,-1.2768763703325874,0.7140774869020158,1.9291886384348493,-2.0918656128674313,2.226893200649051,-2.6016616057485926,-1.2606097040471962,2018-01-22
2584,10.173400855032375,-1.5489362864708545,-0.32567760175028654,1.7795172535586754,-2.4827870023038567,2.6276947953923346,-2.575271699863801,-1.4186185035760421,2018-01-23
2585,10.131306875652914,-1.7273005695359722,-0.9853930162799625,2.188515653801956,-2.9442811008612826,3.8297948631322463,-2.9554763694810227,-1.029996730433054,2018-01-24
2586,9.469173628129619,-2.259211406109829,-1.2951055019887825,1.9664303170343334,-2.190324007808769,2.3779758460182436,-2.194796594407069,-0.6226085177002205,2018-01-25
2587,10.375409348512113,-0.9875142488511157,0.3483643626182627,2.097603898125607,-2.1286401733885065,2.614656522714978,-2.4859119904500724,-1.1178816935390652,2018-01-26
2588,8.736809006281781,-3.3755251517478375,-2.7779280003470044,2.0205658076415736,-1.2458893319206967,2.0926975573867357,-2.6289936208618028,0.3476074867745715,2018-01-29
2589,7.177524379810377,-4.220069954335592,-2.1164509830962137,2.084834100179964,-0.3950812342529187,2.920371185773642,-2.971402956568469,0.3686171669229588,2018-01-30
2590,7.692910181899951,-2.8874231351246564,-0.7365815067551401,1.9603417128132794,-0.493487206588254,2.958261753745302,-3.1141184232882098,-0.16826478984734472,2018-01-31
2591,8.062682553738647,-1.9119009635005475,1.6379088283660546,2.2727971201572474,0.12098709442292874,3.5428119661453996,-3.4536396914248244,0.3969128835849299,2018-02-01
2592,4.628384470920446,-6.253376322430763,-4.0322735125300655,2.2546828307017295,1.6576245013137498,2.485103053333522,-3.179667785524997,2.6639602019435373,2018-02-02
2593,-1.5004824672078185,-12.29300176822786,-10.897804093279348,1.2204568400321956,2.2001185494423465,5.538769175166884,-5.309978773599891,3.4474670892695194,2018-02-05
2594,0.6376535109356574,-5.516483510880853,3.443135133204784,0.9058108155284059,4.464219801273088,3.8261772547538437,-3.957577149191559,3.7889739433511895,2018-02-06
2595,-0.22749999660541795,-5.929122240498094,2.6391078244971524,0.8190871616207742,5.080568380216453,2.9678416988167635,-3.8993930058502113,3.6196994538175873,2018-02-07
2596,-2.6327703876888826,-8.146906911150435,-0.0011148177531974867,0.766171938653643,5.211869401277287,4.541313646996488,-4.3566634163236655,3.25283105323978,2018-02-08
2597,-1.8282022351861962,-6.1788601800516485,1.795954573139439,0.5779675055121964,5.080928341154516,2.9905403688735763,-3.8730046737342696,3.911697452394452,2018-02-09
2598,-1.0524508312242484,-4.213878712970548,3.7183417594045536,0.389847864713148,4.7568448176123805,3.7296504823824828,-4.003320082612254,2.9431932333516557,2018-02-12
2599,-1.243106789353144,-3.71571339958201,4.693414921853139,0.15246656972739084,4.934239093898569,4.364943763456006,-4.033038772925455,2.647295106347592,2018-02-13
2600,0.38485107467461543,-0.23989954659048693,8.404714228572075,0.4529614739514588,4.105102022286092,4.338204707997598,-3.8082194444889415,3.2810839308046744,2018-02-14
2601,0.13884843995613724,-2.1598794492869966,0.09696765828971073,0.3098038280512028,2.658382126345668,3.7952041337454236,-3.5717305206834484,3.688442488023515,2018-02-15
2602,-0.08075227775491083,-1.9268481869578216,0.23377628850982038,0.13667374762014553,3.303483219092965,2.8494164405228255,-2.9311072214574847,4.027498313742832,2018-02-16
2603,-0.7754698997748246,-2.5197637593895754,-0.1304567740370311,0.1287149818349337,3.9821434295201015,1.5742947072139832,-2.2555635084227554,5.085590968430221,2018-02-20
2604,-1.1664212326093815,-3.031352833410823,-0.9699556104688369,0.23035587502941798,4.412110321355872,1.2888513010762284,-2.491135110209824,4.8580919800005775,2018-02-21
2605,-0.9637560242022859,-1.9235909440224748,0.5883893324218227,0.2900755090773094,3.8773983061866355,2.8505960372311554,-2.77231712842867,3.94357383217943,2018-02-22
2606,-0.1302682940818765,0.19304212824453706,3.424008514163902,-0.1819147882063051,4.696104644934904,2.356964614052865,-2.4770846491390297,3.8440133046153537,2018-02-23
2607,0.10793999813041098,-0.4782416575683161,0.3757328420897018,-0.03265967240980935,3.5641726403064626,1.5678927228546546,-2.2401917721239792,4.06187477638022,2018-02-26
2608,-1.4305315938655403,-2.939387949608138,-3.4759624952781865,-0.183896625288787,4.211456304442643,0.31366250724636036,-1.838495176091048,5.166193433694829,2018-02-27
2609,-2.2885059359628843,-3.3456244608697414,-3.229897130879994,-0.3161833756082467,4.2641708164676935,1.0828017553930747,-2.2291612937758942,4.20157598835622,2018-02-28
2610,-2.871879867524767,-3.2270979470593995,-1.8822004898097395,-0.34331368279646385,4.234719154260691,2.2297004291115528,-2.4831666025985815,3.679227576682094,2018-03-01
2611,-1.6650539560210766,-0.2870300748190278,3.9028157669596304,-0.19895743533270935,4.750871933285726,2.600950652973231,-2.4380452110643565,3.4172324444385245,2018-03-02
2612,-1.3152655995666256,-0.21633963865655034,2.690749376710589,-0.36508209776757866,4.602823448884361,1.7353402243621432,-1.9362830227625571,4.046413281459346,2018-03-05
2613,-1.0810467284337573,-0.3054462006974458,0.8525901051099681,-0.6046071455913475,4.149285436066071,2.7399504494844114,-2.857804453852974,4.522458190490195,2018-03-06
2614,0.07916786681056233,-0.00749183516765997,-1.75136685299139,-0.18001510042740101,2.6734350116669283,0.10844415817000808,-1.3692472253617343,3.4022338701880694,2018-03-07
2615,-0.09221526127453182,0.3125207463306786,-0.09470698552245053,-0.2840646551614074,3.2443062902066555,0.1427698323956551,-1.2638935772439441,2.954870626633679,2018-03-08
2616,1.617464483852075,2.9641723704362786,3.6384069484488717,-0.1387848634904519,3.0102128131604173,0.5446299323001083,-1.244383469554825,2.952414853981223,2018-03-09
2617,1.6449467809172105,1.7446872361555736,-0.9309330127492499,-0.34656140162829174,1.8878331709473835,-0.037163868867093046,-1.3837014396595455,2.158659877189468,2018-03-12
2618,0.6377064661529711,0.4415890311439658,-3.111691967009181,-0.4104720812655427,1.6373859051738768,0.7509692870535228,-1.459399472214266,1.9554953498264365,2018-03-13
2619,-0.14569325326089208,-0.2512357695010896,-3.6149114210978555,-0.5203770836576593,1.8172696293024868,0.9413054289577568,-1.2409764669448364,2.1542470832074656,2018-03-14
2620,0.05185189406811721,0.5792170627520417,-0.8313459077280947,-0.6050364841795491,2.889470914826584,0.27649673500759747,-0.658329885392071,2.352264295477114,2018-03-15
2621,0.5110951020651984,1.1082179781970964,1.12672005772699,-0.7254385176535214,3.5057612477850406,0.41178228450252014,-0.5514062488458975,2.0509470247351556,2018-03-16
2622,-0.7991453117603778,-1.3396854936650606,-2.44752810858781,-0.6977368373550779,3.330767711865791,1.6519168914356646,-1.3021162290623416,2.2845209811355573,2018-03-19
2623,-0.25604985191227136,-0.3187937928393612,-0.36456601208726397,-0.7654141484217213,3.6672239583660575,0.5636881155009094,-0.7095190731540861,2.9837693912660237,2018-03-20
2624,0.28753538985329863,1.0663924600219186,1.1852404619018186,-0.5277710615191364,2.0802905316472233,2.9281220810866975,-1.5547155424243997,1.852619967834365,2018-03-21
2625,-2.363984551678007,-2.725802527055235,-4.206896856108832,-1.0325374026523058,2.5358217444637967,2.711068591343758,-1.1275298602178656,2.7392708591183332,2018-03-22
2626,-2.9429524288912723,-2.3659079616617658,-2.011171535771613,-1.0225226521063977,2.2218136551959224,4.573879712891764,-1.5177133185215406,2.282563507961903,2018-03-23
2627,-1.4431203349507087,1.1104206021865992,4.0439594947335875,-1.022155437297004,2.6537477375482372,3.77583091985034,-1.011752474910195,2.5581098677081164,2018-03-26
2628,-3.221313967081805,-2.00766278787305,-1.6958193253841527,-1.3592323051292945,2.6759353706272364,3.310670044403611,-0.46660004075507105,2.5048508460935253,2018-03-27
2629,-3.232432321279716,-1.3564900649390477,0.48891781161108033,-1.5727419029912661,3.560391491976407,1.5709931782286488,0.43241244400731793,2.9791197140238914,2018-03-28
2630,-2.1014627479342107,0.1657786143872659,0.8284957565378072,-1.5850013853962939,2.2289455572496513,1.9867103347660133,0.19799224439146487,1.8508495034345989,2018-03-29
2631,-3.9645499686690133,-2.5515750527464394,-3.491938087083364,-1.7012602996563666,1.989486670762997,2.6366141605714137,-0.2482465871912001,1.706459230308216,2018-04-02
2632,-2.4109400466422506,1.2360535124695615,5.103700033899152,-1.7978194957813822,3.2610180651095106,1.8438823166035965,0.37443406162699644,2.027306501185486,2018-04-03
2633,-2.518751283502098,0.4026124598228413,1.618430999766514,-2.0861708525618554,2.4125199935243957,1.237915876232399,0.516174025820918,2.2370259689971967,2018-04-04
2634,-2.1952217847603412,0.7135634860760776,1.7375800479631125,-2.088523331088666,2.6224488983640852,0.395820092475649,0.8116283003474528,2.4870634200222277,2018-04-05
2635,-4.150774846224994,-1.9430759768881272,-3.294464607113414,-2.393849614660251,1.3806973673948117,1.8415592384755188,0.08637736412580507,1.7019792875229536,2018-04-06
2636,-3.439887434934233,0.1582043956114533,1.1798530244103966,-2.4648659807278457,1.5007287715265396,2.5281221992885534,0.12435139221831885,1.750797143797631,2018-04-09
2637,-2.4623757490635274,1.6509524436692025,2.5574311476743725,-2.530754153852027,1.1574128003050712,2.4637263655259907,0.38546047076684475,2.0929307472565264,2018-04-10
2638,-2.6309147246369013,1.8117996571236683,2.904778724907406,-2.6809433525968713,1.0418173673255149,2.8142116711595766,0.5868010765877505,2.103933922888652,2018-04-11
2639,-2.0593604540075128,1.7430091650638422,0.6293351513277581,-2.7855128086901537,0.7824889746615532,0.613267711489719,1.1991419841613147,3.0716744715394393,2018-04-12
2640,-2.445126956839476,1.0313623643533625,-1.8494647036311869,-2.860041287498879,-0.32198987869216195,1.1348586320779095,0.9573451336065951,2.5191692556151377,2018-04-13
2641,-2.046367074746035,2.103614805330053,0.5469276425729525,-2.976233109526069,-0.0683828197023755,1.1678149096762418,0.9110537426100851,2.2318117380134472,2018-04-16
2642,-1.6096601203217606,2.790955442729796,1.8301435489248556,-3.1442236023159786,0.06191139582026667,0.8932372416624133,1.1333532301957776,2.2834904328506505,2018-04-17
2643,-1.3293339263947763,2.7529918128040824,0.48742188326298164,-2.955054127491124,-0.5216696757322884,0.653923230971915,1.2914229025451924,2.747239552174508,2018-04-18
2644,-1.7247891751134972,1.535661857816034,-2.0896334921815303,-2.9662888940279672,-0.5244737614993863,-0.1378948013957168,1.3641975861559437,3.2045002287870474,2018-04-19
2645,-2.126944103128348,0.9351086660245441,-1.677316926280861,-3.099087422050448,0.37942077080360015,-0.9114112726471425,1.5628183310383077,3.629641073947729,2018-04-20
2646,-1.5844746038264137,1.4212105413395846,-0.9734380880324484,-3.0760367647701616,0.19795507933097484,-1.5449798092607419,1.7188145510470925,2.990486145200624,2018-04-23
2647,-2.0637894279539526,0.5681427258438677,-1.7136162584610874,-3.0796722621985926,0.2313735871569891,-1.1454906674625422,1.0256667063707978,2.65229556216303,2018-04-24
2648,-1.9473032435828779,0.8679151713160549,0.6179436066836299,-3.1455075182836687,1.332800780428617,-1.708657986729166,1.4136500402645473,3.1596783772670882,2018-04-25
2649,-1.0935280886562115,1.6010292783873674,0.9712116780419677,-3.2420436470984053,0.8403372545332535,-2.251896866140573,1.309728896159366,2.675047345494061,2018-04-26
2650,-1.256382264882585,1.1049059257364164,0.11910170366693103,-3.4445721465489973,0.21145296706303643,-1.691536039619991,0.8267569605594274,2.1730441681080546,2018-04-27
2651,-1.6421469619998323,0.10118258147610174,-0.7640587320362541,-3.464922936645723,0.5007947560457767,-1.9008818089079411,0.9436942282967303,2.777733108888159,2018-04-30
2652,-0.6713434428825066,0.6954047366811922,0.17127244918935186,-3.414748144905165,0.7473291373689731,-3.5203963933740927,1.1785759696776363,2.6925464871412204,2018-05-01
2653,-0.8937573647046132,-0.04491217995433547,0.06553548896934258,-3.2612815497026104,0.914409917245662,-2.760996717550484,0.8470697724042827,2.4629586223612154,2018-05-02
2654,-1.041956704399176,-0.13570740751154295,1.1903830058806721,-3.187508637256331,0.6646816489487594,-1.2822148796015838,0.39867602404055125,1.7530599357417438,2018-05-03
2655,0.04569165341259542,0.6665434986578226,2.106155005149228,-3.1342317037040774,0.5662335788236464,-1.3580569201797903,0.4436289462385329,1.7408417248165706,2018-05-04
2656,2.2020238414771724,0.83705999782973,0.1316705545849571,-2.3670474506310204,0.3310071736820218,-2.361102164025974,0.682727807749844,1.6229709799295549,2018-05-07
2657,2.255313304793235,0.42699829363916936,0.4580611077916246,-2.2262233552818773,0.6248083243265492,-2.8185108474448444,0.7439478438369832,1.9434128906170158,2018-05-08
2658,3.3943565687008936,1.184572124926206,2.165076049500934,-1.9991858465445873,0.575808700589947,-2.459870242619727,0.6878918135723375,1.9359973282279026,2018-05-09
2659,4.288477560231627,0.9077132942535444,0.3673916829163946,-1.791974520747439,-0.1585938830887072,-1.601817387979387,-0.0038773578709805387,0.8661925781994445,2018-05-10
2660,4.161543591965337,0.1951485535863711,-0.0045531293517233635,-1.6664727227715068,0.006560009157454166,-1.6698409718001346,0.18735011265522472,1.359091162480577,2018-05-11
2661,4.353044230001322,-0.38882854383780513,-0.4875214078144577,-1.4360030177826018,0.21662208204261021,-2.3186111500610993,0.2159248692342276,2.1424370378233504,2018-05-14
2662,3.835539151259985,-2.1636911982679323,-1.8506018620697446,-1.092390736930101,1.4461078223166317,-3.3386517882897015,0.31271951053006586,3.400123969290212,2018-05-15
2663,4.2951077414928704,-1.202989979235682,1.4478462814828479,-1.017680053983457,1.8698680076683925,-2.906133495352228,-0.04537074077688141,2.4494289281138846,2018-05-16
2664,4.432817846609736,-1.5323097782744965,0.9434479644836129,-0.8576381405193192,1.7945446513354868,-2.773840246657708,-0.33204352154787864,2.380278917812071,2018-05-17
2665,3.9154111673943452,-2.5283150770123624,-0.9094505224332969,-0.9806137050906674,1.5795064066679803,-2.43695930360462,-0.5095216843109182,1.78887024208748,2018-05-18
2666,4.985563704917897,-1.0839607821231443,0.7889883442940757,-0.9219355633937591,1.1877720456501797,-2.332837722286254,-0.5366116431509133,1.9092537287966314,2018-05-21
2667,4.669374873688438,-1.9286294664443773,-0.5214795825790481,-0.98062248432466,1.2421144955713854,-2.2029255431582295,-0.8079599132076961,1.906176591984443,2018-05-22
2668,5.1241746659027,-1.3914017891058805,0.32682927467203415,-1.0809451596601274,1.2374455955580985,-2.7162757108953755,-0.7022366791628182,1.0130984464531183,2018-05-23
2669,4.268430947939742,-2.300481999722306,-0.7757652689736881,-1.1327667579314746,0.6928319259604393,-1.6753531895469658,-1.3458497344585714,0.15971071949086774,2018-05-24
2670,2.8242455516876794,-3.9805707082283366,-1.9000102176217348,-1.2054853715512885,1.6616417942306512,-2.494422134772579,-1.319007135933972,0.370819306105682,2018-05-25
2671,1.1005565202007273,-5.673809363286946,-3.4414118033867855,-1.3654866867117204,2.0669681122830292,-1.1359905860639825,-1.7009257297653249,-0.2916102113573443,2018-05-29
2672,3.565615185220615,-0.6544846037100939,4.732799188442177,-0.8751428680885112,2.077316992678564,-0.47006581733940117,-1.7608979895716954,-0.5667893041432054,2018-05-30
2673,2.5398563402193126,-2.8086353677669456,-0.6150358972683947,-0.9060536016386888,1.8569204409312785,-0.7059779228831197,-1.6857595472899751,-0.3464557155198786,2018-05-31
2674,3.249552529402541,-0.799414338196019,3.2041904166300093,-1.032212944518608,2.5402621545900805,-1.8226208853516628,-1.2784907761090873,-0.5164041972988203,2018-06-01
2675,3.161166112793418,-1.435556074251006,-0.3052253567766541,-1.0827524272923508,1.7159952810911336,-2.5259426192467185,-1.2608368401768517,-0.41761818360334346,2018-06-04
2676,3.030399348950434,-0.9157026730292337,1.146959711053137,-1.1492879617393457,1.9270052168287535,-1.5532775427731074,-1.334909053307019,-1.133413497625901,2018-06-05
2677,3.5994053957161105,0.06097404435605416,1.7856073245576605,-1.0629973834817352,1.7289833416376297,-1.657963272185348,-1.3229055788807413,-1.0213111953293297,2018-06-06
2678,3.251789878095221,-0.25610811968772157,0.6544728252003937,-1.1715112237123375,1.339874942069336,-0.9240779267062519,-1.138091567769528,-1.2107700074276955,2018-06-07
2679,2.6210871610825457,-1.2761957075097268,-1.2480126403422056,-1.2971885165181745,1.4885338588088306,-1.3929093864370772,-0.7647206150621216,-0.7946175974204598,2018-06-08
2680,2.7486718217445327,-0.7835732640116234,0.18302410568564192,-1.2941437349033642,1.7744054703853238,-0.9875744809685886,-0.65081440313206,-0.9535681325784345,2018-06-11
2681,2.7811477203000403,-1.0547338142693086,-0.5260817340158273,-1.3531218109944383,2.0418490638895443,-1.4082569841489105,-0.35722979167192714,-0.9756080828718423,2018-06-12
2682,2.5969076204290076,-1.2369544467121272,-0.7893379012257122,-1.3064131021119976,1.8597871773802062,-0.5428792111396642,-0.579386154347194,-1.3373610133635832,2018-06-13
2683,2.7124611890351407,-0.6585913044126988,-0.5242387262171699,-1.6766735525615504,1.7888048296511403,-1.7078900882060692,0.2045712615345019,-1.49427373491938,2018-06-14
2684,1.8470686399147027,-1.7829358555386272,-1.8556596125597473,-1.6680996743388412,2.1286746199591464,-2.2561668351959465,0.30557962910523884,-1.7030105917937728,2018-06-15
2685,2.453805317799871,-0.5965969394843671,0.5995165996781704,-1.5747640140000092,2.2704584964517562,-1.447646021100601,0.31228703506812294,-2.1410158099433283,2018-06-18
2686,1.7628332945256895,-1.6656392949002692,-1.3832165446832732,-1.7607427027333986,2.163463326038814,-1.5525374918102688,0.300553427589015,-2.4569053612924368,2018-06-19
2687,2.2536453957775704,-0.5575491842202236,1.4492450080318373,-1.7067208257697517,2.8048525421636152,-1.8331398148993125,0.577898255934233,-2.30875069250668,2018-06-20
2688,1.5761484317476928,-2.324749167356782,-2.4234232339858766,-1.7281957826990664,2.434154236319044,-1.0822055645449649,0.3925493046570081,-2.4058698555532727,2018-06-21
2689,2.6812913540184855,-0.07190250811656561,1.8393917295881093,-1.4351224576653634,2.380634928839994,-0.12037268212416835,0.5925618980909136,-2.5009169079778637,2018-06-22
2690,0.026425886558963073,-3.817095383808624,-4.0588243289177965,-1.6525747038658234,2.093240388881814,-0.7051652024454917,0.3421987475349714,-1.5732633626872772,2018-06-25
2691,1.7436686774727337,-0.6704979503022583,2.3658895008095167,-1.593803089448561,3.197212301741966,-0.5348114255935777,1.3760062945841351,-1.550004851824327,2018-06-26
2692,1.202002737529184,-2.5307563813880365,-2.419561359452687,-1.7260548435671146,2.341350199658113,-0.9084799143592669,1.8885250208250461,-1.029453043915745,2018-06-27
2693,1.4412444359544603,-1.4446554899509134,2.6893077732694457,-1.7454247751166778,3.3931542131689616,-0.3624174727960749,2.0782066679054334,-1.4150537274136559,2018-06-28
2694,2.3029941900446764,-1.6625419694797985,0.18575485935153038,-1.2619764966756681,2.0296770072808643,0.2535116609652154,1.8561855691737446,-1.5378084800359904,2018-06-29
2695,2.046805776675054,-1.9307807401432369,1.5703836101866742,-1.3070509820765375,3.0277153138683097,-1.147664668540145,2.794476766762244,-0.6689382923242864,2018-07-02
2696,1.418159092371399,-2.9927433705613855,-0.7106159223204593,-1.092603134983666,1.6427402948504466,0.6046453884100675,2.271959184455166,-1.4841378984741909,2018-07-03
2697,2.0485017727667794,-1.6087981950123047,2.602308628171079,-1.0862234432348645,1.7959853873199048,0.41119575970067906,2.5210909837656046,-1.5133172147739409,2018-07-05
2698,2.993061557703581,-1.4715752346009157,1.75699288163869,-0.9545260012394466,1.4932237157474375,0.7664560937494505,2.5147941104608855,-1.7423273123086593,2018-07-06
2699,3.934423717180107,-0.46094171210315393,3.0372005040170986,-0.7262492145512744,1.521093334655625,-0.3949705038082391,2.6728501827425313,-1.1807174550152761,2018-07-09
2700,3.3485437631557904,-1.8944932032833157,-0.29598720931770367,-0.7682632641767836,0.8449054076311716,-0.5998924596244976,2.749949480154043,-1.1074504075279952,2018-07-10
2701,1.789799156238645,-4.181976469302232,-3.085336684505256,-0.8883994492010922,1.6784915271452772,-2.3066166089214803,3.0548815464384145,-0.5985697002567911,2018-07-11
2702,2.4526546513332956,-2.109168500709271,1.2964742384000607,-0.7850776480380461,1.4742996656782255,-0.794253842489914,2.4146968505671205,-1.9050144850288637,2018-07-12
2703,2.5417726561139244,-2.2176647834237424,0.9414174989343946,-0.7848354037689235,1.6067074392680383,-1.212962374111264,2.7262594628175596,-1.642207329468686,2018-07-13
2704,2.1185070165572477,-2.987260008814838,0.364509099250578,-0.7389295224322662,1.8706090346073014,-1.2264985627446157,2.197512778203885,-1.794736541856816,2018-07-16
2705,2.3862378422331147,-2.8427469040004887,0.12193537217795809,-0.7922377579527826,1.9231647769042737,-2.4824162492812905,2.8320405320781608,-1.0879918214964241,2018-07-17
2706,2.7055131470157368,-2.4803833229511305,0.7391206819789103,-0.7761765886055637,1.8302876385234532,-2.0907165008212103,2.393211306709031,-1.6120569741590791,2018-07-18
2707,2.4450933677339433,-2.9453383168040217,0.09119354735543107,-0.8316250638432751,1.8228605619237157,-1.8996802088665685,2.4836581869438907,-1.8445923424344666,2018-07-19
2708,2.840969829320624,-2.128485464852826,1.8999226387648165,-0.37373173018364864,1.5241333945256685,-0.21296843949383698,1.634701178094031,-2.0385838292731684,2018-07-20
2709,3.3973853634932754,-2.271522566181737,0.569580341649528,-0.18621907310783267,1.7180473865307175,-2.1791846637829835,2.1281059111004113,-0.8077135163478375,2018-07-23
2710,3.84757502204544,-2.056863549736457,1.053565505390119,-0.25185196664722337,1.80306562685366,-1.5188501629472893,1.9043412909738584,-1.579779152500894,2018-07-24
2711,5.153976866725327,-0.9104880875961139,1.5480157406915156,0.015571157363306198,0.7640452989362515,-1.385079928581551,1.6156056475570622,-2.1693885197144778,2018-07-25
2712,4.976802129685515,-1.9144273407642003,-0.010711633994386786,0.1255443476220344,1.0662678393275502,-2.5387158835393246,2.1063107286462066,-1.5864868472553497,2018-07-26
2713,4.625794690873496,-3.0165087617578203,-1.6655455918723527,0.23027529457665732,0.8416168841444427,-2.055511277150058,1.4866815147945762,-2.0722185158091473,2018-07-27
2714,4.833432506701106,-2.7498360655809626,-0.14135059870587882,0.4557159212621265,1.1328333553616248,-1.1413636076897307,1.169807089062163,-1.7295404508236827,2018-07-30
2715,5.0446602179400974,-2.3917797199553252,0.6571987179461017,0.22172478522410358,1.4200806702493136,-1.630627903200652,1.2624509303316351,-2.404802194778445,2018-07-31
2716,5.063237382675489,-2.9356093407338264,0.30136025613773404,0.39093336995526934,1.9296524131589794,-1.8445750513476233,0.9301694765779972,-1.9289122715474147,2018-08-01
2717,5.820954406121041,-2.3553875358482634,1.2229419284384304,0.3714672265395223,2.3616667162216096,-2.9003825910317746,1.0588920567191107,-2.0685988710974907,2018-08-02
2718,5.436273720326597,-3.117646256042254,-0.3238120896311229,0.3359119891484919,2.041491837614154,-2.4773075313283295,0.6157538845109358,-2.622222642616203,2018-08-03
2719,5.76985196333672,-2.6315887147489474,1.3568626983708605,0.3883946373861585,2.5692908879154563,-2.4904343955460257,0.532776277836747,-2.824449869132934,2018-08-06
2720,6.0761529445278715,-2.5918446414173366,1.5926664192521658,0.5732042294307385,2.5350064409124173,-2.0733504693213325,0.27212209052149816,-2.722748550804259,2018-08-07
2721,5.476770172640678,-3.644849616745917,0.09495916924997162,0.5249049649164748,2.462998817028796,-2.3084650334078285,-0.037920527857070785,-2.957106093319926,2018-08-08
2722,5.4460417911531405,-4.351166254769867,-0.9298799622656047,0.35969152751184624,2.196646435985689,-2.589402248711249,-0.033002516679068616,-3.301334091008089,2018-08-09
2723,4.5470844173952445,-5.658890913929679,-0.9045599716175443,0.3396579481285596,2.6331093754207857,-1.7931729656015356,-0.15135075049869073,-3.2216050329139048,2018-08-10
2724,4.0427704614847375,-6.528852192720374,-0.5170118310795464,0.3601168167891267,3.349514333800657,-1.961452178080452,-0.1549058551571233,-2.825224147268541,2018-08-13
2725,5.308613010238324,-4.601829965926332,2.7165555852911263,0.2317090367202859,3.430983118527044,-2.1176492120549573,0.06395413788139004,-3.274120070650495,2018-08-14
2726,3.194324913390638,-7.523563133064254,-1.728523061839648,0.06811239801489813,3.5977887935178643,-2.3193184529157214,0.005054323190934904,-3.0564975349628845,2018-08-15
2727,4.204577520400499,-4.9774753771794025,3.0333075381259405,0.011460173937359463,3.772515391486135,-1.6947979200495837,-0.1439066682917659,-3.711017004522247,2018-08-16
2728,4.559213072211305,-4.5386088702175424,1.639145875578845,0.11482966987534063,2.6736936471382116,-0.9607138312748562,-0.5557014022198781,-3.8897420829559834,2018-08-17
2729,4.499591183482558,-4.0220132332302825,2.684306994651886,-0.16314766558768398,2.789800620214106,-0.58789177099819,-0.44996608476461397,-4.2573936854870515,2018-08-20
2730,4.7900599831266195,-3.6455717019490694,1.8457392938587744,-0.1560482627569659,2.264196425744605,-0.3287651864122529,-0.40596353754034264,-3.5898068175228577,2018-08-21
2731,4.930487519433754,-3.039041251085549,2.0322630622783118,-0.12166170914636229,1.953136919444248,0.11212578380331951,-0.18466811023813667,-3.366610623137621,2018-08-22
2732,4.204780321415621,-4.440463120790531,-0.5332757356320605,-0.2809016222378555,2.6710776183407905,-1.3710255904510786,0.5396201906508304,-2.310518061212378,2018-08-23
2733,4.937693970820159,-2.4009963927036027,2.4432095038185535,-0.13168669442877998,1.9422593484889332,1.0053394493090724,-0.3828153671472894,-3.5031254905059415,2018-08-24
2734,5.961618614182916,-2.0048479891926037,0.30847887582454026,0.059658849510824376,1.634240944184229,0.039199127107920013,-0.20829637787643934,-2.626210259827263,2018-08-27
2735,5.559761985621985,-2.2772903633763404,-0.19458996380519428,-0.11330195338967172,2.0627130984071016,-0.8859557073330079,-0.04538942874286467,-2.2228768851810394,2018-08-28
2736,5.8278978789103,-1.5749837447754802,0.1746393124311764,-0.05321470972973082,1.8679190337160887,-0.23694761271678705,-0.11707428655239432,-2.253957694712689,2018-08-29
2737,4.817113907587018,-2.6267438067298006,-1.8234680651436297,-0.3093566232562756,1.9004841329142876,-0.13352032932698027,0.15831910204143373,-1.8783051756567495,2018-08-30
2738,4.612399951669661,-1.9919428497481886,-0.3096546293613672,-0.38329670246849984,2.4747341141873704,-0.35885550440111075,0.40651639395672085,-1.8599302117838734,2018-08-31
2739,4.125439053000317,-2.3861750869543417,-0.6655762937563956,-0.2496854027200128,2.990311438727341,-0.7849587688455578,0.4099449501611326,-1.3799301249010287,2018-09-04
2740,3.355623264128834,-2.7359762104059966,-0.7051075055594642,-0.19405801089229754,2.947448376938386,0.3786654851067671,0.036333530923011725,-1.5592572570902397,2018-09-05
2741,2.3877124234182254,-3.70358531512541,-1.885210715865489,-0.35230944302217576,3.199586850080184,0.6789263694675867,-0.04733735479964718,-1.6766385890395386,2018-09-06
2742,2.57249376543146,-2.878360293141489,0.3254424782899044,-0.13124974225119332,3.8978766828990326,0.45879053311897317,0.0977183616080678,-1.159013688450643,2018-09-07
2743,2.852563747714083,-2.389833877196167,0.3614654824479333,-0.1727582083422696,3.679526196054429,0.6277365115421697,0.2259967291645542,-1.4326156991410646,2018-09-10
2744,3.805800441660611,-0.8209689468589714,2.273796883707897,0.1679114643628359,3.451789731373642,0.3010796992674965,0.008466200970802858,-1.1832079957322414,2018-09-11
2745,3.8554090666858234,-1.0851470716081246,-0.17781787097743393,0.30272563150639425,2.2369339292102044,1.182245703521781,-0.4138694865852117,-1.8949715764153559,2018-09-12
2746,3.8730820119067504,-1.096005320679654,0.13486764202034182,0.3762141929763532,2.5965313443778033,0.7790414770111923,-0.20886328297437096,-1.4483852384948988,2018-09-13
2747,5.198158319151512,-0.474365146320107,-0.24277902534782284,0.5897131037605696,2.231326158813238,-0.5498509307561744,0.1493137675263967,-0.849247091307407,2018-09-14
2748,4.164697242298961,-2.035533888656925,-1.2184562523066365,0.8733659043581465,2.0528926625380586,1.5370829282609346,-0.7059843818768409,-1.0470407829205213,2018-09-17
2749,5.184722328894627,-1.0013098981510224,1.1147415813297104,1.140823509559399,2.6023193611910744,0.7358864892425923,-0.37959929703623096,-0.582240451682865,2018-09-18
2750,5.511147203087794,-1.158467093826906,0.6455129513537728,1.4049607477360182,2.1571245666945864,0.6720315089795266,-0.6004497428383714,-0.7440450016558547,2018-09-19
2751,5.967890949750577,-1.153604108170276,0.42727838291865966,1.520452762443414,1.9429747248019682,1.072526117736667,-0.9054021108262432,-1.3485520551155548,2018-09-20
2752,5.813353487892902,-2.0273450641634474,-0.8017615576929086,1.5264410134350093,2.1662831062771644,-0.017993799036807697,-0.3594335870151465,-0.5248813057768795,2018-09-21
2753,6.516136572790064,-1.919982504182037,-0.6114441566666979,1.924169983733549,1.8055702810868262,0.9442701854032829,-0.6348450422054251,-0.7435286811317267,2018-09-24
2754,6.330931215543201,-2.5520041386419505,-0.47003357830348264,1.9090805680423506,2.025245276752802,0.8343601057462281,-0.5577538408067574,-0.6399625153456999,2018-09-25
2755,5.7041417528667155,-3.6542135937102334,-0.8346273939435508,1.7721714171972338,2.4975515163957267,0.9372785386698665,-0.3400386644642005,-0.796498237780505,2018-09-26
2756,5.957824652912403,-3.4423147288346683,-0.07088993648783574,1.778870829159599,2.576458965293291,0.01093794481777888,0.1650967475292323,-0.7260061496655721,2018-09-27
2757,5.937874902688574,-3.6395438494349555,0.1844965572112069,1.8265077944071304,2.2433316958086755,0.6761453579510294,-0.0738944151214328,-1.210808976466266,2018-09-28
2758,6.6286551224105805,-2.974368502409644,1.3350768151663888,2.047872686239028,1.8754178869627616,0.45202630001718014,0.03708319391773063,-0.9131469394179534,2018-10-01
2759,6.082417226013448,-4.087274099200111,-0.495761255603879,1.9426313703798355,1.1626757018356428,1.2053235301851883,-0.49390241950787594,-1.855502732847353,2018-10-02
2760,6.879417405016718,-3.0657055172170216,1.8729896961597574,2.277063146515077,1.4480787631653875,-0.30793719565536337,0.02404473608489965,-0.5748034946819649,2018-10-03
2761,5.181143731225257,-5.860169186081569,-1.876226007211368,2.103403878246897,1.2174765624567583,-0.03648086672512376,-0.8192001477619933,-0.5407418758468248,2018-10-04
2762,5.003308765966112,-5.364393837785006,0.8880800500534969,2.1961468683839054,1.329063447619724,0.41173227094318016,-0.9902972289570012,-0.42000742305411914,2018-10-05
2763,4.908642069616735,-5.9279317914618455,0.18331216327941324,2.0509385413461296,1.4165694904549104,-0.3248948395378624,-0.9848450090694232,-0.2723796025645245,2018-10-08
2764,5.194130836690094,-5.338701765592143,1.8193836129822727,1.9343108689425137,1.4553111625125785,0.7477957845310313,-1.0835040392819324,-0.9762484850880864,2018-10-09
2765,1.0445661297522433,-10.296472053593991,-4.84152859440761,1.4907163564366976,1.553185536829569,1.6372281861196334,-2.057958037367721,0.45253244800719034,2018-10-10
2766,-0.6005030352589441,-9.57273882803398,-1.0782003619915848,1.1602321844037726,1.4152849455341783,3.874539811353224,-3.028729266032942,-0.7502353663528134,2018-10-11
2767,0.6144486210413264,-6.803009528702603,3.7088499367200702,0.7730832625098782,2.210775655495757,2.165851183661364,-2.0234196309272865,0.6143502236979821,2018-10-12
2768,0.2285248456793573,-6.482909803177856,4.706989095291979,0.5061169309563284,1.997083949427283,3.3477949631520993,-2.6246709031050357,0.18206875670420514,2018-10-15
2769,1.7158232448421065,-4.0920805352778995,6.754467131775499,0.039270045257592846,1.7710102927983549,1.4526085349400897,-2.1141482716572275,0.6583138092728728,2018-10-16
2770,0.8882481915970879,-6.270732945846527,0.8258493044061691,-0.17434795384218224,1.0082516186135135,0.510073340165938,-2.461248580519151,1.1600416530870146,2018-10-17
2771,-0.5867167318073957,-7.889666390709543,-0.8878620072464228,-0.6119453032596542,1.3545447754893154,0.8204398999801003,-2.657649018574172,1.4008934964883895,2018-10-18
2772,-0.4678892401219177,-6.397565932974118,3.0977847412871533,-0.8767694994217463,1.6180330633134057,1.4249279100804388,-2.7319028325173713,1.4780972761925948,2018-10-19
2773,-0.9210300638471434,-6.711787141139474,2.8213922497611548,-1.078312610147026,1.940293122742731,0.9138423509542482,-2.519241741883351,1.9041147825359843,2018-10-22
2774,-2.2998538932738004,-8.27583287306947,0.3527684115289191,-1.3877048653140116,1.6013552855344948,1.3048045446897953,-3.3224202410894192,0.9757149740856641,2018-10-23
2775,-4.482005232052042,-10.712751602473443,-2.9743821286050243,-1.771291193314893,1.5185047961740248,1.6680217405711235,-3.3237509775625567,1.6719096877775306,2018-10-24
2776,-2.522530408581737,-6.733565903359695,4.466535772193531,-1.8597217114707771,2.3881586544090254,1.1109162244459019,-3.2142965197243765,1.5554553773977557,2018-10-25
2777,-3.411366097907999,-7.825791042982705,1.764622305582461,-2.040443653709105,1.5041606807844774,2.304400795266696,-3.507346974577898,1.1421525376192443,2018-10-26
2778,-3.6289526161236667,-7.284992526605369,4.343157263896059,-2.263092029070383,2.671854785228132,1.3121191029532855,-3.1219663016184858,1.7705708943533391,2018-10-29
2779,-2.646224279751993,-6.09789356638986,4.183029209322559,-2.423674022800603,2.195695981185809,0.13011355321020773,-2.788833597187416,2.179447270737649,2018-10-30
2780,-2.2393195514079887,-5.436929877206624,4.829132252092815,-2.492464712160658,2.2522687521451017,-0.29014617083250077,-2.7762175083831306,2.105617836830749,2018-10-31
2781,-1.6689025675600317,-4.172548283989281,5.616146518828522,-2.5542299759206513,1.2803534820904208,1.0508653976017586,-3.323980013112631,1.1252547199364582,2018-11-01
2782,-1.854586003223988,-4.7784100977054065,3.1394232601494974,-2.5295278369761878,1.0087226428740514,-0.2236977743296104,-2.7894368107124157,2.5919746361456832,2018-11-02
2783,-1.7973927905049956,-4.962115481817017,1.121806888238103,-2.8160108269044666,0.33147484255306303,-0.1611091863268886,-2.813761294038915,1.9962566392461627,2018-11-05
2784,-1.414074644455877,-4.0035111984294325,2.699034866214033,-2.94944827560888,0.5454472966924245,-0.3235897791134531,-2.4797990652716746,2.5290681219732747,2018-11-06
2785,-0.15909292834403496,-1.7601639809489706,5.7318935014219115,-3.038490589613374,0.5516547251048419,-0.3462723246359069,-2.456570782687743,1.9252698645984374,2018-11-07
2786,-0.5598343462471831,-3.925017775405265,-0.9711164911182615,-3.1369840796816852,-0.26466136148936414,-1.9597857431790282,-2.0438730590659144,2.1886913627880116,2018-11-08
2787,-0.8936339175748381,-4.4849089423361495,-1.6383560815011264,-3.3296866472410382,0.10545308604113565,-2.198349419760536,-1.5954828907143668,1.947317919084106,2018-11-09
2788,-3.003984542040912,-6.914070436668611,-4.552844488175,-3.450621971282625,0.8030518364901685,-2.3375301409839047,-1.149691472635252,2.5365774279372055,2018-11-12
2789,-2.83863484490373,-5.046203907663424,1.031415756370683,-3.3248333856708903,1.833406639800166,-1.3963931386418356,-1.5956808728706078,1.2939541478339331,2018-11-13
2790,-3.3278089150141796,-4.9800291653912,1.7817587761021427,-3.0849283998460133,1.5276088329525508,0.6945681172342707,-1.7175608722872788,1.1896891366253783,2018-11-14
2791,-2.461569387703464,-3.1297715099620094,5.036026064935087,-3.136724239467692,2.1247493969487055,-0.07360745090942582,-0.9936613963623367,1.3646306697273947,2018-11-15
2792,-2.228166974671776,-3.245589958007889,1.8033286264202308,-2.9062881226325104,0.36578271714998356,0.7205395533198652,-1.0903434449966207,0.7906226603459334,2018-11-16
2793,-3.100158599834956,-4.388948698017515,0.23587807731986868,-2.950118706902041,0.5267260755642272,0.6634582176432063,-0.6222605184002187,1.506937081329142,2018-11-19
2794,-4.980020498010703,-6.622999545981676,-2.62192255910976,-3.0174647177715723,1.0601782355497869,-0.3230284294103916,-0.5366451287353682,1.846056922580973,2018-11-20
2795,-3.243834526696181,-2.5483837911171823,5.195008052070913,-2.8529054524219504,1.5018007778142581,0.6474635279415963,-0.34210421381280964,1.292783974893823,2018-11-21
2796,-4.235327259487816,-4.840663136847133,0.11262978254607965,-2.842234790002076,1.3868962489201089,-0.8752650188142909,-0.3502814147051598,1.127506779715593,2018-11-23
2797,-2.865108604661297,-1.6829041643972702,6.3858873900893744,-2.7893198057983084,2.0657059216869795,-0.5787055462271901,-0.18102641955224535,0.6914207754270653,2018-11-26
2798,-3.2650103403321813,-3.7638303090477967,-0.3042758157318787,-2.8244008126128173,1.0945681665907316,-1.6291201295022848,-0.020155970075383337,1.1116650311306848,2018-11-27
2799,-1.790496831273419,-0.7388303071790261,4.9373875371371305,-2.617849212075353,1.4603074017393987,-1.1478563522390868,-0.4583530813492812,0.37323274219818825,2018-11-28
2800,-2.2594010334826544,-2.0032490788439037,0.891805111722771,-2.5447925106251073,0.4979748598061554,-0.35763165087441734,-0.38895023144157026,0.6464136795413236,2018-11-29
2801,-2.3000602778067094,-1.528342952480256,2.741782861375959,-2.5970110354213003,1.3628618738982967,-0.6313245179882846,-0.060278983555929117,0.5456669543098127,2018-11-30
2802,-1.4434863710321562,-0.4320687389496246,2.122505140865403,-2.5319999256236994,0.45152891275841556,-0.0241669466742469,0.16160207653421926,0.20466115078348374,2018-12-03
2803,-4.578655004563311,-4.8219202194826805,-4.6637584337094795,-2.741495011384766,0.003118059779671473,1.7363604113598576,-0.29901896711774206,0.009146956557011199,2018-12-04
2804,-4.720536097877373,-3.8775842194381434,-1.321234161805814,-2.788161515043786,1.009730986532554,1.4853149860990635,0.06181422801376002,0.1762504812843378,2018-12-06
2805,-5.510408871336603,-4.43490842587597,-1.9825391920352389,-2.7403773114673573,0.5077691593263534,2.9050841740193327,-0.04345479260384777,0.29941833739555695,2018-12-07
2806,-6.036929065599191,-4.14306807169879,1.2741077339155458,-2.857007735905016,2.395618974695827,1.87372801971346,0.7841053494629378,0.5000398407185509,2018-12-10
2807,-5.692644058530544,-3.2792091414007114,2.2821211818238254,-2.847904951785765,1.8889484976202018,2.2718386148962324,0.8416161412376408,0.2536244667126694,2018-12-11
2808,-5.023000883357582,-2.238848384990015,3.331201895754962,-2.7224193957024423,1.6402255491773048,2.3791502365166073,0.5483238782619192,0.03310239647936836,2018-12-12
2809,-4.627615339478398,-2.4321521254701097,0.9789389403105482,-2.6503650673494152,0.5051218376264666,2.2813443492034535,0.7282385934200515,0.2953312492522771,2018-12-13
2810,-5.753758707577932,-3.677970669102309,0.058123258792207984,-2.8521151750767975,1.1854111785801593,1.3746603397687824,1.1682719166198923,0.7485209053600184,2018-12-14
2811,-6.907520209435422,-5.190047822306906,-2.2696856539055634,-2.938455174258565,0.7680526181878821,2.485048905040311,0.37273466707996167,-0.19849168406221368,2018-12-17
2812,-7.625258035593985,-4.963849857710187,0.29914938472067404,-3.209713300139437,1.6668845665252043,2.15597126348755,0.4577843617415024,-0.2598025172249439,2018-12-18
2813,-8.245413241579,-5.345106391525348,0.8004648758771518,-3.3398198274625277,1.7806384258677848,3.1126207548164593,0.4249491487018823,-1.0768698145044044,2018-12-19
2814,-9.107211111275891,-6.1141562394258955,0.12132212075425271,-3.062642090808748,1.4108774143397502,3.9686655595743843,-0.36926685076735133,-1.085896849524189,2018-12-20
2815,-9.627175989855392,-6.911897381848692,-1.020570841033523,-3.218468550904517,1.6702046361903273,2.724045121517087,0.33057465876599534,-0.1063761701344686,2018-12-21
2816,-11.175780393132541,-8.508994615984717,-1.6331373171305683,-3.33885452438325,1.7106237055594757,4.5633629941310305,-0.698943600745066,-0.8673592735985527,2018-12-24
2817,-6.598342535571902,0.2064236326916092,13.036483352261335,-3.087455009095726,2.4736275626571755,2.771756095888144,-0.009653454671146883,-0.18282442834020338,2018-12-26
2818,-7.457021016510229,-2.6444938973850896,4.615830089159601,-3.208910243803787,0.8245567103457527,2.952818696696551,-0.6397966155352003,-0.4480285439619269,2018-12-27
2819,-7.548372330913471,-2.5336454107207547,3.840343606259889,-3.494145319081842,0.19597463643781826,3.203378973441761,-0.6786590442816818,-0.5549851266835172,2018-12-28
2820,-7.305784080978584,-2.6892263084360803,1.2739777765823401,-3.7896297450324887,-0.8843802886540372,2.581437617386857,-0.40651936783964304,0.14378535949873078,2018-12-31
2821,-6.863961261464361,-1.4725979572821575,3.8854089074203264,-3.9642127821255655,-0.2951075646958844,1.6858940588896156,0.02232321623278746,0.26832730621524725,2019-01-02
2822,-7.958550501992901,-3.207915986537132,0.2245618420074744,-3.9825154748073364,-1.5087063269058718,3.8376467503415803,-0.950251212475077,-0.6044720551913111,2019-01-03
2823,-5.263777083935704,1.9182381709808696,9.237104855566937,-4.1055637819118616,-0.3410868084052568,1.7218726638817445,-0.03151949319204794,0.6783873955741214,2019-01-04
2824,-4.931869775994727,-0.0671935099205496,0.03496352364215211,-4.033061159882273,-2.832610112502975,1.6251015731306662,-0.5911311763012216,0.06044713794080242,2019-01-07
2825,-4.135163748071369,1.6383591804628261,3.624541834291532,-4.18943935311231,-2.0526886872646926,0.6086183978857225,0.006285348751574824,0.811949127765529,2019-01-08
2826,-3.544589927413682,1.934665545094195,0.9408172602427172,-4.008097016835083,-4.09443250555625,1.7616233313538905,-0.7447668962257964,0.37339699444068336,2019-01-09
2827,-3.469369924245633,1.6697828710108515,0.09507785738382167,-4.088540352575664,-3.331979071077966,-0.3522820083258192,0.03940360665742476,1.7413800368930845,2019-01-10
2828,-3.4693532602375847,1.3703274603562419,-0.9973869778246283,-4.1261670389320635,-3.537017922960377,-0.00046029209324810054,-0.3538130672534938,0.7145396387253447,2019-01-11
2829,-3.6136180983357438,1.1634006121937512,-0.3947723722228808,-4.193110414542725,-2.868699155518171,-0.3915966799106147,-0.3322618517777043,1.4364986495675487,2019-01-14
2830,-3.221950561954989,1.6770977843006116,-0.1217330282666134,-4.289313271156898,-3.074523172758606,-0.25957281669634563,-0.628939244145286,0.8495124160890084,2019-01-15
2831,-2.85510200467655,2.146149491992965,0.4487082824568489,-4.469451877693881,-3.1491505599305265,-0.4895451273257814,-0.8033715238424085,0.8387722438472907,2019-01-16
2832,-2.4083688684309776,2.852391702796102,1.2852834771784638,-4.574965229616305,-3.2764740459367134,-0.9837096252764383,-0.715304019986564,0.5876509948007906,2019-01-17
2833,-1.5244732743285856,3.4250412158574868,0.9383571338695196,-4.579060154977479,-3.3642240552972815,-2.206300258173286,-0.18932124782842608,1.5927454706093367,2019-01-18
2834,-2.9790045455023364,0.6255727760898989,-4.057349761383947,-4.780129821072556,-3.895869879106006,-1.1881082689807818,-1.1844820422537834,0.7632785001767513,2019-01-22
2835,-2.309581075472698,2.3629410472134467,-0.09687733870299715,-4.981149118751144,-3.422720619664328,-1.5281258718893347,-0.9654272024568408,0.6986673378108719,2019-01-23
2836,-1.8996035332133414,2.8946411329785455,0.08769110879281634,-5.277906894650635,-3.614450278976472,-2.2539131652742563,-0.7244583767334838,0.4115001594455416,2019-01-24
2837,-0.33067620509287143,5.057666781498857,2.512318533387761,-4.897452531052366,-4.381375989155029,-1.2388514862106388,-1.3096943977327393,-0.6778376978727805,2019-01-25
2838,-1.0870256716040636,2.3941264160415554,-2.475312596163823,-5.023943108290018,-4.113483704949604,-1.566009463334031,-0.9916452796999976,0.2467501843359678,2019-01-28
2839,-1.1921850944308106,2.6672198648386245,-1.252944406666503,-5.00602115406656,-4.241059294832057,-0.5862890467246655,-0.9825198524550709,-0.2044035232132026,2019-01-29
2840,0.07429790606259047,4.354794082105652,0.873685367029453,-4.763609805748457,-4.416997796936798,-0.4877441307721268,-0.8760842711265404,-0.18153434707633592,2019-01-30
2841,0.15030898616076996,4.635655553152767,1.944285411726082,-4.79749020879796,-3.87378627281318,-0.7896350765125936,-0.47541092330621404,-0.2990561205005609,2019-01-31
2842,0.370231978607623,4.388933367981783,0.6676163848463631,-4.56890784663332,-4.262760515493689,-0.7470349136121147,-0.36683380373953467,0.26525286582485275,2019-02-01
2843,0.9863767659235577,4.313620637061952,-1.0042000700095417,-4.562107894317759,-4.385077936100314,-2.595616739021017,-0.17062658484617726,0.37604619349444274,2019-02-04
2844,0.6999484946290738,3.3226610833733474,-1.9102282378747957,-4.628906780886467,-4.068076788843709,-2.137102408873409,-0.3563092677199986,-0.44062863244872813,2019-02-05
2845,0.5950223135188019,2.999114828053267,-0.827703639962341,-4.545796513103621,-3.1897012418994537,-2.337241115710496,-0.18713802231839138,-0.4536152276488333,2019-02-06
2846,-0.8878251157890006,0.8792302311757548,-3.2237994737181896,-4.47898031225898,-2.878672339771986,-1.4547696925769817,-0.6618959813546536,-0.9198098822440874,2019-02-07
2847,-0.8452343884661706,1.2459864677115722,-1.3318254679608326,-4.624631459793266,-2.218104287714625,-1.13684284903263,-0.6256514847843715,-1.2843640124286833,2019-02-08
2848,-0.7804891855872946,1.435893216094374,0.04607083637441937,-4.547425923468332,-1.557522571710712,-1.53481622810554,-0.5810630942587508,-1.0151647507917785,2019-02-11
2849,0.3958556854349168,3.1742044625744326,2.5319102226709456,-4.321264452262165,-1.689220790568809,-0.7752704486821597,-0.9720187260251139,-1.5151111118611942,2019-02-12
2850,0.6690099289776362,2.526568861515474,-0.28679259964885434,-4.201759541164616,-1.8897104831850995,-1.8558187588189012,-0.6278651702099923,-0.7734945422785751,2019-02-13
2851,0.4958521276114446,2.1383827745135036,-0.9600727619084055,-4.104600861662151,-2.0988172662799407,-0.21670805721163955,-1.0411832372357415,-1.425363201036309,2019-02-14
2852,1.544903871267856,3.8799149948336504,1.1811198176122484,-4.036149493003304,-2.247623169059869,-0.3268708201338341,-0.7900111081138955,-1.188785074351257,2019-02-15
2853,1.338423716860827,3.5397436917563017,0.2571708743543603,-3.859081283312531,-2.560952240598131,0.7813320216278178,-1.2374724313311556,-1.5388435952390533,2019-02-19
2854,1.409274546303696,3.619995516257424,0.3148691124246955,-3.840339674520757,-2.10523068669196,0.09935808096073245,-0.5872674937147191,-0.5244021709204855,2019-02-20
2855,1.643710374258589,2.5961243481485523,-2.662102665432722,-3.4632393593809923,-2.138630508459129,-1.457253214795112,-0.4692920092984588,-0.024778011052999538,2019-02-21
2856,2.2654223669868285,3.4971471003382035,-1.1224146326666602,-3.3102946267906526,-2.04315621575643,-0.8553961048888199,-0.6356655967602312,-0.8082648024717412,2019-02-22
2857,2.2011010980974617,2.568160630244987,-2.2682579348580774,-3.03608424716656,-1.4988701040042438,-0.6385083235748686,-1.108888089891802,-0.5615342020794769,2019-02-25
2858,1.9385241574986447,2.316458719287907,-1.124499640367814,-3.141191060132883,-1.162228731702314,0.6164408681039001,-1.40618844235034,-0.9112209814375034,2019-02-26
2859,3.0854640994059466,2.842868737940763,-1.1182835537600073,-2.5897653194987753,-0.9316608838880094,-0.7726355307096192,-0.8587863604163942,0.19016816402690806,2019-02-27
2860,2.862647478451472,2.1509347259044,-1.482881804498064,-2.4236574347766564,-0.5461498539328791,-0.963009034198718,-1.0174024878004175,0.11451513683753933,2019-02-28
2861,3.5013147574073336,2.69064263863734,0.41170222158496117,-2.199497106928211,0.4936805195905336,-2.6624347273289155,-0.4587377308221853,0.6858880318815104,2019-03-01
2862,2.5125558764208464,0.8994367327173485,-1.8595532026741808,-2.1809213410725796,-0.0026689174175640036,-1.069804345177578,-0.9758675882364122,-0.2059373857753367,2019-03-04
2863,2.4158009225038453,0.4852303729225717,-1.3477299710340844,-2.4948131839152485,0.7539190322658781,-0.9934259775941519,-0.7367571162099278,-0.5566777567833873,2019-03-05
2864,1.2678602396386356,-0.9278827148948078,-2.7301513847598144,-2.2454906108201818,0.4830939038384632,-0.026529401371679553,-0.9991880510317066,-0.20475140828997893,2019-03-06
2865,0.4417862232685963,-1.4240331548982306,-1.5148685459100797,-2.280755308186966,1.327800970586393,-0.49183970208907607,-0.33889182972209075,0.4016793278522707,2019-03-07
2866,0.8280567346813503,-1.0079580535336135,-1.014369865119958,-2.1769294986261305,1.0513358418116123,0.9917924824118153,-1.1182884575741623,-0.6875884088386366,2019-03-08
2867,2.831459958109548,1.83027443732044,3.134874627891399,-2.066966598882494,1.0330582936923902,-0.052441352082827845,-0.5641856194951936,-0.33334896190057695,2019-03-11
2868,2.9749539470050346,1.057767507546743,-0.026792124667425636,-2.054585757512688,0.025266618264529,0.488042336350197,-0.8974093707523377,-1.0372927519214117,2019-03-12
2869,3.7551480315095085,2.203054755842346,1.3348375945156519,-1.8805284722742035,-0.40519574744418574,0.9518825585025471,-0.7461161162336133,-0.3349766906273467,2019-03-13
2870,3.293913544947827,0.6576712486040841,-1.4829686505525772,-1.846764903532921,0.015490208483928777,-0.5327439127155302,-0.058617270389636045,1.0979128693576543,2019-03-14
2871,3.441743609025167,1.367361733127773,0.28734684247451053,-1.998322225998256,-0.14682549051545338,0.40764484757771785,-0.3685487557860738,0.04606076681390464,2019-03-15
2872,3.9099318172817026,1.6696506262300712,0.27434266287571624,-1.9458367199338185,-0.2865250141797329,0.10531641605142102,-0.3860237801993964,0.32361795208917815,2019-03-18
2873,3.5417777450660766,0.6585205067061899,-0.9714121068870247,-1.7996780392294867,-0.10168174465340281,0.7708987147409975,-0.4990573427546778,0.6328906671005037,2019-03-19
2874,3.5873371089373594,0.21157593245879933,-2.1282530843557312,-1.6304773766934046,-0.7485081072058879,2.148070566492834,-0.5655672844334669,0.021232390434398563,2019-03-20
2875,4.0927055341449154,0.5390007963868273,-0.564621595160519,-1.5236734618252101,0.21255739074361185,0.5075745044451118,0.39507051421247563,0.9489689996981405,2019-03-21
2876,1.4087886088244481,-3.2046632765075436,-6.3042943046561035,-1.81255667389142,-0.17277500050535138,2.0295469563779163,-0.12015729601939545,0.4287456062387884,2019-03-22
2877,2.1017600756751804,-0.9085097997837489,-0.31237292062236416,-1.7873145109091684,0.6869423576668461,2.685825934332717,0.056877502185067125,0.1582313718289418,2019-03-25
2878,3.2613790517579173,0.6737030911778765,0.934720825556355,-1.8256483298597403,0.5751144526248494,1.726218819136069,0.7290137628829569,0.5706103036430494,2019-03-26
2879,2.970546688598776,-0.11099724475911374,-0.6111679607805033,-1.9606035310090912,0.9928020362998552,1.5528575717116606,0.9398941412786289,0.14197401908740787,2019-03-27
2880,2.9716984298655675,0.37287892360598757,0.2545805695913989,-2.425872057520199,1.1674733851598948,0.4363226124712679,1.7389516557619205,0.43323788512687594,2019-03-28
2881,3.1556649839386464,0.6219855759943019,-0.44546308011057073,-2.4786525955964893,0.5533661619378961,0.5862572939120065,1.7237147377534905,0.09296347595656568,2019-03-29
2882,4.141117600866011,2.1272265650104805,1.8848121120363144,-2.19280332374122,0.8289193036294187,0.6938368486938885,1.4641204484108588,0.3636684969365628,2019-04-01
2883,3.6889505705710657,1.7305823153591968,0.42323729699091645,-2.334841696058097,0.42975955058488813,0.7157255578943812,1.328334383855587,0.09847979455756634,2019-04-02
2884,3.563533441706265,1.331324360111612,-1.0046679826891998,-2.2232057419974915,0.31760345401196943,0.10068471542753578,1.2139131753071026,0.6323798211085427,2019-04-03
2885,4.172038629198337,1.5807181174849947,-2.244241271740687,-2.252901647471261,-0.08340689298764445,-0.27502174763810583,1.063340938219799,0.0338012596489044,2019-04-04
2886,4.827327590372702,3.1640213378346207,0.6407510414228492,-2.3574506534433914,-0.17871280869537007,-0.35591093660137213,1.2458466268956034,-0.17879328012052015,2019-04-05
2887,4.707148825098124,2.6213701126401636,-1.2587921067801369,-2.208206007314703,-0.8368227044418938,0.17296333641137834,0.9136897649636301,-0.35118437125583585,2019-04-08
2888,3.1741834746382684,0.7781558841924047,-3.3239801508384272,-2.336590335011599,-0.5740517192406933,0.5453027403115757,0.8837766128369232,-0.02985764543416719,2019-04-09
2889,3.6905343618404336,2.0660793899399064,-0.9950340397988571,-2.4243983033518135,-0.4255940769492764,0.37787512654607025,1.0194403133061156,-0.3563933062630906,2019-04-10
2890,3.466943996830018,1.6094593111516922,-0.9862402180705615,-2.4237451919434014,0.4972890065125373,-1.1899114714371177,1.6752518742337887,0.6376232918682286,2019-04-11
2891,4.273417648063032,2.8251336840187142,0.9087545253081902,-2.265494982344478,0.2873964412009053,-0.5343928873354468,1.251972790891427,-0.08715376461331936,2019-04-12
2892,3.65422066618718,1.3075489366005122,-2.4604627788453426,-2.2864982459791388,-0.015326656765381114,-0.603060289811134,1.3379195913704578,0.04769540234786873,2019-04-15
2893,3.8869859141830494,1.9521744031362585,-0.567043416400677,-2.2236028637305125,0.563807907314969,-1.2157196111875899,1.5625296944912952,0.2845887727614382,2019-04-16
2894,3.2821783989804665,0.9692250884453344,-2.222497975416638,-2.227382675024544,0.3539375419733727,-1.1665429640239973,1.4569638686276813,0.1727826349637983,2019-04-17
2895,3.074465091304904,1.3917275249666305,-0.43499234104790097,-2.5499559859070415,0.9984021705558962,-1.6778764845806982,1.6997863486746358,-0.17587140602412837,2019-04-18
2896,2.9767347084679225,1.505889085277816,-0.6489195780857637,-2.3737181232679463,0.3024274399925787,-0.5980270978270852,1.440276818454863,-0.05129249522008403,2019-04-22
2897,5.402168811598146,3.029577690645621,-0.18630478818702667,-2.2825160918926035,-0.03264387838518218,-2.3740156775945787,1.5726306311747182,-0.8142738700522361,2019-04-23
2898,4.461377063654892,1.0482501656785828,-3.1976562798809085,-2.3634254120394167,-0.01675429342490395,-2.5939563777101027,1.2992581003116945,-1.196716201806287,2019-04-24
2899,4.269650492704465,0.9244478414313623,-1.5742041122381818,-2.2212873459810316,0.5485999583878501,-2.2356095312824653,1.1354301074131201,-1.1383020565458835,2019-04-25
2900,4.489463290767906,0.8529396582247765,-1.7121175076590256,-2.25783020767049,-0.002028509320332744,-2.427443424349658,0.47176274423994546,-2.369665565778961,2019-04-26
2901,5.3388559669778175,1.380639768642375,0.3112024551439485,-1.9496434411051122,0.4746999805652984,-1.9767535974938202,0.30020487118421685,-1.9459826482659388,2019-04-29
2902,5.064407995727392,0.4855547548393595,-1.0190670427190744,-1.8219863160374832,0.0355599068695763,-1.080048096004297,0.0038808708142383627,-2.4505596377291523,2019-04-30
2903,3.3695740596306942,-2.067650611321757,-3.023468401702098,-2.1237038548660623,0.8562163833801235,-1.186811055837812,0.26551823946388264,-1.766398385965101,2019-05-01
2904,3.281929363963677,-1.9752896716184836,-1.39801877268724,-1.9831437357613446,1.4958573234819488,-1.8776557366674336,0.20930741522766644,-1.8032228164770583,2019-05-02
2905,4.465307508064987,0.2875359790449888,2.645855794001696,-1.961625170034835,1.2120847790706435,-0.8628969439826117,-0.11614826291359048,-2.7834615729297223,2019-05-03
2906,3.4961465081849856,-1.7590364178874922,-0.5313391779975737,-1.9770384289946905,1.0524320277785306,-0.11781514217326045,-0.34249195796765763,-2.301452246933146,2019-05-06
2907,0.9269726565219889,-4.768439647967491,-3.629135164508147,-2.17719497185889,1.3513870576394302,0.8475919588544819,-0.6017024040719171,-1.8553535158375105,2019-05-07
2908,1.3764951569073032,-3.4969593857272683,-0.47088457556643054,-2.242739275712836,1.9095381177108344,0.5397430947426787,-0.13705054836727748,-1.1613909972646326,2019-05-08
2909,1.6787432511748865,-3.0405180664095295,0.391153891670884,-2.2122834534731552,1.929560915922152,0.8413985094426777,-0.18653861884320816,-1.5357236329649702,2019-05-09
2910,2.4597269821216656,-1.3437851987011624,3.9400873940717416,-2.2237043248598463,2.3484197496746186,0.7711023760373354,0.03205573398228695,-1.6605191959574965,2019-05-10
2911,-0.9033811830029453,-6.111124409282605,-4.659824525075614,-2.5327884416932442,0.9340851998595098,2.6025517467242256,-0.7088636804492453,-1.4761723660352817,2019-05-13
2912,0.19920604308767229,-2.7728369702359243,2.5159147013222314,-2.834148628774996,1.9253795777467622,1.5152182733784725,0.2281683606786029,-0.7641001797978796,2019-05-14
2913,0.28902420827703906,-2.543763428988197,1.561806193625888,-3.1145273621044,1.235721362655815,1.4551514723609975,0.2920373544576348,-1.034249495426684,2019-05-15
2914,1.0513419017538064,-0.8264544152429075,5.389806561510964,-3.2956237198027654,2.1032575815474805,0.870813746614965,0.6319830218395459,-0.6482067760184191,2019-05-16
2915,-0.37282374824647446,-3.636368533907537,-1.6361949661291084,-3.579697741592734,0.9572796703588796,0.27328661285459904,0.6149956556312125,-0.42769532843223446,2019-05-17
2916,-0.4126216321319271,-3.0858461711430216,0.06998915265398743,-3.6156033047424323,1.1232906097348736,0.700544075548604,0.49737858059059736,-0.3356597011680395,2019-05-20
2917,0.18744773338359708,-1.848975653284647,1.6766187400200332,-3.953747938802821,1.319745741559154,-0.07669028293471314,0.7224705390871261,-0.407321330929963,2019-05-21
2918,-0.7329475624703975,-2.4206864074174206,1.6360232301044446,-4.221837054122448,1.656873818751281,0.20879583219269954,0.7085463972423637,-0.5525955539366086,2019-05-22
2919,-3.0228315414345603,-5.406280733249773,-3.9194765094260835,-4.446552618502116,0.6401548460677083,0.999955988422123,-0.17764213946835583,-1.0629368751596096,2019-05-23
2920,-2.0302613138281833,-2.6888912008569674,1.2626288234050145,-4.499478338129588,0.6838092194787943,1.3595809762952396,-0.0018636138840945643,-0.8386309161073476,2019-05-24
2921,-3.1194071651010096,-4.098042423906582,-0.8472551903906532,-4.793802187754764,1.1216723976296077,0.9849009034893831,0.2216208014886506,-0.5784132543885215,2019-05-28
2922,-3.5626997779131413,-3.402749778868734,2.1204706622092733,-5.163982819426483,1.7420683837282742,1.4519490518514084,0.2786536409289616,-0.823511406522563,2019-05-29
2923,-4.135552764645407,-3.9120835693564504,0.18632343542504975,-5.479519455439269,1.1933369823502729,1.0258654071115856,0.16156746368982722,-1.0875626652742618,2019-05-30
2924,-5.840398759018898,-5.417932566142402,-2.2244268273060976,-5.6309779097197135,0.09208688412015795,2.5222453382078522,-0.8049522659127609,-2.0002937715193445,2019-05-31
2925,-5.187184318652703,-3.0496659881398087,2.2951354139156956,-5.684771166955999,-0.20724770198541567,3.766447480023489,-1.039461047030242,-2.1791564662317553,2019-06-03
2926,-3.1628298236118413,0.3061698162402417,7.318729029474158,-5.5170479772390175,0.39502644981977253,2.2874693088690607,-0.6445890383384804,-0.8825824116227761,2019-06-04
2927,-3.539838370505242,-1.4034207003817714,1.7853417829368174,-5.586286799900979,-0.11712965437892967,0.7861817972804525,-0.610941105771051,-0.6713365049642308,2019-06-05
2928,-2.4801069736352535,0.09218122993431158,2.6681988063959907,-5.503198356412841,-1.2193722469694142,1.697381972501466,-0.921525466933085,-1.194685781046061,2019-06-06
2929,-2.378393815893745,-0.2055712739446445,0.2858316931947544,-5.6434901014996015,-2.1649424516415396,2.007383993542999,-1.0636290234561172,-1.3720059903323008,2019-06-07
2930,-2.076096626146807,0.4040618696743852,1.824852436938079,-5.5942228434610675,-1.245197171364652,0.2881370765220768,-0.5871605780998459,-0.37825520435530696,2019-06-10
2931,-2.30065349679473,0.09869075393706236,1.2768505206045513,-5.667946434685066,-1.2919125448222748,0.36142445925104966,-0.5677975923445427,-0.31806918175627236,2019-06-11
2932,-2.624167874200772,-0.793095852881391,-1.4039981127666614,-5.747407165070037,-1.6818819112744317,-0.973727958882903,-0.5935780715794662,-0.8077208137787766,2019-06-12
2933,-2.116914926168719,0.11885852022353563,-0.14490798827556062,-5.733836796043356,-2.106639742065344,0.4506691278409776,-1.0786746424016929,-1.7780013343609704,2019-06-13
2934,-2.4894749243466014,-0.2889902852348604,-0.14823217728172797,-5.748393824676246,-1.5135824998782583,-0.2743968226546671,-0.6953042172262277,-1.3218780886626778,2019-06-14
2935,-2.6278657475008966,-0.24953723654167412,0.6411005096433731,-5.704379304156253,-1.2176529820239583,0.09523135646892983,-0.7271674443240136,-1.50128175452321,2019-06-17
2936,-1.426070552525805,1.3239791642172345,1.7977393698482282,-5.672699223060568,-1.8832588624224997,0.2000777564403678,-0.8046876036652079,-1.7451865284112058,2019-06-18
2937,-1.1239407434327755,1.3770169172155273,0.8290744882219457,-5.5611558385753765,-2.4100364220801387,0.6867937200533624,-1.2464934775609875,-2.466167267327655,2019-06-19
2938,-0.7894794755806858,2.581287671736959,2.098708783510672,-4.942113043865554,-3.4456655799982823,3.115868546305641,-1.9399345754143913,-3.004249196245121,2019-06-20
2939,-0.16204683105933457,1.8187860396955582,-0.5115584134916975,-4.448049343843747,-3.1946957979736244,2.165464182252843,-1.6355193569911939,-1.198523116642904,2019-06-21
2940,0.011540896115571762,1.4177427376201424,-2.099349243289853,-4.409236197351437,-3.6342841920631415,2.2532225295190242,-1.663311013926022,-1.906936472426355,2019-06-24
2941,-0.822889982341981,0.32499122661492436,-2.489521587685984,-4.332861752214441,-2.946844524127717,1.9672121735956953,-1.3823702437405767,-1.1866040603672563,2019-06-25
2942,0.3022406028465291,1.7375564458986914,0.5141183418036239,-3.9159259416085277,-2.4575085094814475,1.6416950933905372,-1.250950813716475,-1.0108206920142224,2019-06-26
2943,0.7310731301383494,1.7610371306583201,-0.21941486892990997,-3.9698133026438174,-2.7198480536887732,1.2853059454208262,-1.3914849341060895,-1.5905786891246594,2019-06-27
2944,1.361055713228394,2.361678089846892,0.873095643925516,-3.745722713281353,-2.6518677606709065,1.066937894700314,-1.519826512099632,-1.7923378851389051,2019-06-28
2945,2.4661531497864466,2.3211030445578946,-0.4440681380757531,-3.6158431366399832,-2.4851201773843394,-1.9142045758216781,-0.39829563822960623,-1.0039781835458097,2019-07-01
2946,1.9900889911765882,1.3817709368107356,-1.930633062564878,-3.4034946790024567,-3.251071988914388,-0.5649061407670414,-1.6934220670555025,-3.1938811979052475,2019-07-02
2947,2.8085377647021237,1.8709897853370827,0.2683229903095828,-3.293432944157782,-2.7847073875598305,-0.316688532254821,-1.6403337070210204,-3.31672643709136,2019-07-03
2948,3.0863032600148537,0.8378057106430602,-0.1633754795901179,-2.5908913358790744,-1.9033140793108594,-1.057333533865136,-1.7670907923632468,-2.233326355824334,2019-07-05
2949,2.5122635628368553,-0.6787820529165153,-1.2626841439902332,-2.4065695542239465,-1.4299518592110207,-0.7154389504626951,-2.0613568154195634,-2.442813783051851,2019-07-08
2950,2.8148740988031764,-0.712525742259875,-0.33304182741058835,-2.152946858507333,-1.1766100674765503,-0.42018658837890277,-2.380996605408805,-2.6487848750492287,2019-07-09
2951,3.869485515876148,0.5291183425571211,1.600979436169768,-1.5797242990806344,-1.7762726444832315,1.3323011987364872,-3.041911896375816,-3.1562775364615674,2019-07-10
2952,3.994870185007094,-0.3579240583918349,0.23747906991112944,-1.1237767237238738,-1.1837413854385725,-0.1783658215102379,-2.798868348631222,-1.8491343169000924,2019-07-11
2953,4.841600298007062,0.32222909277379014,0.91499540389073,-0.997000238333222,-1.6324132218463399,0.131170117827618,-3.026894726915913,-2.2337322021573236,2019-07-12
2954,3.935664745613856,-1.6004717010026472,-2.1914692621534275,-1.001469589008587,-1.5893648261690836,-0.2987605760814348,-2.9251485702716953,-2.0069300697708377,2019-07-15
2955,3.846459627218902,-1.8736529796171908,-1.1368745130839666,-0.7598073422306781,-0.7571425805386582,-0.6968025503432488,-3.039870907836198,-2.082926037005057,2019-07-16
2956,2.672764719077165,-2.8519063403557547,-1.8699737678101234,-0.7916577767346019,-1.1830426240107568,1.2043509810519735,-3.913526303709757,-3.0856982661575647,2019-07-17
2957,3.006503435271087,-1.7986596895547453,1.0127010982854603,-0.5353534977645332,-0.9351080692304361,1.9534647735357669,-4.075084808784662,-3.0133349389965045,2019-07-18
2958,2.546339103298539,-3.1405790556660356,-0.6445035472562611,-0.4938426687843583,-0.07466554133602324,0.5037104020408035,-3.173077436933907,-1.5362847750151758,2019-07-19
2959,2.822651168286892,-2.3774810438330523,1.9252687066345842,-0.7606936785304184,0.3578607909213154,0.736804511026821,-3.126635932944867,-2.147119087593924,2019-07-22
2960,3.3490338213702953,-2.1181961352623793,1.5110001302361842,-0.9080541517774797,0.2147714102235199,-0.7737481371423544,-2.5531835647363077,-1.4830014678118844,2019-07-23
2961,3.885200840830348,-1.5743736003186743,1.9897371856077855,-0.9613530133750735,-0.16229355842177137,-0.5310694075059019,-2.9846215393563438,-2.511714870171147,2019-07-24
2962,3.444948078463344,-2.957162729003282,-0.8091994985139539,-0.8776798630461968,-0.42855932006857556,-1.0926450257234575,-2.7753507695683814,-1.595319168961498,2019-07-25
2963,4.002434563488394,-1.7868274857368855,1.8006948195939212,-1.0617361270711494,-0.1528035030386667,-1.2596041070638333,-2.7229683164548573,-1.8208351959910116,2019-07-26
2964,3.190214259147186,-3.1578217478757304,-0.5917519524848263,-1.017604383037135,-0.567338740733733,-0.43714190018500915,-2.8086719312937842,-1.4019569258827331,2019-07-29
2965,3.3145795526279196,-2.568095424652833,1.8188806256085939,-1.007658930050394,-0.18087481927615762,0.523962573853135,-2.9581732371495537,-1.5822238504457515,2019-07-30
2966,1.9969828916985641,-4.947051602599429,-2.020976896538877,-1.2083867074790329,0.3402878677965783,-0.1353837684722716,-2.2398587817718294,-0.313526437190623,2019-07-31
2967,-0.008343697340869129,-6.206528731073586,-2.974888880225663,-1.2913440791504727,-0.16107121463346505,2.266748311579261,-3.3182583842478635,-2.0912852797476673,2019-08-01
2968,-0.49374733603841625,-5.564273456654617,-0.16225148317642263,-1.439200642742542,0.4373336443123745,2.2239608398886292,-2.559389651952281,-1.145962292294496,2019-08-02
2969,-3.6097830409778116,-8.613782152459045,-3.925566911604587,-1.8980231250082362,-0.13867872512415938,5.0322557905418845,-3.6646127284656336,-1.8831752995616913,2019-08-05
2970,-1.9261966519900933,-4.211717708869496,4.091470876611975,-2.3384327994784946,0.7995251698654123,3.53960127479202,-2.6123994932275676,-1.4962532067059795,2019-08-06
2971,-2.6063895670759107,-4.945984124890559,1.5703972419984424,-2.508690736256086,-0.04577318907227959,3.834523122088861,-2.7611786327074195,-1.5078357775669728,2019-08-07
2972,-1.057495422216055,-1.7483008108159699,7.017522415269789,-2.866039443685761,0.48842310629995256,3.128734737695458,-2.161205007934729,-1.3964918867477667,2019-08-08
2973,-2.1034524995061274,-4.112067790581533,0.6576858963463026,-3.132827785648902,-1.0135230055154971,3.33542454160962,-2.150231383627071,-0.621633305892624,2019-08-09
2974,-3.161861709764578,-5.159074305913286,-0.5081905823480535,-3.4727254835532135,-0.9066595972471393,4.465906290775199,-2.1988502490216244,-0.9136622819172608,2019-08-12
2975,-1.7600194953860337,-2.2414407329790396,3.858103382132594,-3.632274502673225,-0.7812740000525366,2.7173485630349514,-1.2373958096801714,0.21122638927242748,2019-08-13
2976,-5.27173907451106,-6.555097409766261,-2.961197080446974,-4.112358596481091,-1.2810603078936897,3.719684595187468,-1.8446457756371277,-0.37774242498773686,2019-08-14
2977,-4.899244213265458,-4.282839850056314,1.7295012772897675,-4.509281214157966,-0.9859548404639173,3.8928094940529654,-1.6755615912801032,-0.8282162837833116,2019-08-15
2978,-3.5529526541867273,-2.229516982496498,3.6646462105146633,-4.632456855948302,-0.9542857604947412,2.248488675838127,-1.0897256899373071,0.1827099183034932,2019-08-16
2979,-2.517584035056258,-0.696389342972605,5.293770269917432,-4.547609839373084,-0.7112417354038171,1.458209275919175,-0.8705565696816246,0.5944835712580002,2019-08-19
2980,-3.8664572547882066,-2.566836779957756,0.3180586637489012,-4.927956124498058,-2.138324937616772,2.40756526376355,-1.392252189510475,-0.10503733250476938,2019-08-20
2981,-3.102419332331444,-0.9172818224781338,2.8986624477771414,-5.014353745104232,-1.8606462731936972,1.4514475557660385,-0.7019843715631939,1.0315734479370064,2019-08-21
2982,-3.2893913724010875,-2.187389552565346,-1.1536036050089673,-5.036172292092344,-2.331754904927346,1.454275647807104,-0.9952917168215305,1.1035681949272922,2019-08-22
2983,-5.533945737827597,-3.6431976540844904,-1.5496088566751518,-5.309155633618217,-2.6793916723818443,3.7387958068268814,-1.8743543125989321,0.10359566018342575,2019-08-23
2984,-4.566380987757794,-1.5102454289224796,2.2610499549417566,-5.458144828705056,-1.8949901260208555,2.1959858259283296,-1.146119746666455,1.1860002853106777,2019-08-26
2985,-5.30117583773049,-2.6880903628656023,-1.1041335882339867,-5.722418408536188,-3.027998630722126,3.572832874751728,-1.6908827428797175,0.019404389495233987,2019-08-27
2986,-4.348710357592747,-0.4343966932549344,3.6516423198060224,-5.861965643819433,-2.0576012280389877,2.5297118643398666,-0.9604920658684111,0.7776764944360377,2019-08-28
2987,-3.190203116398946,0.5478889167688752,3.240138793096941,-5.974121361165217,-2.4915400913211982,1.213884794798929,-0.597238890658985,1.4638614405143913,2019-08-29
2988,-3.6211496117700914,-0.9382652407589933,-0.3016448963225788,-6.264872727967271,-2.5659659162135924,0.2994076768437424,-0.6037207861633513,1.4313320570814658,2019-08-30
2989,-4.707876744152386,-1.7327206401252253,-1.3379440448365147,-6.450183264679862,-3.218161124131837,1.0368840632799283,-1.0725386274288238,0.8251916665150218,2019-09-03
2990,-2.750025141930783,2.0138858809242413,4.467792108834088,-6.352329714974264,-3.634879373964076,1.3500635689659273,-0.8013088313501028,0.5926942634370569,2019-09-04
2991,-2.1104100879873573,2.194248190767018,3.3814154875287685,-6.06164898347232,-2.8382486192911616,-1.3116050744504824,0.012933973633097114,2.1842981737843554,2019-09-05
2992,-2.3895892563345495,1.8036071212124027,1.7399542698057182,-6.246318622542978,-3.1743502759987123,-1.4254237919361397,0.21372131515263332,1.6637984034583695,2019-09-06
2993,-1.9101629194403673,2.301025545702317,1.394706249033785,-5.915382166057908,-3.453541932734304,-1.4244886817425133,0.09276548904815585,2.566543382351573,2019-09-09
2994,-1.7333832131578333,2.131045705168403,-0.17618319409898736,-5.757220150248289,-3.4759504277489777,-2.3906459056678173,0.06660191836640333,2.7211774125754666,2019-09-10
2995,-1.209893429078219,3.0505930107391075,1.254104593980803,-5.812812327253221,-3.2424000983921646,-2.761563492463643,-0.1084989628499265,2.0049724173586685,2019-09-11
2996,-1.4254314650905846,2.544098324442217,0.23354767016329653,-5.85465080606762,-3.186212022950128,-2.741461811830833,-0.17629898355254137,2.3429424209345187,2019-09-12
2997,-0.03192518857436153,3.354697464332302,-0.2601951366697786,-5.386778678457723,-3.6986700616652426,-3.9773595733460994,-0.038051391176496696,2.8039817770773103,2019-09-13
2998,0.38493935163862736,4.07108925338718,0.5703849880018685,-4.975556949209281,-5.126597116620095,-1.838112336008745,-0.6187939400085647,1.5145973114676996,2019-09-16
2999,-0.6026638548125162,2.4188298056573654,-1.0910411226589798,-4.923943952725116,-4.77430932845101,-2.5440257851244414,-0.3974231648296316,1.9552374563646147,2019-09-17
3000,-0.957936407080723,1.5546756483619975,-1.4540848703102975,-4.94090740735081,-4.342233851101209,-3.108882988185538,-0.031278079697727224,2.0035698140267786,2019-09-18
3001,-0.8646127429262072,1.3980244180300034,-0.9483988169399966,-4.815887280271265,-4.531461277255576,-2.497971200058667,-0.33569699493879795,1.4668025472349766,2019-09-19
3002,-1.485066370819329,0.656069712634688,-0.9693965748919999,-4.850910283495415,-4.42308796234321,-1.427574305643352,-0.5669062259883976,0.7460255927512662,2019-09-20
3003,-1.1413175786496268,1.1184835592467512,0.7231154718134774,-4.699948653018842,-4.079009481873639,-1.643967455973891,-0.3698668152209149,0.8628385629731427,2019-09-23
3004,-1.3838703508655532,-0.5752429563643805,-2.9523686476495365,-4.694619016806467,-4.768505315687212,-1.5140550665440813,-0.7773788780419256,-0.051806552455407495,2019-09-24
3005,-0.642694406151599,0.7691390746010701,1.7148008745198573,-4.2429207206746975,-3.0043503934129987,-4.386690904364265,0.24460271948772583,1.8151828157177146,2019-09-25
3006,-0.9273770299109475,-0.45946570889024957,-0.5285488240458682,-4.087247263538499,-3.5056939128561795,-3.0438190507103218,-0.21200586450383382,0.19576403871227738,2019-09-26
3007,-1.2804584468630724,-0.824893926659908,0.8516005077789504,-3.8643302450188175,-2.8107080229106676,-2.3754172853574707,-0.3512875503861337,0.012321325037046027,2019-09-27
3008,-1.5094066841604783,-1.4440985957589934,0.3973939646098902,-3.7658306929950167,-2.4470884995624402,-3.2724149522537678,0.11113563137984683,0.11096897355713936,2019-09-30
3009,-2.6734871830706255,-3.2004775119592566,-1.0551542961743743,-3.4923938331565387,-2.534378828843401,-1.309290478336637,-0.6042356922641385,-0.3448413679890524,2019-10-01
3010,-3.667640523212141,-4.22026209133791,-1.2561256389351754,-3.361273772348964,-2.4215506442589843,-0.6712654697101107,-0.8770553987308066,-0.46771545625473787,2019-10-02
3011,-2.9391969947097603,-2.4459768552348757,3.3756471421449596,-3.472145101925188,-1.8651780795416684,-0.31915032316309905,-0.6038916617131316,-0.8386536713425594,2019-10-03
3012,-2.079686055511069,-1.7936726192505703,4.073074587783306,-3.513445509549264,-1.999847436509428,-0.06395992180908999,-0.5440272205914833,-1.113883607269189,2019-10-04
3013,-2.2891732539278933,-2.9555735135056302,2.410577576436029,-3.209575232567818,-1.5522701189826769,-0.8960583706971096,-0.27457701296323245,0.14816580519654282,2019-10-07
3014,-3.892404565305971,-5.547181509408478,-1.1073372347464927,-3.3276309759495852,-1.8297862717832782,0.21606328283175685,-0.7725678847515354,-0.1282995020127718,2019-10-08
3015,-2.711232259941988,-3.36313647599014,3.1722163026093066,-3.3182764035592944,-1.5875492095227857,0.3529494998490968,-0.6143225590201169,-0.09316340065867063,2019-10-09
3016,-1.9088503792894842,-2.2237809960434336,5.217015717717254,-2.9791044931009227,-1.2035210356612884,-0.030774114209301814,-0.34144147447423284,0.9059830175140671,2019-10-10
3017,-0.7068302519052301,-0.4891968199326057,6.91874617222782,-2.726032159216395,-1.3010293764299574,-0.43310993316336277,-0.1581120921771083,1.2493735351290212,2019-10-11
3018,-1.4907881240243515,-2.7070602760684754,0.25756143155129835,-3.077522056029648,-2.400250692057115,-0.8019211060459764,-0.005664019832403835,0.9891142467131773,2019-10-14
3019,-0.49815806883258723,-1.3996480469628374,1.9830045701028953,-3.23168272983136,-1.4872701947742604,-1.4529645446969996,0.06753874058996134,1.462463784680529,2019-10-15
3020,-1.0211938100815852,-2.0008848290965435,-0.034698541370883705,-3.3721425073292526,-1.93337660495428,-0.6254938258550781,-0.29026462741092773,1.0332486222004569,2019-10-16
3021,-0.46651531691254944,-0.2867086523799579,3.078335114235386,-3.3593887809562486,-1.5591719857874353,-0.08998462064783957,-0.31358794877500773,1.3367290177525324,2019-10-17
3022,-1.1908208340846052,-1.5532376343512855,-0.873188916722391,-3.4372761992707543,-2.1337615625572126,-0.19043900595825108,-0.4317087446850906,1.521288145833705,2019-10-18
3023,-0.42837309872301277,0.11944642175229275,1.9720849074875346,-3.4463621113487077,-1.50660312729423,-1.1277644046614994,-0.1323241125717871,2.0522136296191595,2019-10-21
3024,-0.9539652044381208,-0.6464672896063142,-0.6703873531448985,-3.577945187545006,-2.1246247884180334,-0.7765421335608885,-0.20950215115894522,1.810570415740813,2019-10-22
3025,-0.0603688246404813,1.0036773557708623,1.8990117945158027,-3.5251282294842037,-2.0791234367090254,-0.6226659012068582,-0.11456186463602197,1.7517817536217064,2019-10-23
3026,-0.4676783327724,0.2581650705796999,-0.4638774762406961,-3.7131603439438337,-2.506160665453019,-0.3708138245887454,-0.15362797900695074,1.8717768019429901,2019-10-24
3027,0.28618270354643094,1.7535903140497768,1.9226016691456884,-3.6600072048324903,-2.1793680768850088,-0.8063732693956224,0.04973042987353182,2.208531994919163,2019-10-25
3028,0.304103472245809,1.19753932484923,-0.09395467445179366,-3.626254951391999,-2.119774897778639,-1.8546870410119831,0.01669563335421864,2.706817478613234,2019-10-28
3029,0.37152497372938986,1.3720922263495683,0.015671619994756143,-3.693418045086456,-2.220810764062561,-1.0767931268056938,-0.2865106694915235,2.4160302679149805,2019-10-29
3030,0.4458089332994407,1.0181920933245936,-2.047150002718114,-3.909191399881689,-2.880377678548037,-1.0282197059316573,-0.5594825376967946,1.2281114038509164,2019-10-30
3031,0.41869730762674673,1.0173076252305533,-2.0413967683466323,-4.02515570063405,-3.105679013512937,-0.5958287600090333,-0.9465521481085688,0.49235335923976714,2019-10-31
3032,2.5167502478540147,3.805459189440754,2.1935003994193645,-3.7474849692975845,-2.5582121381952345,-1.0301770646816055,-0.5680448976691076,0.9922985850011963,2019-11-01
3033,2.605496775570801,3.434647001859976,1.3132167222300974,-3.5059665285482517,-2.2999814082511283,-1.845677632408611,-0.3809730596700557,1.92648362439365,2019-11-04
3034,2.734531068598219,2.769285430125606,-0.23740113960857995,-3.4461368553334673,-2.007486433080046,-3.1897564298050485,-0.04495136057254456,2.3571013788243063,2019-11-05
3035,2.8197709216903286,2.126258391626881,-2.8459882308028055,-3.6240344797348922,-3.3098318828953213,-3.4814056050516475,-0.7423938351945971,0.4297064595539383,2019-11-06
3036,3.6583159175265596,2.978078121274413,0.09218708734015933,-3.2399120184712644,-2.0959732319954165,-4.476611893196554,-0.41543351311931875,1.3124237980790856,2019-11-07
3037,4.050446130198351,2.654485698465441,-0.027712844836483654,-3.171434788840507,-1.8258297501366514,-4.398929884470599,-0.6240140581262344,0.5807239860224451,2019-11-08
3038,3.3335110437285156,1.3244950995988822,-0.4095229773530708,-3.1764416668491475,-1.5127118980702106,-3.612178722006289,-0.9809991353598099,0.23903087668592926,2019-11-11
3039,4.193641881238509,0.8035418288852294,-2.2740328654132074,-3.0401779202278267,-1.7238374665183327,-3.4810474501902604,-1.2874740934305224,-0.43734565679965937,2019-11-12
3040,3.8279322999964975,0.0944902952812281,-1.9276783864399458,-2.9897651029693724,-1.5871551891855264,-2.3516985187392763,-1.643754355510214,-0.8813998992115312,2019-11-13
3041,3.7208110688963147,0.14422452915470038,-0.7518450509077627,-3.0813752955435647,-1.5606325553510012,-2.1360524556755185,-1.9012755943066144,-1.6282670093399014,2019-11-14
3042,4.405938782932964,1.251972795340488,1.5649414585417414,-3.0666433425850648,-1.5123165605806932,-2.4163252361624843,-1.7305569736198503,-1.371478309784684,2019-11-15
3043,4.210094913581527,-0.14393180541950226,-1.418046340907508,-3.0883573759778176,-1.8582088945830868,-2.620762401626002,-2.32587179854892,-1.9528722626477766,2019-11-18
3044,3.363416676967197,-1.1021722079905738,-1.4869043070000096,-3.2466019651876006,-1.4358601821750183,-2.6972787956258544,-2.526612403962111,-2.178838292179274,2019-11-19
3045,3.5751439991904546,-0.6531107233053439,-0.4167361008932795,-3.175691781221336,-1.8123690551064162,-1.9784723156795243,-2.650993458253859,-2.5884830817007907,2019-11-20
3046,4.54696705656335,-0.314762035443103,0.8008983873573645,-2.881706792731368,-0.9165520799402138,-2.3244670956414115,-2.4936150642741928,-1.9391048992653424,2019-11-21
3047,4.709946369840151,-0.21414221033828149,1.0174914910357158,-2.987994063102963,-0.7530249749540922,-3.73887928513786,-2.825672891248818,-2.376232821323374,2019-11-22
3048,5.428763980238701,0.05204280437488332,1.4604171415243776,-2.9328787898029103,-0.7478653523683861,-3.454528246081833,-2.380747480575358,-2.3627061162768044,2019-11-25
3049,5.079159613327182,-1.0160484168428543,-0.8569805488045188,-3.1773787600958436,-1.4317873378273762,-2.5249818337804655,-2.700236457356627,-3.282768521612825,2019-11-26
3050,5.341501838833876,-0.5095390543667248,0.5416695140921013,-3.006221194546366,-1.3416753462756064,-3.3347735242825616,-2.6510407019823847,-2.5625918386830073,2019-11-27
3051,4.351886615109981,-2.114383396911558,-1.7276916480934021,-2.925416503731547,-1.4684136394436775,-2.7945338137608404,-3.2144441204115757,-2.5617399382075026,2019-11-29
3052,4.26837905021314,-2.354215366063145,-0.8185020542731775,-2.6078488658369703,-0.9561063534573634,-2.094103402079812,-3.4449629478141413,-1.3859512593322583,2019-12-02
3053,2.5636820704099543,-4.030722770147075,-1.8064292301833234,-2.861023120594844,-1.1679893914818764,-0.28136204972766526,-3.605642258939657,-2.3343037499965043,2019-12-03
3054,3.6904750983031027,-1.5673548889004951,3.6366555802318166,-2.7385930467404074,-0.741730805374294,-0.35381233273829377,-3.064623274540975,-1.4346181097446085,2019-12-04
3055,3.6140392621993254,-2.408753152778384,1.037662422117486,-2.7752753776276538,-1.374591407652665,-0.40403812053551885,-3.0864120033585056,-1.2246456592008186,2019-12-05
3056,4.561116128745713,-0.9408588228194746,3.3776022827091605,-2.7917413997377163,-0.9682812839710091,-2.0661031995285675,-2.2818660374019633,-0.4247883799397619,2019-12-06
3057,3.36916847210162,-3.296125328502345,-1.4676130525698647,-3.128181980614849,-2.0038404757775767,-0.7022498456318232,-2.870915282246239,-0.8056147705927919,2019-12-09
3058,3.4672479730778596,-2.2427189318666567,1.4622119329244332,-3.1811395225499894,-1.8521027335314515,-0.10976752650506566,-2.66051198040463,-0.7642717537685916,2019-12-10
3059,3.374556648356168,-2.291323847961081,0.4761426725092783,-3.2087463565143524,-2.6059440922109216,0.33146323356993596,-2.766596668848875,-1.2829974190387345,2019-12-11
3060,4.5861544096118845,-0.24190929776227452,4.157660183905151,-2.9864546129685663,-1.9272951808569787,-1.0927392154342985,-2.13486679970645,0.05162150843728214,2019-12-12
3061,4.115014541863419,-1.7243916968708453,-0.38269024171536875,-3.3097118536216583,-3.0363654234938564,-0.7589004187006113,-2.313295771863544,-1.0350494959684466,2019-12-13
3062,5.072436026651285,-0.3556742274190518,1.944891868482088,-3.0753764199001767,-2.7903630481311517,-1.11528111825088,-2.079842484691047,-0.34147517463644855,2019-12-16
3063,4.885616790565901,-1.305873116324154,-0.6011144650104829,-3.072937007940005,-3.0441092061586468,-1.102761810893329,-2.121956946022538,-0.4587684851917677,2019-12-17
3064,5.105955663469572,-0.784466940370143,1.0163112939996772,-2.970659416664381,-2.5835035361227043,-1.5268740692714649,-1.808208338543635,0.16531033452977162,2019-12-18
3065,5.45423099654449,-0.9391798035791203,-0.2028925809433056,-2.9877300163036984,-3.081918439670981,-1.4161579933064932,-1.8483753354054062,-0.08660368275875935,2019-12-19
3066,5.49490950400881,-0.9419515274566821,-0.02262763479943524,-3.0499855219066494,-2.795896767763047,-2.0843460097421764,-1.7316695568139688,-0.05172423399279247,2019-12-20
3067,5.963393756411257,-0.7125880838251677,-0.3327254242385756,-2.9518808222193766,-3.054709899185053,-1.4456526917937194,-2.02740826228126,-0.4955376404238186,2019-12-23
3068,5.760905961639942,-0.5478669454806078,0.03564856249687604,-3.086135296622962,-3.287958195818529,-0.6492487532178702,-2.0517622208936794,-0.35914242736115126,2019-12-24
3069,5.839295441189549,-0.3944466690526233,-0.14732258315828212,-3.0635815175832186,-3.4816463032513614,0.08043450215326814,-2.250360048598337,-0.432484273889196,2019-12-26
3070,5.517738135900873,-0.8830399295308236,-1.0458502525119526,-2.9925321088176235,-3.4439064131118733,0.41770544331845777,-2.289947883370144,0.015109253400018719,2019-12-27
3071,4.851508092738515,-1.316747458115654,-0.9872288744443444,-3.012262661612955,-3.229776657333911,1.1767605476344694,-2.376282869369305,0.635348059580952,2019-12-30
3072,6.210422982913894,0.2161954885126525,0.4396641822565884,-2.817614943860781,-3.2114797160565933,0.6848841932915918,-2.028589672305261,0.951730997231365,2019-12-31
